round,loss,accuracy,f1,dp_epsilon,dp_epsilon_mean,dp_epsilon_max,fit_wall_s,comm_bytes_down,comm_bytes_up,dp_clip_norm,dp_noise_multiplier,dp_target_epsilon,memory_usage_mb,prox_mu
1,1.6781810522079468,0.35529891304347827,0.24166012240849502,0.13652319365409382,0.16353734577795842,0.32239519259287464,1.8528758739166862,109079.99999999999,109079.99999999999,1.0,14.49,4.0,871.8587815177843,0.01
2,1.4905067682266235,0.4055706521739131,0.3101352746773782,0.13652319365409382,0.16353734577795842,0.32239519259287464,0.5303093365214206,109079.99999999999,109079.99999999999,1.0,14.49,4.0,1533.7991787948856,0.01
3,1.3797425031661987,0.47690217391304346,0.39622658331871646,0.13652319365409382,0.16353734577795842,0.32239519259287464,0.5355019846989878,109079.99999999999,109079.99999999999,1.0,14.49,4.0,1534.7084126768227,0.01
4,1.221925139427185,0.48845108695652173,0.39755921123496724,0.13652319365409385,0.16353734577795842,0.32239519259287464,0.5268149865918891,109079.99999999999,109079.99999999999,1.0,14.49,4.0,1535.4026832622076,0.01
5,1.0932884216308594,0.5594429347826086,0.45913316596635667,0.13652319365409382,0.16353734577795842,0.32239519259287464,0.5232128678325471,109080.0,109080.0,1.0,14.49,4.0,1535.7790264341336,0.01
6,0.9742976427078247,0.5985054347826086,0.5421116905187056,0.13652319365409382,0.16353734577795842,0.32239519259287464,0.5262384986073201,109080.0,109080.0,1.0,14.49,4.0,1536.0817491201376,0.01
7,0.959583044052124,0.6073369565217391,0.5113960187423735,0.13652319365409385,0.16353734577795842,0.32239519259287464,0.5200756081299891,109079.99999999999,109079.99999999999,1.0,14.49,4.0,1536.200254288799,0.01
8,0.8894562125205994,0.6233016304347826,0.553455918770118,0.13652319365409382,0.16353734577795842,0.32239519259287464,0.5288590175607387,109080.0,109080.0,1.0,14.49,4.0,1536.2739799756869,0.01
9,0.8515844941139221,0.6480978260869565,0.6242792768408828,0.13652319365409382,0.16353734577795842,0.32239519259287464,0.5288988353767645,109079.99999999999,109079.99999999999,1.0,14.49,4.0,1536.4123351851538,0.01
10,0.8293437361717224,0.623641304347826,0.5992497727683959,0.13652319365409385,0.16353734577795842,0.32239519259287464,0.5310740773773815,109079.99999999999,109079.99999999999,1.0,14.49,4.0,1536.5432306897783,0.01
11,0.7956438660621643,0.6487771739130435,0.6342373860775378,0.13652319365409382,0.16353734577795842,0.32239519259287464,0.5329195388123572,109079.99999999999,109079.99999999999,1.0,14.49,4.0,1536.782170774109,0.01
12,0.7865276336669922,0.663383152173913,0.6404422850497868,0.13652319365409382,0.16353734577795842,0.32239519259287464,0.5339515322051188,109079.99999999999,109079.99999999999,1.0,14.49,4.0,1536.921354839669,0.01
13,0.804248571395874,0.6005434782608695,0.5233833757062111,0.13652319365409382,0.16353734577795842,0.32239519259287464,0.5317694486095544,109079.99999999999,109079.99999999999,1.0,14.49,4.0,1536.9901498954366,0.01
14,0.8463517427444458,0.577445652173913,0.5175610104187973,0.13652319365409382,0.16353734577795842,0.32239519259287464,0.5327771346898541,109079.99999999999,109079.99999999999,1.0,14.49,4.0,1537.0412201824333,0.01
15,0.8053499460220337,0.6565896739130435,0.6014983676389613,0.13652319365409382,0.16353734577795842,0.32239519259287464,0.5343858379145053,109079.99999999999,109079.99999999999,1.0,14.49,4.0,1537.041220182433,0.01
16,0.816490650177002,0.6603260869565217,0.6096111023717087,0.13652319365409385,0.16353734577795842,0.32239519259287464,0.5415358250885717,109079.99999999999,109079.99999999999,1.0,14.49,4.0,1537.1291511876018,0.01
17,0.7821860313415527,0.6661005434782609,0.6355506280950385,0.13652319365409385,0.16353734577795842,0.32239519259287464,0.5409365281770746,109080.0,109080.0,1.0,14.49,4.0,1537.161497827972,0.01
18,0.8319118022918701,0.6375679347826086,0.5987769095840164,0.13652319365409382,0.16353734577795842,0.32239519259287464,0.5292347865473069,109079.99999999999,109079.99999999999,1.0,14.49,4.0,1537.2626820295498,0.01
19,0.7758358120918274,0.6847826086956522,0.6681969737217011,0.13652319365409382,0.16353734577795842,0.32239519259287464,0.5329790745777716,109079.99999999999,109079.99999999999,1.0,14.49,4.0,1537.26268202955,0.01
20,0.8277750015258789,0.6593070652173914,0.6248610659617292,0.13652319365409382,0.16353734577795842,0.32239519259287464,0.5282207343471971,109079.99999999999,109079.99999999999,1.0,14.49,4.0,1537.3086516636629,0.01
21,0.7606304883956909,0.686820652173913,0.6654021201358452,0.13652319365409385,0.16353734577795842,0.32239519259287464,0.543407411064235,109079.99999999999,109079.99999999999,1.0,14.49,4.0,1537.3609121029992,0.01
22,0.7782042622566223,0.6844429347826086,0.6507949310382287,0.13652319365409385,0.16353734577795842,0.32239519259287464,0.5367465045169336,109079.99999999999,109079.99999999999,1.0,14.49,4.0,1537.3932587433687,0.01
23,0.7889453768730164,0.6708559782608695,0.6580145394200397,0.13652319365409382,0.16353734577795842,0.32239519259287464,0.541136796054176,109079.99999999999,109079.99999999999,1.0,14.49,4.0,1537.458462089397,0.01
24,0.9066912531852722,0.6423233695652174,0.6038746369680839,0.13652319365409382,0.16353734577795842,0.32239519259287464,0.5316385733484573,109080.0,109080.0,1.0,14.49,4.0,1537.4584620893975,0.01
25,0.7861506938934326,0.6922554347826086,0.6783590494319256,0.13652319365409382,0.16353734577795842,0.32239519259287464,0.5289367074157001,109079.99999999999,109079.99999999999,1.0,14.49,4.0,1537.4584620893975,0.01
26,0.9340332746505737,0.6396059782608695,0.6004455799705156,0.13652319365409382,0.16353734577795842,0.32239519259287464,0.5381737056312934,109080.0,109080.0,1.0,14.49,4.0,1537.4693859876566,0.01
27,0.8108648657798767,0.6980298913043478,0.6815508500261185,0.13652319365409385,0.16353734577795842,0.32239519259287464,0.5339453478178599,109079.99999999999,109079.99999999999,1.0,14.49,4.0,1537.4972270513126,0.01
28,1.0297260284423828,0.625679347826087,0.5583837230721319,0.13652319365409382,0.16353734577795842,0.32239519259287464,0.5416744180161494,109080.0,109080.0,1.0,14.49,4.0,1537.571165265404,0.01
29,0.7580283284187317,0.693953804347826,0.6779851473634038,0.13652319365409385,0.16353734577795842,0.32239519259287464,0.5517430895690172,109079.99999999999,109079.99999999999,1.0,14.49,4.0,1537.6037669384182,0.01
30,0.9015999436378479,0.657608695652174,0.6153399521412447,0.13652319365409385,0.16353734577795842,0.32239519259287464,0.5574872968829885,109079.99999999999,109079.99999999999,1.0,14.49,4.0,1537.6263798328685,0.01
31,0.8530128002166748,0.6841032608695651,0.6594626604700599,0.13652319365409385,0.16353734577795842,0.32239519259287464,0.5592525085764688,109079.99999999999,109079.99999999999,1.0,14.49,4.0,1537.6403003646967,0.01
32,0.753646194934845,0.734375,0.7234665627580315,0.13652319365409382,0.16353734577795842,0.32239519259287464,0.5789845503777492,109080.0,109080.0,1.0,14.49,4.0,1537.7254387624118,0.01
33,0.8161158561706543,0.6976902173913043,0.6845458909864081,0.13652319365409382,0.16353734577795842,0.32239519259287464,0.5847067281003875,109079.99999999999,109079.99999999999,1.0,14.49,4.0,1537.7254387624114,0.01
34,1.04856276512146,0.6681385869565217,0.625412424522913,0.13652319365409385,0.16353734577795842,0.32239519259287464,0.5962912551856016,109079.99999999999,109079.99999999999,1.0,14.49,4.0,1537.779484430257,0.01
35,0.8493632674217224,0.7126358695652174,0.6917116686191251,0.13652319365409382,0.16353734577795842,0.32239519259287464,0.6686009535073455,109079.99999999999,109079.99999999999,1.0,14.49,4.0,1537.7794844302568,0.01
36,1.046972393989563,0.671195652173913,0.636284193223237,0.13652319365409385,0.16353734577795842,0.32239519259287464,0.6571768014747508,109079.99999999999,109079.99999999999,1.0,14.49,4.0,1537.8006733924442,0.01
37,0.810619056224823,0.708899456521739,0.6867578156909063,0.13652319365409382,0.16353734577795842,0.32239519259287464,0.6773425468423031,109079.99999999999,109079.99999999999,1.0,14.49,4.0,1537.8558879599088,0.01
38,0.8200198411941528,0.7228260869565217,0.7154615100886889,0.13652319365409388,0.16353734577795842,0.32239519259287464,0.6813403088457567,109080.0,109080.0,1.0,14.49,4.0,1537.8785008543593,0.01
39,0.8304818272590637,0.7055027173913043,0.694319643331288,0.13652319365409382,0.16353734577795842,0.32239519259287464,0.6806697938530437,109079.99999999999,109079.99999999999,1.0,14.49,4.0,1537.8785433598,0.01
40,1.0104173421859741,0.688179347826087,0.6700532097023332,0.13652319365409382,0.16353734577795842,0.32239519259287464,0.6761662267367391,109079.99999999999,109079.99999999999,1.0,14.49,4.0,1537.8785433598002,0.01
41,0.878766655921936,0.7061820652173914,0.6926422443942201,0.13652319365409382,0.16353734577795842,0.32239519259287464,0.6805435318552501,109079.99999999999,109079.99999999999,1.0,14.49,4.0,1537.8785433598,0.01
42,0.8234151601791382,0.7109375,0.6941583820947311,0.13652319365409382,0.16353734577795842,0.32239519259287464,0.6738198685892517,109079.99999999999,109079.99999999999,1.0,14.49,4.0,1537.9014537923356,0.01
43,0.8681976199150085,0.7055027173913043,0.6879601227024548,0.13652319365409385,0.16353734577795842,0.32239519259287464,0.6904994816204151,109080.0,109080.0,1.0,14.49,4.0,1537.9014537923354,0.01
44,0.8987575769424438,0.7112771739130435,0.6872271636329792,0.13652319365409382,0.16353734577795842,0.32239519259287464,2.0609750603695556,109080.0,109080.0,1.0,14.49,4.0,1537.9608763984293,0.01
45,1.048121452331543,0.7116168478260869,0.6676221413021896,0.13652319365409385,0.16353734577795842,0.32239519259287464,0.6761417892863884,109079.99999999999,109079.99999999999,1.0,14.49,4.0,1538.0260797444573,0.01
46,0.8766186237335205,0.7231657608695651,0.7052909587517868,0.13652319365409385,0.16353734577795842,0.32239519259287464,0.6857178363953115,109079.99999999999,109079.99999999999,1.0,14.49,4.0,1538.0260797444573,0.01
47,0.9290842413902283,0.7061820652173914,0.6839273763986751,0.13652319365409385,0.16353734577795842,0.32239519259287464,0.6721997426111368,109080.0,109080.0,1.0,14.49,4.0,1538.0260797444573,0.01
48,0.8572517037391663,0.708899456521739,0.6913066418763284,0.13652319365409385,0.16353734577795842,0.32239519259287464,0.5770558048449091,109080.0,109080.0,1.0,14.49,4.0,1538.029671454196,0.01
49,0.8501936197280884,0.6694972826086958,0.6561466671040553,0.13652319365409382,0.16353734577795842,0.32239519259287464,0.5518224918414253,109079.99999999999,109079.99999999999,1.0,14.49,4.0,1538.029671454196,0.01
50,0.8506934642791748,0.7017663043478262,0.6800427200693472,0.13652319365409385,0.16353734577795842,0.32239519259287464,0.5455047823529249,109079.99999999999,109079.99999999999,1.0,14.49,4.0,1538.029671454196,0.01
51,0.7879788875579834,0.7221467391304349,0.7086618160013115,0.13652319365409382,0.16353734577795842,0.32239519259287464,0.5423499149259208,109080.0,109080.0,1.0,14.49,4.0,1538.0508604163833,0.01
52,0.8926153779029846,0.708899456521739,0.6889543842403253,0.13652319365409385,0.16353734577795842,0.32239519259287464,0.5401100384657219,109079.99999999999,109079.99999999999,1.0,14.49,4.0,1538.0508604163833,0.01
53,1.0157991647720337,0.6987092391304349,0.67663319507504,0.13652319365409385,0.16353734577795842,0.32239519259287464,0.527614063128294,109079.99999999999,109079.99999999999,1.0,14.49,4.0,1538.0508604163833,0.01
54,0.8250207901000977,0.7252038043478262,0.7136198399304731,0.13652319365409382,0.16353734577795842,0.32239519259287464,0.5348954979691075,109079.99999999999,109079.99999999999,1.0,14.49,4.0,1538.0508604163833,0.01
55,1.0503664016723633,0.6953125,0.662562161776117,0.13652319365409385,0.16353734577795842,0.32239519259287464,0.529313765879684,109080.0,109080.0,1.0,14.49,4.0,1538.0617843146424,0.01
56,1.009877324104309,0.7038043478260869,0.6912299440479436,0.13652319365409382,0.16353734577795842,0.32239519259287464,0.5324774982166498,109079.99999999999,109079.99999999999,1.0,14.49,4.0,1538.0617843146424,0.01
57,0.9715753197669983,0.7102581521739131,0.6982940625525689,0.13652319365409382,0.16353734577795842,0.32239519259287464,0.5244514806615646,109080.0,109080.0,1.0,14.49,4.0,1538.0617843146422,0.01
58,1.1397607326507568,0.6817255434782609,0.6613905794102707,0.13652319365409382,0.16353734577795842,0.32239519259287464,0.5286152364120649,109080.0,109080.0,1.0,14.49,4.0,1538.0617843146422,0.01
59,1.0680692195892334,0.6830842391304349,0.6563076937778566,0.13652319365409382,0.16353734577795842,0.32239519259287464,0.5320295240725993,109079.99999999999,109079.99999999999,1.0,14.49,4.0,1538.1140447539788,0.01
60,1.3934911489486694,0.6728940217391305,0.6251532300078951,0.13652319365409385,0.16353734577795842,0.32239519259287464,0.5344342543329066,109080.0,109080.0,1.0,14.49,4.0,1538.1140447539785,0.01
61,1.1241414546966553,0.6691576086956522,0.6318183449206133,0.13652319365409385,0.16353734577795842,0.32239519259287464,0.5358977138477259,109080.0,109080.0,1.0,14.49,4.0,1538.1140447539785,0.01
62,1.326829433441162,0.6949728260869565,0.6540326654535509,0.13652319365409382,0.16353734577795842,0.32239519259287464,0.5299533229722551,109079.99999999999,109079.99999999999,1.0,14.49,4.0,1538.1176364637174,0.01
63,0.886014461517334,0.7048233695652174,0.6781445935622034,0.13652319365409385,0.16353734577795842,0.32239519259287464,0.5194265009983321,109079.99999999999,109079.99999999999,1.0,14.49,4.0,1538.1176364637172,0.01
64,1.1099772453308105,0.686141304347826,0.6389362846482988,0.13652319365409382,0.16353734577795842,0.32239519259287464,0.5308069535191612,109079.99999999999,109079.99999999999,1.0,14.49,4.0,1538.1176364637174,0.01
65,1.0744478702545166,0.6847826086956522,0.646741252955237,0.13652319365409385,0.16353734577795842,0.32239519259287464,0.5296660951937634,109080.0,109080.0,1.0,14.49,4.0,1538.2054952096369,0.01
66,0.9101490378379822,0.7275815217391305,0.6993355462266777,0.13652319365409382,0.16353734577795842,0.32239519259287464,0.5336109584641275,109079.99999999999,109079.99999999999,1.0,14.49,4.0,1538.2643439922808,0.01
67,1.1442185640335083,0.7075407608695651,0.6890043544595462,0.13652319365409388,0.16353734577795842,0.32239519259287464,0.5302908178317532,109079.99999999999,109079.99999999999,1.0,14.49,4.0,1538.2643439922808,0.01
68,1.3217065334320068,0.6925951086956522,0.6684090493660528,0.13652319365409382,0.16353734577795842,0.32239519259287464,0.5348023580259545,109080.0,109080.0,1.0,14.49,4.0,1538.264343992281,0.01
69,1.1392686367034912,0.7119565217391305,0.6986884518059192,0.13652319365409382,0.16353734577795842,0.32239519259287464,0.5281690207996098,109080.0,109080.0,1.0,14.49,4.0,1538.2643439922808,0.01
70,1.4021868705749512,0.7082201086956522,0.6716328471930201,0.13652319365409385,0.16353734577795842,0.32239519259287464,0.5367341678796318,109079.99999999999,109079.99999999999,1.0,14.49,4.0,1538.2643439922808,0.01
71,0.9773300886154175,0.7170516304347826,0.7012189208024495,0.13652319365409382,0.16353734577795842,0.32239519259287464,0.5271255988485796,109079.99999999999,109079.99999999999,1.0,14.49,4.0,1538.2643439922808,0.01
72,0.9344854950904846,0.7561141304347826,0.7438450533077862,0.13652319365409382,0.16353734577795842,0.32239519259287464,0.523970538760425,109080.0,109080.0,1.0,14.49,4.0,1538.264343992281,0.01
73,1.1061726808547974,0.7112771739130435,0.6898108337169514,0.13652319365409382,0.16353734577795842,0.32239519259287464,0.5243294893138687,109080.0,109080.0,1.0,14.49,4.0,1538.264343992281,0.01
74,1.2494994401931763,0.7177309782608695,0.7041297786999804,0.13652319365409382,0.16353734577795842,0.32239519259287464,0.5207830752459912,109079.99999999999,109079.99999999999,1.0,14.49,4.0,1538.3056805333579,0.01
75,1.165359616279602,0.7102581521739131,0.6975072100899848,0.13652319365409382,0.16353734577795842,0.32239519259287464,0.5361995338355885,109079.99999999999,109079.99999999999,1.0,14.49,4.0,1538.305680533358,0.01
76,1.1837191581726074,0.6953125,0.6631471053432201,0.13652319365409382,0.16353734577795842,0.32239519259287464,0.5554370253272881,109080.0,109080.0,1.0,14.49,4.0,1538.3056805333583,0.01
77,0.9740324020385742,0.7455842391304349,0.7282920213309688,0.13652319365409382,0.16353734577795842,0.32239519259287464,0.5453813199898364,109080.0,109080.0,1.0,14.49,4.0,1538.305680533358,0.01
78,1.157370924949646,0.7313179347826086,0.715578655349605,0.13652319365409382,0.16353734577795842,0.32239519259287464,0.5364400075102008,109079.99999999999,109079.99999999999,1.0,14.49,4.0,1538.305680533358,0.01
79,1.1398366689682007,0.7469429347826086,0.7332897665201581,0.13652319365409382,0.16353734577795842,0.32239519259287464,0.5309373678657773,109079.99999999999,109079.99999999999,1.0,14.49,4.0,1538.3056805333583,0.01
80,1.3162484169006348,0.7282608695652174,0.7142923919158896,0.13652319365409382,0.16353734577795842,0.32239519259287464,0.5399778742136452,109079.99999999999,109079.99999999999,1.0,14.49,4.0,1538.305680533358,0.01
81,1.3382669687271118,0.7269021739130435,0.7206915317159588,0.13652319365409385,0.16353734577795842,0.32239519259287464,0.5588090789460773,109080.0,109080.0,1.0,14.49,4.0,1538.305680533358,0.01
82,1.1335794925689697,0.7530570652173914,0.740733911382016,0.13652319365409382,0.16353734577795842,0.32239519259287464,0.533653806745033,109080.0,109080.0,1.0,14.49,4.0,1538.305680533358,0.01
83,1.7479255199432373,0.679008152173913,0.6494228944619715,0.13652319365409382,0.16353734577795842,0.32239519259287464,0.543351596730059,109079.99999999999,109079.99999999999,1.0,14.49,4.0,1538.3056805333583,0.01
84,1.2616907358169556,0.7472826086956522,0.7352623705086145,0.13652319365409382,0.16353734577795842,0.32239519259287464,0.5432547871124758,109079.99999999999,109079.99999999999,1.0,14.49,4.0,1538.3268694955452,0.01
85,1.2850959300994873,0.7336956521739131,0.7193545409039702,0.13652319365409385,0.16353734577795842,0.32239519259287464,0.5285449424947047,109079.99999999999,109079.99999999999,1.0,14.49,4.0,1538.3304612052843,0.01
86,1.376340627670288,0.7398097826086957,0.7294576322998116,0.13652319365409385,0.16353734577795842,0.32239519259287464,0.535189924483979,109080.0,109080.0,1.0,14.49,4.0,1538.330461205284,0.01
87,1.5303505659103394,0.7238451086956522,0.7023510598313857,0.13652319365409385,0.16353734577795842,0.32239519259287464,0.528545099646015,109079.99999999999,109079.99999999999,1.0,14.49,4.0,1538.3304612052843,0.01
88,1.1149086952209473,0.752038043478261,0.7434649877949714,0.13652319365409385,0.16353734577795842,0.32239519259287464,0.5251202269723807,109079.99999999999,109079.99999999999,1.0,14.49,4.0,1538.3530740997348,0.01
89,1.4016252756118774,0.7489809782608695,0.7379948810170037,0.13652319365409382,0.16353734577795842,0.32239519259287464,0.52410646663397,109079.99999999997,109079.99999999997,1.0,14.49,4.0,1538.3530740997348,0.01
90,1.6246099472045898,0.7432065217391305,0.7274284835542352,0.13652319365409385,0.16353734577795842,0.32239519259287464,0.5180748292813492,109080.0,109080.0,1.0,14.49,4.0,1538.3530740997346,0.01
91,1.7689317464828491,0.7211277173913043,0.700818196076254,0.13652319365409385,0.16353734577795842,0.32239519259287464,0.5346690705927722,109080.0,109080.0,1.0,14.49,4.0,1538.3530740997348,0.01
92,1.4051456451416016,0.7449048913043478,0.7337133915312624,0.13652319365409382,0.16353734577795842,0.32239519259287464,0.5320762039787492,109079.99999999999,109079.99999999999,1.0,14.49,4.0,1538.3530740997346,0.01
93,2.1751580238342285,0.7024456521739131,0.6595992019304705,0.13652319365409385,0.16353734577795842,0.32239519259287464,0.5397130791523511,109080.0,109080.0,1.0,14.49,4.0,1538.3639979979937,0.01
94,1.33968985080719,0.7686820652173914,0.7611680810760342,0.13652319365409385,0.16353734577795842,0.32239519259287464,0.5333929539569963,109079.99999999999,109079.99999999999,1.0,14.49,4.0,1538.3639979979937,0.01
95,1.312306523323059,0.7747961956521738,0.7614517837346817,0.13652319365409382,0.16353734577795842,0.32239519259287464,0.5299264860944467,109080.0,109080.0,1.0,14.49,4.0,1538.363997997994,0.01
96,1.2716079950332642,0.7659646739130435,0.7584231259011993,0.13652319365409385,0.16353734577795842,0.32239519259287464,0.5254486790808552,109079.99999999999,109079.99999999999,1.0,14.49,4.0,1538.363997997994,0.01
97,1.5960493087768555,0.7445652173913043,0.7280857065665481,0.13652319365409382,0.16353734577795842,0.32239519259287464,0.5440392985502187,109080.0,109080.0,1.0,14.49,4.0,1538.3675897077326,0.01
98,1.2273234128952026,0.7703804347826086,0.7640977710413899,0.13652319365409385,0.16353734577795842,0.32239519259287464,0.5274280892103358,109079.99999999999,109079.99999999999,1.0,14.49,4.0,1538.4089262488096,0.01
99,1.2935855388641357,0.7567934782608695,0.747185502279009,0.13652319365409382,0.16353734577795842,0.32239519259287464,0.5248790977115341,109079.99999999999,109079.99999999999,1.0,14.49,4.0,1538.4089262488098,0.01
100,1.3459157943725586,0.7581521739130435,0.7497471054860663,0.13652319365409385,0.16353734577795842,0.32239519259287464,0.5338201933379271,109079.99999999999,109079.99999999999,1.0,14.49,4.0,1538.4089262488098,0.01
101,1.3126693964004517,0.7506793478260869,0.7371854595221368,0.13652319365409385,0.16353734577795842,0.32239519259287464,0.5421706456224858,109079.99999999999,109079.99999999999,1.0,14.49,4.0,1538.40892624881,0.01
102,1.3734161853790283,0.752038043478261,0.7418580888795562,0.13652319365409388,0.16353734577795842,0.32239519259287464,0.519120433482304,109079.99999999999,109079.99999999999,1.0,14.49,4.0,1538.4089262488098,0.01
103,1.3698410987854004,0.7540760869565217,0.7403305136577665,0.13652319365409382,0.16353734577795842,0.32239519259287464,0.5203425278795946,109080.0,109080.0,1.0,14.49,4.0,1538.4089262488096,0.01
104,1.2202666997909546,0.7836277173913043,0.7777648841028446,0.13652319365409382,0.16353734577795842,0.32239519259287464,0.5193802229857418,109079.99999999999,109079.99999999999,1.0,14.49,4.0,1538.4089262488098,0.01
105,1.4774423837661743,0.736413043478261,0.7155244355777131,0.13652319365409385,0.16353734577795842,0.32239519259287464,0.5244250329975465,109080.0,109080.0,1.0,14.49,4.0,1538.40892624881,0.01
106,1.4577970504760742,0.7476222826086957,0.7229039961221573,0.13652319365409382,0.16353734577795842,0.32239519259287464,0.5228462611954412,109080.0,109080.0,1.0,14.49,4.0,1538.430115210997,0.01
107,1.0766202211380005,0.7934782608695651,0.7874923495753474,0.13652319365409385,0.16353734577795842,0.32239519259287464,0.5188827303535141,109079.99999999999,109079.99999999999,1.0,14.49,4.0,1538.430115210997,0.01
108,1.069163203239441,0.7873641304347826,0.781252388045249,0.13652319365409382,0.16353734577795842,0.32239519259287464,0.5210799552151635,109079.99999999999,109079.99999999999,1.0,14.49,4.0,1538.4440357428252,0.01
109,1.5603746175765991,0.7211277173913043,0.710594347811946,0.13652319365409382,0.16353734577795842,0.32239519259287464,0.5378919833373194,109079.99999999999,109079.99999999999,1.0,14.49,4.0,1538.444035742825,0.01
110,1.1608234643936157,0.7894021739130435,0.78356034704877,0.13652319365409382,0.16353734577795842,0.32239519259287464,0.5338735901167915,109079.99999999999,109079.99999999999,1.0,14.49,4.0,1538.444035742825,0.01
111,1.7134206295013428,0.7595108695652174,0.7380933261532073,0.13652319365409382,0.16353734577795842,0.32239519259287464,0.5270937763567978,109079.99999999999,109079.99999999999,1.0,14.49,4.0,1538.4537694887445,0.01
112,1.4584447145462036,0.7527173913043478,0.742249880710971,0.13652319365409385,0.16353734577795842,0.32239519259287464,0.5313223164540769,109080.0,109080.0,1.0,14.49,4.0,1538.4537694887445,0.01
113,1.7182577848434448,0.7038043478260869,0.6840240500207396,0.13652319365409385,0.16353734577795842,0.32239519259287464,0.5186668325041272,109080.0,109080.0,1.0,14.49,4.0,1538.4537694887445,0.01
114,2.2033884525299072,0.7105978260869565,0.682070929103892,0.13652319365409385,0.16353734577795842,0.32239519259287464,0.5211116451368758,109079.99999999999,109079.99999999999,1.0,14.49,4.0,1538.4951060298217,0.01
115,1.796818494796753,0.7547554347826086,0.7325142258488867,0.13652319365409385,0.16353734577795842,0.32239519259287464,0.5248970778190791,109080.0,109080.0,1.0,14.49,4.0,1538.495106029822,0.01
116,1.9575175046920776,0.7092391304347826,0.6806272447081533,0.13652319365409382,0.16353734577795842,0.32239519259287464,0.5226796180561137,109080.0,109080.0,1.0,14.49,4.0,1538.56030937585,0.01
117,1.4290271997451782,0.7544157608695651,0.7440019419466943,0.13652319365409382,0.16353734577795842,0.32239519259287464,0.5241201807936335,109080.0,109080.0,1.0,14.49,4.0,1538.56030937585,0.01
118,1.7980672121047974,0.7099184782608695,0.6851724066788694,0.13652319365409385,0.16353734577795842,0.32239519259287464,0.5181097906484178,109080.0,109080.0,1.0,14.49,4.0,1538.56030937585,0.01
119,1.3599334955215454,0.7472826086956522,0.7378679195555744,0.13652319365409382,0.16353734577795842,0.32239519259287464,0.5166487854634847,109079.99999999999,109079.99999999999,1.0,14.49,4.0,1538.5603093758505,0.01
120,1.3059210777282715,0.7523777173913043,0.7421164948677041,0.13652319365409385,0.16353734577795842,0.32239519259287464,0.5249679163827988,109079.99999999999,109079.99999999999,1.0,14.49,4.0,1538.56030937585,0.01
121,2.033716917037964,0.7136548913043478,0.6797979358102731,0.13652319365409385,0.16353734577795842,0.32239519259287464,0.5232697248264288,109079.99999999999,109079.99999999999,1.0,14.49,4.0,1538.56030937585,0.01
122,1.430729866027832,0.7513586956521738,0.7360707426857039,0.13652319365409385,0.16353734577795842,0.32239519259287464,0.523987324926617,109079.99999999999,109079.99999999999,1.0,14.49,4.0,1538.56030937585,0.01
123,1.626395344734192,0.7591711956521738,0.736881213102811,0.13652319365409385,0.16353734577795842,0.32239519259287464,0.5238594238335211,109080.0,109080.0,1.0,14.49,4.0,1538.5603093758502,0.01
124,1.7533276081085205,0.7255434782608695,0.7088804732075243,0.13652319365409385,0.16353734577795842,0.32239519259287464,0.5214676687390553,109080.0,109080.0,1.0,14.49,4.0,1538.563901085589,0.01
125,2.0836756229400635,0.694633152173913,0.6689552494071775,0.13652319365409385,0.16353734577795842,0.32239519259287464,0.5173003822402934,109079.99999999999,109079.99999999999,1.0,14.49,4.0,1538.563901085589,0.01
126,2.125509023666382,0.7105978260869565,0.6829925923408156,0.13652319365409388,0.16353734577795842,0.32239519259287464,0.5346375772885581,109080.0,109080.0,1.0,14.49,4.0,1538.563901085589,0.01
127,2.4214680194854736,0.6694972826086958,0.6481775484848934,0.13652319365409388,0.16353734577795842,0.32239519259287464,0.5276252882589583,109079.99999999999,109079.99999999999,1.0,14.49,4.0,1538.5639010855894,0.01
128,2.426326274871826,0.7204483695652174,0.6819590489537197,0.13652319365409382,0.16353734577795842,0.32239519259287464,0.5127506268102274,109079.99999999999,109079.99999999999,1.0,14.49,4.0,1538.563901085589,0.01
129,1.948817253112793,0.7150135869565217,0.6967744849566854,0.13652319365409385,0.16353734577795842,0.32239519259287464,0.5205063050991822,109079.99999999999,109079.99999999999,1.0,14.49,4.0,1538.563901085589,0.01
130,2.0204713344573975,0.7218070652173914,0.7110235844662851,0.13652319365409382,0.16353734577795842,0.32239519259287464,0.5306841925321648,109079.99999999999,109079.99999999999,1.0,14.49,4.0,1538.563901085589,0.01
131,2.1331236362457275,0.7122961956521738,0.6971580307441047,0.13652319365409382,0.16353734577795842,0.32239519259287464,0.515481318431269,109079.99999999999,109079.99999999999,1.0,14.49,4.0,1538.5639010855891,0.01
132,2.02172589302063,0.7153532608695651,0.7022270425820342,0.13652319365409385,0.16353734577795842,0.32239519259287464,0.5136765699521502,109079.99999999999,109079.99999999999,1.0,14.49,4.0,1538.5850900477758,0.01
133,2.4344193935394287,0.7133152173913043,0.6855679354933514,0.13652319365409385,0.16353734577795842,0.32239519259287464,0.5235505681626814,109079.99999999999,109079.99999999999,1.0,14.49,4.0,1538.5850900477762,0.01
134,1.8305107355117798,0.7357336956521738,0.7187549813308496,0.13652319365409382,0.16353734577795842,0.32239519259287464,0.5285201554264676,109080.0,109080.0,1.0,14.49,4.0,1538.585090047776,0.01
135,2.1257169246673584,0.7055027173913043,0.6818071984213938,0.13652319365409382,0.16353734577795842,0.32239519259287464,0.5232808627877324,109079.99999999999,109079.99999999999,1.0,14.49,4.0,1538.5990105796043,0.01
136,2.2901625633239746,0.720788043478261,0.699359208616895,0.13652319365409382,0.16353734577795842,0.32239519259287464,0.5189648424969404,109080.0,109080.0,1.0,14.49,4.0,1538.5990105796043,0.01
137,2.343749523162842,0.7102581521739131,0.6909912834930244,0.13652319365409385,0.16353734577795842,0.32239519259287464,0.5272235768858315,109080.0,109080.0,1.0,14.49,4.0,1538.599010579604,0.01
138,2.4652962684631348,0.7092391304347826,0.6854509524880754,0.13652319365409382,0.16353734577795842,0.32239519259287464,0.5250156305170941,109080.0,109080.0,1.0,14.49,4.0,1538.599010579604,0.01
139,2.1660308837890625,0.7340353260869565,0.7215138715813745,0.13652319365409385,0.16353734577795842,0.32239519259287464,0.5198731145804284,109080.0,109080.0,1.0,14.49,4.0,1538.5990105796043,0.01
140,2.03328013420105,0.7584918478260869,0.7474982614546107,0.13652319365409385,0.16353734577795842,0.32239519259287464,0.5407821021090393,109079.99999999999,109079.99999999999,1.0,14.49,4.0,1538.5990105796045,0.01
141,2.4098169803619385,0.7357336956521738,0.7168152575170738,0.13652319365409385,0.16353734577795842,0.32239519259287464,0.5450895238298846,109080.0,109080.0,1.0,14.49,4.0,1538.599010579604,0.01
142,2.202395439147949,0.7608695652173914,0.751642881322593,0.13652319365409382,0.16353734577795842,0.32239519259287464,0.5548915960972923,109080.0,109080.0,1.0,14.49,4.0,1538.599010579604,0.01
143,2.597346067428589,0.7333559782608695,0.714928977490264,0.13652319365409382,0.16353734577795842,0.32239519259287464,0.5243375929188028,109080.0,109080.0,1.0,14.49,4.0,1538.5990105796043,0.01
144,2.8246917724609375,0.740149456521739,0.7221131961871174,0.13652319365409382,0.16353734577795842,0.32239519259287464,0.5306810581645197,109080.0,109080.0,1.0,14.49,4.0,1538.599010579604,0.01
145,2.4005837440490723,0.759850543478261,0.7491980387481096,0.13652319365409385,0.16353734577795842,0.32239519259287464,0.5189793847979607,109079.99999999999,109079.99999999999,1.0,14.49,4.0,1538.599010579604,0.01
146,2.1000120639801025,0.7802309782608695,0.7720037440516476,0.13652319365409385,0.16353734577795842,0.32239519259287464,0.5328090525555533,109079.99999999999,109079.99999999999,1.0,14.49,4.0,1538.599010579604,0.01
147,2.251368522644043,0.7486413043478262,0.7326791347684393,0.13652319365409382,0.16353734577795842,0.32239519259287464,0.5468819843801762,109079.99999999999,109079.99999999999,1.0,14.49,4.0,1538.5990105796038,0.01
148,2.191708564758301,0.7550951086956522,0.7398786341953204,0.13652319365409382,0.16353734577795842,0.32239519259287464,0.5282313745870164,109079.99999999999,109079.99999999999,1.0,14.49,4.0,1538.5990105796043,0.01
149,2.077897787094116,0.7605298913043478,0.7477765718804219,0.13652319365409385,0.16353734577795842,0.32239519259287464,0.5056081994703209,109079.99999999999,109079.99999999999,1.0,14.49,4.0,1538.5990105796045,0.01
150,2.2728192806243896,0.7561141304347826,0.7378881105397732,0.13652319365409382,0.16353734577795842,0.32239519259287464,0.5217199510731557,109079.99999999999,109079.99999999999,1.0,14.49,4.0,1538.599010579604,0.01
151,2.2972400188446045,0.747961956521739,0.7280232257870218,0.13652319365409382,0.16353734577795842,0.32239519259287464,0.525566073185212,109079.99999999999,109079.99999999999,1.0,14.49,4.0,1538.599010579604,0.01
152,2.249420404434204,0.7537364130434783,0.7370114816318674,0.13652319365409388,0.16353734577795842,0.32239519259287464,0.5256358724294211,109080.0,109080.0,1.0,14.49,4.0,1538.6099344778631,0.01
153,1.8877109289169312,0.7809103260869565,0.7757474629625254,0.13652319365409382,0.16353734577795842,0.32239519259287464,0.5189709191223743,109080.0,109080.0,1.0,14.49,4.0,1538.6099344778631,0.01
154,2.121853828430176,0.7680027173913043,0.7602822696627903,0.13652319365409385,0.16353734577795842,0.32239519259287464,0.5247373087362054,109080.0,109080.0,1.0,14.49,4.0,1538.6208583761222,0.01
155,2.0787417888641357,0.7659646739130435,0.7582011937611514,0.13652319365409382,0.16353734577795842,0.32239519259287464,0.5201784054200459,109080.0,109080.0,1.0,14.49,4.0,1538.631782274381,0.01
156,1.993572473526001,0.7686820652173914,0.7578877855841512,0.13652319365409382,0.16353734577795842,0.32239519259287464,0.520690917547172,109079.99999999999,109079.99999999999,1.0,14.49,4.0,1538.631782274381,0.01
157,2.075727701187134,0.771399456521739,0.7608703192606144,0.13652319365409385,0.16353734577795842,0.32239519259287464,0.5213508473322104,109079.99999999999,109079.99999999999,1.0,14.49,4.0,1538.631782274381,0.01
158,1.9649572372436523,0.7697010869565217,0.7632212443731029,0.13652319365409382,0.16353734577795842,0.32239519259287464,0.5275374598744386,109079.99999999999,109079.99999999999,1.0,14.49,4.0,1538.6317822743808,0.01
159,1.7912170886993408,0.7771739130434783,0.7715904067627015,0.13652319365409382,0.16353734577795842,0.32239519259287464,0.5261631933921569,109080.0,109080.0,1.0,14.49,4.0,1538.6457028062089,0.01
160,2.0853404998779297,0.7571331521739131,0.748071140015388,0.13652319365409385,0.16353734577795842,0.32239519259287464,0.5262671661389925,109079.99999999999,109079.99999999999,1.0,14.49,4.0,1538.645702806209,0.01
161,2.1103479862213135,0.7605298913043478,0.7522162010142738,0.13652319365409382,0.16353734577795842,0.32239519259287464,0.5237090599614725,109079.99999999999,109079.99999999999,1.0,14.49,4.0,1538.645702806209,0.01
162,2.182901620864868,0.7642663043478262,0.7556884131254842,0.13652319365409382,0.16353734577795842,0.32239519259287464,0.5220737120012983,109079.99999999999,109079.99999999999,1.0,14.49,4.0,1538.645702806209,0.01
163,2.162048816680908,0.7737771739130435,0.7684638496123741,0.13652319365409382,0.16353734577795842,0.32239519259287464,0.5239743612082401,109079.99999999999,109079.99999999999,1.0,14.49,4.0,1538.645702806209,0.01
164,1.9599288702011108,0.7907608695652174,0.7876545548858195,0.13652319365409382,0.16353734577795842,0.32239519259287464,0.5300092560617138,109079.99999999999,109079.99999999999,1.0,14.49,4.0,1538.645702806209,0.01
165,1.871519923210144,0.7924592391304349,0.7893908363443175,0.13652319365409382,0.16353734577795842,0.32239519259287464,0.5175821645929194,109079.99999999999,109079.99999999999,1.0,14.49,4.0,1538.645702806209,0.01
166,1.850431203842163,0.787024456521739,0.7843656429256193,0.13652319365409385,0.16353734577795842,0.32239519259287464,0.5235905236077127,109079.99999999999,109079.99999999999,1.0,14.49,4.0,1538.645702806209,0.01
167,1.7179806232452393,0.791100543478261,0.7875166266055446,0.13652319365409382,0.16353734577795842,0.32239519259287464,0.5215187155772345,109080.0,109080.0,1.0,14.49,4.0,1538.6457028062089,0.01
168,2.066013813018799,0.7758152173913043,0.7709099106387767,0.13652319365409385,0.16353734577795842,0.32239519259287464,0.5240517310530628,109079.99999999999,109079.99999999999,1.0,14.49,4.0,1538.645702806209,0.01
169,3.1223649978637695,0.71875,0.7074923766190132,0.13652319365409382,0.16353734577795842,0.32239519259287464,0.5332370945237278,109079.99999999999,109079.99999999999,1.0,14.49,4.0,1538.6554365521283,0.01
170,2.7801353931427,0.7646059782608695,0.7513202603503556,0.13652319365409382,0.16353734577795842,0.32239519259287464,0.5282129253604336,109080.0,109080.0,1.0,14.49,4.0,1538.6554365521288,0.01
171,2.4268178939819336,0.7663043478260869,0.7607503628845083,0.13652319365409382,0.16353734577795842,0.32239519259287464,0.5104425728839941,109080.0,109080.0,1.0,14.49,4.0,1538.6554365521288,0.01
172,2.4638381004333496,0.7605298913043478,0.7549034036519124,0.13652319365409385,0.16353734577795842,0.32239519259287464,0.5287109599798366,109079.99999999999,109079.99999999999,1.0,14.49,4.0,1538.6554365521288,0.01
173,2.5051605701446533,0.779211956521739,0.7704784717059411,0.13652319365409382,0.16353734577795842,0.32239519259287464,0.5252154087475517,109080.0,109080.0,1.0,14.49,4.0,1538.6554365521288,0.01
174,2.5686702728271484,0.7737771739130435,0.7635221171431529,0.13652319365409382,0.16353734577795842,0.32239519259287464,0.5287593219173875,109079.99999999999,109079.99999999999,1.0,14.49,4.0,1538.6554365521285,0.01
175,2.3699638843536377,0.763586956521739,0.7590718013928345,0.13652319365409385,0.16353734577795842,0.32239519259287464,0.5354419558494472,109080.0,109080.0,1.0,14.49,4.0,1538.6590282618672,0.01
176,2.2691221237182617,0.7853260869565217,0.7755744938924625,0.13652319365409385,0.16353734577795842,0.32239519259287464,0.522887893450792,109080.0,109080.0,1.0,14.49,4.0,1538.6590282618677,0.01
177,2.6872591972351074,0.7374320652173914,0.7265221349913897,0.13652319365409382,0.16353734577795842,0.32239519259287464,0.5197569253784529,109080.0,109080.0,1.0,14.49,4.0,1538.6590282618677,0.01
178,2.2516839504241943,0.7829483695652174,0.7723981382205701,0.13652319365409382,0.16353734577795842,0.32239519259287464,0.5339810908554169,109080.0,109080.0,1.0,14.49,4.0,1538.6590282618677,0.01
179,3.321380615234375,0.732336956521739,0.7085641760693995,0.13652319365409382,0.16353734577795842,0.32239519259287464,0.5144777213658032,109079.99999999997,109079.99999999997,1.0,14.49,4.0,1538.6590282618677,0.01
180,2.1984293460845947,0.7764945652173914,0.7707005260259112,0.13652319365409385,0.16353734577795842,0.32239519259287464,0.5286468643942388,109080.0,109080.0,1.0,14.49,4.0,1538.6590282618677,0.01
181,2.4485723972320557,0.7683423913043478,0.7601389133067651,0.13652319365409382,0.16353734577795842,0.32239519259287464,0.5270520489869621,109079.99999999999,109079.99999999999,1.0,14.49,4.0,1538.6590282618677,0.01
182,2.368889093399048,0.7768342391304349,0.763088519629119,0.13652319365409382,0.16353734577795842,0.32239519259287464,0.532139191981628,109079.99999999997,109079.99999999997,1.0,14.49,4.0,1538.6590282618677,0.01
183,2.584212303161621,0.7707201086956522,0.7584778287011394,0.13652319365409385,0.16353734577795842,0.32239519259287464,0.5254019175507169,109080.0,109080.0,1.0,14.49,4.0,1538.6590282618677,0.01
184,2.466970205307007,0.7751358695652174,0.7670706525647182,0.13652319365409385,0.16353734577795842,0.32239519259287464,0.5209297120441421,109080.0,109080.0,1.0,14.49,4.0,1538.6590282618677,0.01
185,2.4313483238220215,0.7761548913043478,0.7632728928466861,0.13652319365409382,0.16353734577795842,0.32239519259287464,0.5226785573658409,109079.99999999999,109079.99999999999,1.0,14.49,4.0,1538.6590282618674,0.01
186,2.2562460899353027,0.7778532608695651,0.767591483987001,0.13652319365409385,0.16353734577795842,0.32239519259287464,0.5222023642815495,109080.0,109080.0,1.0,14.49,4.0,1538.6590282618677,0.01
187,2.4764785766601562,0.767663043478261,0.7567283741912679,0.13652319365409385,0.16353734577795842,0.32239519259287464,0.5215312425732224,109079.99999999999,109079.99999999999,1.0,14.49,4.0,1538.6590282618672,0.01
188,2.3450095653533936,0.7642663043478262,0.7565934064089145,0.13652319365409385,0.16353734577795842,0.32239519259287464,0.5218151002246744,109080.0,109080.0,1.0,14.49,4.0,1538.6626199716063,0.01
189,2.2094438076019287,0.7802309782608695,0.7718868963682595,0.13652319365409382,0.16353734577795842,0.32239519259287464,0.5271962753641981,109080.0,109080.0,1.0,14.49,4.0,1538.6626199716063,0.01
190,2.0910890102386475,0.791100543478261,0.7837898575637108,0.13652319365409382,0.16353734577795842,0.32239519259287464,0.5212713199808496,109080.0,109080.0,1.0,14.49,4.0,1538.662619971606,0.01
191,2.6019341945648193,0.7744565217391305,0.7553393990781068,0.13652319365409385,0.16353734577795842,0.32239519259287464,0.5190198706529864,109079.99999999999,109079.99999999999,1.0,14.49,4.0,1538.6626199716065,0.01
192,3.1571078300476074,0.7588315217391305,0.7241552099941053,0.13652319365409382,0.16353734577795842,0.32239519259287464,0.5231465009467775,109079.99999999999,109079.99999999999,1.0,14.49,4.0,1538.7039565126834,0.01
193,2.2534308433532715,0.783288043478261,0.7693428585311072,0.13652319365409382,0.16353734577795842,0.32239519259287464,0.5178166391475935,109080.0,109080.0,1.0,14.49,4.0,1538.7039565126834,0.01
194,2.091517925262451,0.7917798913043478,0.7842526317399083,0.13652319365409382,0.16353734577795842,0.32239519259287464,0.5262374563691924,109079.99999999999,109079.99999999999,1.0,14.49,4.0,1538.7039565126834,0.01
195,2.047905683517456,0.779211956521739,0.7686570860540711,0.13652319365409382,0.16353734577795842,0.32239519259287464,0.5205217982531891,109079.99999999999,109079.99999999999,1.0,14.49,4.0,1538.7039565126834,0.01
196,2.0377209186553955,0.78125,0.7754581298695781,0.13652319365409382,0.16353734577795842,0.32239519259287464,0.5250681329992832,109079.99999999999,109079.99999999999,1.0,14.49,4.0,1538.7365581856977,0.01
197,1.9713813066482544,0.7975543478260869,0.7896232594106417,0.13652319365409382,0.16353734577795842,0.32239519259287464,0.526984419410195,109080.0,109080.0,1.0,14.49,4.0,1538.736558185698,0.01
198,1.8840293884277344,0.8029891304347826,0.7944696599812834,0.13652319365409382,0.16353734577795842,0.32239519259287464,0.5284317867086554,109079.99999999999,109079.99999999999,1.0,14.49,4.0,1538.7365581856975,0.01
199,2.0847115516662598,0.8036684782608695,0.7945710455140785,0.13652319365409385,0.16353734577795842,0.32239519259287464,0.5230803938179204,109079.99999999999,109079.99999999999,1.0,14.49,4.0,1538.7365581856977,0.01
200,2.480328321456909,0.7673233695652174,0.7533453798427746,0.13652319365409385,0.16353734577795842,0.32239519259287464,0.5103945460361028,109079.99999999999,109079.99999999999,1.0,14.49,4.0,1538.7365581856975,0.01
201,2.446899652481079,0.7751358695652174,0.7634913522484013,0.13652319365409385,0.16353734577795842,0.32239519259287464,0.5288938557297412,109079.99999999999,109079.99999999999,1.0,14.49,4.0,1538.7365581856975,0.01
202,2.193598508834839,0.7751358695652174,0.7646794927394879,0.13652319365409382,0.16353734577795842,0.32239519259287464,0.519274551409243,109080.0,109080.0,1.0,14.49,4.0,1538.7365581856977,0.01
203,2.086030960083008,0.7900815217391305,0.7861274817333458,0.13652319365409382,0.16353734577795842,0.32239519259287464,0.5242522905324307,109080.0,109080.0,1.0,14.49,4.0,1538.7365581856977,0.01
204,2.6404078006744385,0.7761548913043478,0.7603411595208392,0.13652319365409385,0.16353734577795842,0.32239519259287464,0.5359695828453891,109080.0,109080.0,1.0,14.49,4.0,1538.7365581856975,0.01
205,2.5303971767425537,0.7737771739130435,0.7565235782850717,0.13652319365409382,0.16353734577795842,0.32239519259287464,0.5301204109088121,109079.99999999999,109079.99999999999,1.0,14.49,4.0,1538.7577471478849,0.01
206,2.7994089126586914,0.7581521739130435,0.73641847266893,0.13652319365409385,0.16353734577795842,0.32239519259287464,0.5413052362508431,109079.99999999999,109079.99999999999,1.0,14.49,4.0,1538.3556504607589,0.01
207,2.249607801437378,0.7771739130434783,0.7676861545160468,0.13652319365409385,0.16353734577795842,0.32239519259287464,0.5165546696969552,109079.99999999999,109079.99999999999,1.0,14.49,4.0,1538.4195998962864,0.01
208,2.500800848007202,0.755774456521739,0.7444817538305889,0.13652319365409382,0.16353734577795842,0.32239519259287464,0.5150045235281542,109079.99999999999,109079.99999999999,1.0,14.49,4.0,1538.4493962102151,0.01
209,2.563828706741333,0.7727581521739131,0.7584190100668786,0.13652319365409385,0.16353734577795842,0.32239519259287464,0.5218958191824945,109080.0,109080.0,1.0,14.49,4.0,1538.4946219991157,0.01
210,2.9601399898529053,0.7608695652173914,0.7434842216620918,0.13652319365409382,0.16353734577795842,0.32239519259287464,0.5211675737835508,109080.0,109080.0,1.0,14.49,4.0,1538.494621999116,0.01
211,2.6740944385528564,0.759850543478261,0.7456832091288493,0.13652319365409385,0.16353734577795842,0.32239519259287464,0.5251928974222696,109079.99999999997,109079.99999999997,1.0,14.49,4.0,1538.4946219991157,0.01
212,3.0584025382995605,0.7428668478260869,0.7227998191623904,0.13652319365409385,0.16353734577795842,0.32239519259287464,0.5255038431471658,109079.99999999999,109079.99999999999,1.0,14.49,4.0,1538.4946219991157,0.01
213,2.6555209159851074,0.7642663043478262,0.7563014806737733,0.13652319365409382,0.16353734577795842,0.32239519259287464,0.527129159691025,109079.99999999999,109079.99999999999,1.0,14.49,4.0,1538.494621999116,0.01
214,2.7230958938598633,0.7571331521739131,0.7425816432922426,0.13652319365409382,0.16353734577795842,0.32239519259287464,0.5180353899775185,109079.99999999999,109079.99999999999,1.0,14.49,4.0,1538.4921322429268,0.01
215,2.5747947692871094,0.7683423913043478,0.7553182175849796,0.13652319365409382,0.16353734577795842,0.32239519259287464,0.5247132113695924,109079.99999999999,109079.99999999999,1.0,14.49,4.0,1538.4933223952667,0.01
216,2.7317066192626953,0.7629076086956522,0.7558766275574778,0.13652319365409382,0.16353734577795842,0.32239519259287464,0.5227507789000074,109080.0,109080.0,1.0,14.49,4.0,1538.4933649007073,0.01
217,2.7190051078796387,0.759850543478261,0.7490916800220088,0.13652319365409385,0.16353734577795842,0.32239519259287464,0.5203749685344552,109080.0,109080.0,1.0,14.49,4.0,1538.493364900707,0.01
218,2.7329039573669434,0.7673233695652174,0.7563381868667758,0.13652319365409385,0.16353734577795842,0.32239519259287464,0.5253708049963037,109080.0,109080.0,1.0,14.49,4.0,1538.4933649007073,0.01
219,2.865617513656616,0.7693614130434783,0.7545962804038542,0.13652319365409382,0.16353734577795842,0.32239519259287464,0.5192133979841467,109080.0,109080.0,1.0,14.49,4.0,1538.4933649007073,0.01
220,2.9605982303619385,0.7540760869565217,0.7390763510725683,0.13652319365409382,0.16353734577795842,0.32239519259287464,0.5203291659321437,109079.99999999999,109079.99999999999,1.0,14.49,4.0,1538.5347014417844,0.01
221,2.988298177719116,0.7646059782608695,0.7491801841414024,0.13652319365409382,0.16353734577795842,0.32239519259287464,0.5245691937383293,109080.0,109080.0,1.0,14.49,4.0,1538.5347014417844,0.01
222,3.2896296977996826,0.7561141304347826,0.7360543697035031,0.13652319365409382,0.16353734577795842,0.32239519259287464,0.5310045801451728,109080.0,109080.0,1.0,14.49,4.0,1538.5347014417844,0.01
223,2.963660955429077,0.7805706521739131,0.7684254612537704,0.13652319365409385,0.16353734577795842,0.32239519259287464,0.5256338490495485,109079.99999999999,109079.99999999999,1.0,14.49,4.0,1538.5347014417846,0.01
224,2.951737880706787,0.7826086956521738,0.7679878377455304,0.13652319365409382,0.16353734577795842,0.32239519259287464,0.5228229913540323,109079.99999999999,109079.99999999999,1.0,14.49,4.0,1538.5347014417844,0.01
225,3.454684257507324,0.75,0.7345476528444629,0.13652319365409385,0.16353734577795842,0.32239519259287464,0.523185943882665,109080.0,109080.0,1.0,14.49,4.0,1538.5347014417844,0.01
226,2.7857656478881836,0.7669836956521738,0.7594534658985164,0.13652319365409382,0.16353734577795842,0.32239519259287464,0.5206617147087143,109080.0,109080.0,1.0,14.49,4.0,1538.5347014417846,0.01
227,2.983238458633423,0.7595108695652174,0.7481934396597616,0.13652319365409382,0.16353734577795842,0.32239519259287464,0.5268984579676772,109079.99999999999,109079.99999999999,1.0,14.49,4.0,1538.5347014417846,0.01
228,3.1105706691741943,0.7764945652173914,0.7556980509318255,0.13652319365409385,0.16353734577795842,0.32239519259287464,0.522965785663198,109080.0,109080.0,1.0,14.49,4.0,1538.5541689336235,0.01
229,3.1553590297698975,0.7625679347826086,0.745748587072555,0.13652319365409385,0.16353734577795842,0.32239519259287464,0.5284280427067791,109079.99999999999,109079.99999999999,1.0,14.49,4.0,1538.5541689336233,0.01
230,3.019274950027466,0.7642663043478262,0.7562893955111165,0.13652319365409382,0.16353734577795842,0.32239519259287464,0.531359418399705,109080.0,109080.0,1.0,14.49,4.0,1538.5541689336235,0.01
231,2.6751868724823,0.7751358695652174,0.7697139512567147,0.13652319365409382,0.16353734577795842,0.32239519259287464,0.5242896068018331,109080.0,109080.0,1.0,14.49,4.0,1538.5541689336235,0.01
232,2.859163761138916,0.7826086956521738,0.7661896060360839,0.13652319365409382,0.16353734577795842,0.32239519259287464,0.5227606283891966,109079.99999999999,109079.99999999999,1.0,14.49,4.0,1538.5541689336235,0.01
233,2.821444511413574,0.7853260869565217,0.7759127802620078,0.13652319365409385,0.16353734577795842,0.32239519259287464,0.5291548716036099,109079.99999999999,109079.99999999999,1.0,14.49,4.0,1538.5541689336233,0.01
234,2.6862101554870605,0.8029891304347826,0.7907548003603139,0.13652319365409385,0.16353734577795842,0.32239519259287464,0.5273299834025178,109080.0,109080.0,1.0,14.49,4.0,1538.5541689336235,0.01
235,3.3742613792419434,0.7839673913043478,0.7564210099244928,0.13652319365409382,0.16353734577795842,0.32239519259287464,0.5296728547755729,109080.0,109080.0,1.0,14.49,4.0,1538.5541689336237,0.01
236,2.763875722885132,0.8009510869565217,0.7890047735335153,0.13652319365409382,0.16353734577795842,0.32239519259287464,0.5216779023311603,109079.99999999999,109079.99999999999,1.0,14.49,4.0,1538.5541689336235,0.01
237,2.846017599105835,0.7836277173913043,0.7744351911292474,0.13652319365409382,0.16353734577795842,0.32239519259287464,0.5244526428548504,109080.0,109080.0,1.0,14.49,4.0,1538.5541689336235,0.01
238,2.786349058151245,0.7703804347826086,0.763921471196031,0.13652319365409382,0.16353734577795842,0.32239519259287464,0.5182123668694523,109079.99999999999,109079.99999999999,1.0,14.49,4.0,1538.5650928318823,0.01
239,2.6257810592651367,0.7931385869565217,0.7817429630915168,0.13652319365409382,0.16353734577795842,0.32239519259287464,0.5245355534021691,109080.0,109080.0,1.0,14.49,4.0,1538.5653903699674,0.01
240,3.563727378845215,0.78125,0.7565372675128299,0.13652319365409382,0.16353734577795842,0.32239519259287464,0.5049240593033335,109080.0,109080.0,1.0,14.49,4.0,1538.5653903699672,0.01
241,2.5151145458221436,0.7883831521739131,0.782623171817483,0.13652319365409382,0.16353734577795842,0.32239519259287464,0.5166276841545001,109080.0,109080.0,1.0,14.49,4.0,1538.5653903699674,0.01
242,3.2851290702819824,0.7927989130434783,0.7762905810167492,0.13652319365409382,0.16353734577795842,0.32239519259287464,0.5148960464148579,109080.0,109080.0,1.0,14.49,4.0,1538.5653903699674,0.01
243,2.64695405960083,0.7900815217391305,0.7832232972442336,0.13652319365409382,0.16353734577795842,0.32239519259287464,0.5212053239540126,109079.99999999999,109079.99999999999,1.0,14.49,4.0,1538.5653903699672,0.01
244,2.5765585899353027,0.8019701086956522,0.7916151870676208,0.13652319365409385,0.16353734577795842,0.32239519259287464,0.5155491044134777,109079.99999999999,109079.99999999999,1.0,14.49,4.0,1538.5653903699672,0.01
245,2.571040391921997,0.8094429347826086,0.8028011793092968,0.13652319365409382,0.16353734577795842,0.32239519259287464,0.5223800157307281,109080.0,109080.0,1.0,14.49,4.0,1538.5653903699674,0.01
246,3.554105758666992,0.7663043478260869,0.7386416310712454,0.13652319365409382,0.16353734577795842,0.32239519259287464,0.5160626822573835,109080.0,109080.0,1.0,14.49,4.0,1538.5653903699674,0.01
247,2.958523988723755,0.7815896739130435,0.7771894910337918,0.13652319365409382,0.16353734577795842,0.32239519259287464,0.5229031835014855,109079.99999999999,109079.99999999999,1.0,14.49,4.0,1538.6216888261697,0.01
248,3.2710342407226562,0.7690217391304349,0.7557662523586816,0.13652319365409385,0.16353734577795842,0.32239519259287464,0.5219905037550463,109079.99999999999,109079.99999999999,1.0,14.49,4.0,1538.6216888261697,0.01
249,3.3758466243743896,0.765625,0.7620191576512289,0.13652319365409382,0.16353734577795842,0.32239519259287464,0.5136414410240373,109079.99999999999,109079.99999999999,1.0,14.49,4.0,1538.6216888261697,0.01
250,3.3339569568634033,0.7710597826086957,0.7643698319439628,0.13652319365409382,0.16353734577795842,0.32239519259287464,0.5276690929057937,109079.99999999999,109079.99999999999,1.0,14.49,4.0,1538.6216888261695,0.01
251,3.5105748176574707,0.7496603260869565,0.7279674382787106,0.13652319365409385,0.16353734577795842,0.32239519259287464,0.5167734796126597,109080.0,109080.0,1.0,14.49,4.0,1538.6216888261697,0.01
252,4.014826774597168,0.7476222826086957,0.7138170140863906,0.13652319365409382,0.16353734577795842,0.32239519259287464,0.526933543797546,109079.99999999999,109079.99999999999,1.0,14.49,4.0,1538.6216888261697,0.01
253,4.25011682510376,0.7391304347826086,0.7061269382293855,0.13652319365409385,0.16353734577795842,0.32239519259287464,0.5161707492077052,109079.99999999999,109079.99999999999,1.0,14.49,4.0,1538.6314225720891,0.01
254,4.520138740539551,0.7449048913043478,0.7020031058947995,0.13652319365409385,0.16353734577795842,0.32239519259287464,0.5193563146482225,109080.0,109080.0,1.0,14.49,4.0,1538.6314225720891,0.01
255,3.2409496307373047,0.7775135869565217,0.7639465970541578,0.13652319365409382,0.16353734577795842,0.32239519259287464,0.5258774241438628,109080.0,109080.0,1.0,14.49,4.0,1538.6314225720891,0.01
256,4.252969264984131,0.7469429347826086,0.7151122051047977,0.13652319365409382,0.16353734577795842,0.32239519259287464,0.5178692187137002,109080.0,109080.0,1.0,14.49,4.0,1538.6453431039174,0.01
257,3.9327802658081055,0.7418478260869565,0.7125373753022618,0.13652319365409382,0.16353734577795842,0.32239519259287464,0.5223550463462162,109080.0,109080.0,1.0,14.49,4.0,1538.6453431039172,0.01
258,3.5920908451080322,0.7469429347826086,0.733742592348824,0.13652319365409382,0.16353734577795842,0.32239519259287464,0.5181489058884755,109079.99999999999,109079.99999999999,1.0,14.49,4.0,1538.6453431039174,0.01
259,3.7323899269104004,0.7527173913043478,0.7386991134351932,0.13652319365409382,0.16353734577795842,0.32239519259287464,0.5272557005140286,109080.0,109080.0,1.0,14.49,4.0,1538.6453431039174,0.01
260,3.7423980236053467,0.7686820652173914,0.7462837766585471,0.13652319365409382,0.16353734577795842,0.32239519259287464,0.5309843313317824,109080.0,109080.0,1.0,14.49,4.0,1538.6453431039172,0.01
261,3.1240150928497314,0.7829483695652174,0.7741108608640452,0.13652319365409385,0.16353734577795842,0.32239519259287464,0.5104471614039113,109079.99999999999,109079.99999999999,1.0,14.49,4.0,1538.6453431039172,0.01
262,3.109863519668579,0.7934782608695651,0.7829216346306102,0.13652319365409382,0.16353734577795842,0.32239519259287464,0.5160424441780177,109080.0,109080.0,1.0,14.49,4.0,1538.6453431039172,0.01
263,3.3795783519744873,0.7798913043478262,0.7663044310538006,0.13652319365409385,0.16353734577795842,0.32239519259287464,0.5199799055762597,109080.0,109080.0,1.0,14.49,4.0,1538.6453431039174,0.01
264,3.401263475418091,0.7717391304347826,0.760894461776059,0.13652319365409382,0.16353734577795842,0.32239519259287464,0.524193125366516,109079.99999999999,109079.99999999999,1.0,14.49,4.0,1538.645640642002,0.01
265,4.578129291534424,0.7513586956521738,0.7096422782167684,0.13652319365409382,0.16353734577795842,0.32239519259287464,0.5283394972504937,109079.99999999999,109079.99999999999,1.0,14.49,4.0,1538.645640642002,0.01
266,3.429891347885132,0.7686820652173914,0.7482685825075288,0.13652319365409382,0.16353734577795842,0.32239519259287464,0.5221447442963282,109080.0,109080.0,1.0,14.49,4.0,1538.6456406420023,0.01
267,4.042708396911621,0.7530570652173914,0.7244169105798334,0.13652319365409382,0.16353734577795842,0.32239519259287464,0.516562868351516,109079.99999999999,109079.99999999999,1.0,14.49,4.0,1538.645938180087,0.01
268,3.3542375564575195,0.7795516304347826,0.7586071392387824,0.13652319365409382,0.16353734577795842,0.32239519259287464,0.5288863055918758,109080.0,109080.0,1.0,14.49,4.0,1538.645938180087,0.01
269,3.3182692527770996,0.7795516304347826,0.7652583540010686,0.13652319365409385,0.16353734577795842,0.32239519259287464,0.5282481048130495,109079.99999999999,109079.99999999999,1.0,14.49,4.0,1538.645938180087,0.01
270,3.7250616550445557,0.7697010869565217,0.7522084393575842,0.13652319365409385,0.16353734577795842,0.32239519259287464,0.5288952993101341,109079.99999999999,109079.99999999999,1.0,14.49,4.0,1538.7286112622414,0.01
271,3.0313782691955566,0.7887228260869565,0.7792221101015043,0.13652319365409382,0.16353734577795842,0.32239519259287464,0.5197954497931442,109079.99999999997,109079.99999999997,1.0,14.49,4.0,1538.7286112622414,0.01
272,3.601517677307129,0.775475543478261,0.765370728920701,0.13652319365409382,0.16353734577795842,0.32239519259287464,0.5192929723900991,109080.0,109080.0,1.0,14.49,4.0,1538.7286112622414,0.01
273,3.5537912845611572,0.7717391304347826,0.7637051279531873,0.13652319365409382,0.16353734577795842,0.32239519259287464,0.5201784999832364,109080.0,109080.0,1.0,14.49,4.0,1538.7286112622417,0.01
274,3.339266538619995,0.7900815217391305,0.7865054462848761,0.13652319365409382,0.16353734577795842,0.32239519259287464,0.5206698486996942,109079.99999999999,109079.99999999999,1.0,14.49,4.0,1538.7286112622417,0.01
275,3.282275438308716,0.8019701086956522,0.7979829660018288,0.13652319365409382,0.16353734577795842,0.32239519259287464,0.516832392934357,109079.99999999999,109079.99999999999,1.0,14.49,4.0,1538.7286112622414,0.01
276,3.4010989665985107,0.8029891304347826,0.7970810575554687,0.13652319365409385,0.16353734577795842,0.32239519259287464,0.5220645539000451,109080.0,109080.0,1.0,14.49,4.0,1538.7286112622414,0.01
277,3.6705219745635986,0.7897418478260869,0.7832709397162594,0.13652319365409382,0.16353734577795842,0.32239519259287464,0.5144051471654167,109080.0,109080.0,1.0,14.49,4.0,1538.7286112622414,0.01
278,3.943436861038208,0.7788722826086957,0.7711399828657375,0.13652319365409382,0.16353734577795842,0.32239519259287464,0.5293485837156547,109079.99999999999,109079.99999999999,1.0,14.49,4.0,1538.7286112622414,0.01
279,4.3005194664001465,0.7741168478260869,0.757301366830133,0.13652319365409382,0.16353734577795842,0.32239519259287464,0.5263838112938002,109079.99999999999,109079.99999999999,1.0,14.49,4.0,1538.7286112622414,0.01
280,3.8659822940826416,0.7897418478260869,0.7787342626637105,0.13652319365409382,0.16353734577795842,0.32239519259287464,0.5177658442184896,109079.99999999999,109079.99999999999,1.0,14.49,4.0,1538.7286112622414,0.01
281,4.107235431671143,0.7771739130434783,0.7637495895273244,0.13652319365409382,0.16353734577795842,0.32239519259287464,0.5208232216982899,109080.0,109080.0,1.0,14.49,4.0,1538.7286112622414,0.01
282,4.8039937019348145,0.7574728260869565,0.7428438071871052,0.13652319365409385,0.16353734577795842,0.32239519259287464,0.5166582863400887,109080.0,109080.0,1.0,14.49,4.0,1538.7286112622417,0.01
283,4.2758684158325195,0.7703804347826086,0.7614068216192397,0.13652319365409385,0.16353734577795842,0.32239519259287464,0.5295315813252923,109079.99999999999,109079.99999999999,1.0,14.49,4.0,1538.7286112622414,0.01
284,4.17238187789917,0.7768342391304349,0.7697450145668725,0.13652319365409385,0.16353734577795842,0.32239519259287464,0.5223102782963409,109079.99999999999,109079.99999999999,1.0,14.49,4.0,1538.7286112622414,0.01
285,4.2069091796875,0.7829483695652174,0.7760362313913133,0.13652319365409385,0.16353734577795842,0.32239519259287464,0.5200786439132379,109080.0,109080.0,1.0,14.49,4.0,1538.7286112622414,0.01
286,4.145204067230225,0.7866847826086957,0.7807903508522703,0.13652319365409385,0.16353734577795842,0.32239519259287464,0.5125241485202403,109080.0,109080.0,1.0,14.49,4.0,1538.7383450081609,0.01
287,4.668447971343994,0.775475543478261,0.7664893533222474,0.13652319365409382,0.16353734577795842,0.32239519259287464,0.5289100107287946,109080.0,109080.0,1.0,14.49,4.0,1538.738345008161,0.01
288,4.83360481262207,0.7571331521739131,0.7470687619580834,0.13652319365409382,0.16353734577795842,0.32239519259287464,0.5221615013412084,109080.0,109080.0,1.0,14.49,4.0,1538.738345008161,0.01
289,4.120582580566406,0.7975543478260869,0.7902967365158725,0.13652319365409385,0.16353734577795842,0.32239519259287464,0.5179443041570039,109079.99999999999,109079.99999999999,1.0,14.49,4.0,1538.7383450081609,0.01
290,4.068938732147217,0.8053668478260869,0.798718292738367,0.13652319365409382,0.16353734577795842,0.32239519259287464,0.5262520449465066,109080.0,109080.0,1.0,14.49,4.0,1538.738345008161,0.01
291,3.7835299968719482,0.8206521739130435,0.8152312917268353,0.13652319365409385,0.16353734577795842,0.32239519259287464,0.5191997495257946,109079.99999999999,109079.99999999999,1.0,14.49,4.0,1538.7383450081609,0.01
292,3.688422203063965,0.8267663043478262,0.8215317638308041,0.13652319365409385,0.16353734577795842,0.32239519259287464,0.524621015599036,109080.0,109080.0,1.0,14.49,4.0,1538.7383450081609,0.01
293,3.683199644088745,0.8135190217391305,0.8079197318045535,0.13652319365409385,0.16353734577795842,0.32239519259287464,0.5251458420522583,109079.99999999999,109079.99999999999,1.0,14.49,4.0,1538.7383450081609,0.01
294,3.6576859951019287,0.818274456521739,0.8126429092712261,0.13652319365409385,0.16353734577795842,0.32239519259287464,0.5252733534126987,109080.0,109080.0,1.0,14.49,4.0,1538.738345008161,0.01
295,4.305449962615967,0.7897418478260869,0.7825829721604651,0.13652319365409385,0.16353734577795842,0.32239519259287464,0.5344091473518181,109080.0,109080.0,1.0,14.49,4.0,1538.738345008161,0.01
296,4.23630952835083,0.8091032608695651,0.8013290938915352,0.13652319365409382,0.16353734577795842,0.32239519259287464,0.5191066340341661,109080.0,109080.0,1.0,14.49,4.0,1538.7609579026116,0.01
297,4.422676086425781,0.7839673913043478,0.775797801803682,0.13652319365409382,0.16353734577795842,0.32239519259287464,0.5206845645611382,109080.0,109080.0,1.0,14.49,4.0,1538.7609579026116,0.01
298,3.8686299324035645,0.8284646739130435,0.823346327864888,0.13652319365409385,0.16353734577795842,0.32239519259287464,0.511879716137418,109079.99999999999,109079.99999999999,1.0,14.49,4.0,1538.7609579026116,0.01
299,4.0479278564453125,0.8053668478260869,0.7961788602589436,0.13652319365409385,0.16353734577795842,0.32239519259287464,0.5229466922978452,109079.99999999999,109079.99999999999,1.0,14.49,4.0,1538.7609579026116,0.01
300,4.015877723693848,0.8216711956521738,0.815435911390831,0.13652319365409382,0.16353734577795842,0.32239519259287464,0.5251965855164159,109079.99999999999,109079.99999999999,1.0,14.49,4.0,1538.7609579026114,0.01
301,4.651577472686768,0.7781929347826086,0.7705621643742264,0.13652319365409382,0.16353734577795842,0.32239519259287464,0.5301053847983819,109079.99999999999,109079.99999999999,1.0,14.49,4.0,1538.7609579026114,0.01
302,4.989957332611084,0.7629076086956522,0.7557205069409015,0.13652319365409382,0.16353734577795842,0.32239519259287464,0.5368004550547283,109080.0,109080.0,1.0,14.49,4.0,1538.7609579026116,0.01
303,4.74764347076416,0.7781929347826086,0.7726731977420899,0.13652319365409382,0.16353734577795842,0.32239519259287464,0.5338143066496014,109080.0,109080.0,1.0,14.49,4.0,1538.7718818008707,0.01
304,4.237342357635498,0.8023097826086957,0.7986488333493456,0.13652319365409385,0.16353734577795842,0.32239519259287464,0.5118975295919329,109080.0,109080.0,1.0,14.49,4.0,1538.7718818008707,0.01
305,5.260567665100098,0.7547554347826086,0.7462890270085406,0.13652319365409382,0.16353734577795842,0.32239519259287464,0.5259503598960362,109079.99999999999,109079.99999999999,1.0,14.49,4.0,1538.7718818008702,0.01
306,4.745844841003418,0.7934782608695651,0.787868201820426,0.13652319365409382,0.16353734577795842,0.32239519259287464,0.5296510995990953,109080.0,109080.0,1.0,14.49,4.0,1538.78161554679,0.01
307,4.50161075592041,0.8002717391304349,0.7948388473707266,0.13652319365409382,0.16353734577795842,0.32239519259287464,0.5229420703435489,109079.99999999999,109079.99999999999,1.0,14.49,4.0,1538.78161554679,0.01
308,4.321181297302246,0.8012907608695651,0.7961990041419634,0.13652319365409382,0.16353734577795842,0.32239519259287464,0.5201203172562301,109079.99999999999,109079.99999999999,1.0,14.49,4.0,1538.7816155467901,0.01
309,5.122690677642822,0.765625,0.7542079519275452,0.13652319365409382,0.16353734577795842,0.32239519259287464,0.5253598393306899,109080.0,109080.0,1.0,14.49,4.0,1538.78161554679,0.01
310,4.744936466217041,0.7890625,0.781656753580908,0.13652319365409382,0.16353734577795842,0.32239519259287464,0.5217958387145538,109079.99999999999,109079.99999999999,1.0,14.49,4.0,1538.78161554679,0.01
311,4.800589084625244,0.8002717391304349,0.7955928522138824,0.13652319365409385,0.16353734577795842,0.32239519259287464,0.5199603244451495,109079.99999999999,109079.99999999999,1.0,14.49,4.0,1538.7816155467901,0.01
312,5.225866317749023,0.7856657608695651,0.7804326847186956,0.13652319365409382,0.16353734577795842,0.32239519259287464,0.5123496718453375,109079.99999999999,109079.99999999999,1.0,14.49,4.0,1538.78161554679,0.01
313,4.734641075134277,0.796875,0.7925479095680101,0.13652319365409382,0.16353734577795842,0.32239519259287464,0.5280401254309923,109079.99999999999,109079.99999999999,1.0,14.49,4.0,1538.7816155467897,0.01
314,4.594789981842041,0.8152173913043478,0.810666423651131,0.13652319365409382,0.16353734577795842,0.32239519259287464,0.5219632174102214,109079.99999999999,109079.99999999999,1.0,14.49,4.0,1538.78161554679,0.01
315,5.407747268676758,0.7639266304347826,0.7567360330418079,0.13652319365409382,0.16353734577795842,0.32239519259287464,0.52409699338694,109079.99999999999,109079.99999999999,1.0,14.49,4.0,1538.78161554679,0.01
316,4.983295440673828,0.7697010869565217,0.7575709346650134,0.13652319365409382,0.16353734577795842,0.32239519259287464,0.5262455399978148,109080.0,109080.0,1.0,14.49,4.0,1538.78161554679,0.01
317,4.601076126098633,0.7849864130434783,0.7781970757902201,0.13652319365409385,0.16353734577795842,0.32239519259287464,0.534189376140964,109080.0,109080.0,1.0,14.49,4.0,1538.78161554679,0.01
318,4.944402694702148,0.7744565217391305,0.7646119506993986,0.13652319365409385,0.16353734577795842,0.32239519259287464,0.5194622128066873,109080.0,109080.0,1.0,14.49,4.0,1538.78161554679,0.01
319,4.506503105163574,0.8108016304347826,0.8082185609058912,0.13652319365409382,0.16353734577795842,0.32239519259287464,0.5240634422956016,109080.0,109080.0,1.0,14.49,4.0,1538.78161554679,0.01
320,5.13975191116333,0.7860054347826086,0.776932417577335,0.13652319365409382,0.16353734577795842,0.32239519259287464,0.5221500393485607,109080.0,109080.0,1.0,14.49,4.0,1538.7816155467901,0.01
321,4.559062957763672,0.8016304347826086,0.7975125059112039,0.13652319365409382,0.16353734577795842,0.32239519259287464,0.5160026844748995,109080.0,109080.0,1.0,14.49,4.0,1538.7816155467901,0.01
322,4.711540699005127,0.7999320652173914,0.7965917042929218,0.13652319365409385,0.16353734577795842,0.32239519259287464,0.5195346915682978,109080.0,109080.0,1.0,14.49,4.0,1538.78161554679,0.01
323,4.248555660247803,0.8111413043478262,0.8077503170151064,0.13652319365409385,0.16353734577795842,0.32239519259287464,0.514004228585952,109080.0,109080.0,1.0,14.49,4.0,1538.78161554679,0.01
324,4.853650093078613,0.7866847826086957,0.7814117651994977,0.13652319365409382,0.16353734577795842,0.32239519259287464,0.5095360315079529,109079.99999999999,109079.99999999999,1.0,14.49,4.0,1538.78161554679,0.01
325,4.201655387878418,0.794836956521739,0.7936962886105157,0.13652319365409382,0.16353734577795842,0.32239519259287464,0.5133978021417271,109079.99999999999,109079.99999999999,1.0,14.49,4.0,1538.7816155467901,0.01
326,4.867918491363525,0.7805706521739131,0.7756085932863437,0.13652319365409385,0.16353734577795842,0.32239519259287464,0.5270922375646327,109079.99999999999,109079.99999999999,1.0,14.49,4.0,1538.7816155467901,0.01
327,4.312150478363037,0.8029891304347826,0.7986500488970423,0.13652319365409382,0.16353734577795842,0.32239519259287464,0.5277234230583718,109080.0,109080.0,1.0,14.49,4.0,1538.78161554679,0.01
328,4.123487949371338,0.8012907608695651,0.7980751197503448,0.13652319365409382,0.16353734577795842,0.32239519259287464,0.5240420335589606,109079.99999999997,109079.99999999997,1.0,14.49,4.0,1538.78161554679,0.01
329,5.47481632232666,0.7700407608695651,0.7496721845700148,0.13652319365409385,0.16353734577795842,0.32239519259287464,0.5329277665882297,109080.0,109080.0,1.0,14.49,4.0,1538.78161554679,0.01
330,5.544162750244141,0.7408288043478262,0.726627923815412,0.13652319365409385,0.16353734577795842,0.32239519259287464,0.5192278548669762,109080.0,109080.0,1.0,14.49,4.0,1538.78161554679,0.01
331,4.1483378410339355,0.791100543478261,0.7846936226161629,0.13652319365409382,0.16353734577795842,0.32239519259287464,0.5250218191201331,109079.99999999999,109079.99999999999,1.0,14.49,4.0,1538.78161554679,0.01
332,4.59163761138916,0.7741168478260869,0.7643220629951702,0.13652319365409382,0.16353734577795842,0.32239519259287464,0.5258047755836014,109080.0,109080.0,1.0,14.49,4.0,1538.7925394450488,0.01
333,4.331113338470459,0.7839673913043478,0.7740617461173618,0.13652319365409382,0.16353734577795842,0.32239519259287464,0.5233438989802206,109080.0,109080.0,1.0,14.49,4.0,1538.792539445049,0.01
334,4.00493049621582,0.787024456521739,0.7814167576432864,0.13652319365409382,0.16353734577795842,0.32239519259287464,0.5276555325572457,109080.0,109080.0,1.0,14.49,4.0,1538.7925394450488,0.01
335,4.998358249664307,0.7629076086956522,0.7495961962009949,0.13652319365409388,0.16353734577795842,0.32239519259287464,0.5207576062266793,109079.99999999999,109079.99999999999,1.0,14.49,4.0,1538.7925394450488,0.01
336,3.9262197017669678,0.8023097826086957,0.7982463279129617,0.13652319365409382,0.16353734577795842,0.32239519259287464,0.5204660177749699,109080.0,109080.0,1.0,14.49,4.0,1538.7925394450488,0.01
337,4.074951171875,0.8009510869565217,0.7949009243001112,0.13652319365409382,0.16353734577795842,0.32239519259287464,0.5195412454524678,109080.0,109080.0,1.0,14.49,4.0,1538.7925394450488,0.01
338,3.78816556930542,0.8118206521739131,0.8069660723598919,0.13652319365409385,0.16353734577795842,0.32239519259287464,0.5226560387115873,109079.99999999999,109079.99999999999,1.0,14.49,4.0,1538.813728407236,0.01
339,3.642728328704834,0.8080842391304349,0.8020274144795572,0.13652319365409382,0.16353734577795842,0.32239519259287464,0.5190471068948864,109080.0,109080.0,1.0,14.49,4.0,1538.813728407236,0.01
340,3.7262184619903564,0.7849864130434783,0.7766802414679848,0.13652319365409385,0.16353734577795842,0.32239519259287464,0.5246061384677887,109079.99999999999,109079.99999999999,1.0,14.49,4.0,1538.8137284072359,0.01
341,4.159107208251953,0.7768342391304349,0.7663189305389291,0.13652319365409382,0.16353734577795842,0.32239519259287464,0.5318951478979922,109079.99999999999,109079.99999999999,1.0,14.49,4.0,1538.8137284072359,0.01
342,3.819171190261841,0.779211956521739,0.7688599888609644,0.13652319365409382,0.16353734577795842,0.32239519259287464,0.5195150571562132,109079.99999999999,109079.99999999999,1.0,14.49,4.0,1538.8137284072359,0.01
343,3.995922327041626,0.7887228260869565,0.7804512069361277,0.13652319365409382,0.16353734577795842,0.32239519259287464,0.5192915822528262,109079.99999999999,109079.99999999999,1.0,14.49,4.0,1538.813728407236,0.01
344,3.7245466709136963,0.8063858695652174,0.8019082351433808,0.13652319365409382,0.16353734577795842,0.32239519259287464,0.5220217433017278,109080.0,109080.0,1.0,14.49,4.0,1538.813728407236,0.01
345,4.200135231018066,0.7934782608695651,0.7843566078899299,0.13652319365409382,0.16353734577795842,0.32239519259287464,0.5205840042612888,109080.0,109080.0,1.0,14.49,4.0,1538.8137284072359,0.01
346,4.078230857849121,0.8016304347826086,0.7957009154570489,0.13652319365409382,0.16353734577795842,0.32239519259287464,0.5254838162135248,109080.0,109080.0,1.0,14.49,4.0,1538.8137284072359,0.01
347,4.080157279968262,0.7992527173913043,0.7927814206279885,0.13652319365409385,0.16353734577795842,0.32239519259287464,0.5156202404166981,109080.0,109080.0,1.0,14.49,4.0,1538.813728407236,0.01
348,4.3796796798706055,0.794836956521739,0.78826918256037,0.13652319365409382,0.16353734577795842,0.32239519259287464,0.5230164834672142,109079.99999999999,109079.99999999999,1.0,14.49,4.0,1538.813728407236,0.01
349,4.7929863929748535,0.7883831521739131,0.779519808778143,0.13652319365409382,0.16353734577795842,0.32239519259287464,0.5113210140750769,109079.99999999999,109079.99999999999,1.0,14.49,4.0,1538.8137284072359,0.01
350,4.65042781829834,0.7849864130434783,0.7787687669692667,0.13652319365409388,0.16353734577795842,0.32239519259287464,0.5177798971322985,109079.99999999999,109079.99999999999,1.0,14.49,4.0,1538.8964014893907,0.01
351,5.234100341796875,0.7666440217391305,0.7605007170336497,0.13652319365409382,0.16353734577795842,0.32239519259287464,0.5272067094523706,109079.99999999999,109079.99999999999,1.0,14.49,4.0,1538.8964014893904,0.01
352,4.834558486938477,0.7758152173913043,0.7694960622744661,0.13652319365409385,0.16353734577795842,0.32239519259287464,0.5247355231911884,109080.0,109080.0,1.0,14.49,4.0,1538.8964014893904,0.01
353,5.992739677429199,0.7449048913043478,0.7323386213191164,0.13652319365409385,0.16353734577795842,0.32239519259287464,0.5272168239519828,109080.0,109080.0,1.0,14.49,4.0,1538.8964014893904,0.01
354,6.399061679840088,0.7516983695652174,0.7404274517560349,0.13652319365409382,0.16353734577795842,0.32239519259287464,0.5359592620644138,109079.99999999999,109079.99999999999,1.0,14.49,4.0,1538.8964014893904,0.01
355,5.089721202850342,0.7982336956521738,0.7931287116859078,0.13652319365409382,0.16353734577795842,0.32239519259287464,0.5331981079622503,109080.0,109080.0,1.0,14.49,4.0,1538.8964014893904,0.01
356,4.943605899810791,0.7907608695652174,0.7855044741915359,0.13652319365409382,0.16353734577795842,0.32239519259287464,0.539189543668282,109079.99999999999,109079.99999999999,1.0,14.49,4.0,1538.8964014893904,0.01
357,5.233099460601807,0.7887228260869565,0.7826175242977319,0.13652319365409385,0.16353734577795842,0.32239519259287464,0.5354636494431064,109080.0,109080.0,1.0,14.49,4.0,1538.8964014893904,0.01
358,5.697135925292969,0.765625,0.7598432715627602,0.13652319365409385,0.16353734577795842,0.32239519259287464,0.5333084830197468,109079.99999999999,109079.99999999999,1.0,14.49,4.0,1538.8964014893904,0.01
359,5.1510515213012695,0.7955163043478262,0.7883477782026829,0.13652319365409382,0.16353734577795842,0.32239519259287464,0.5332950132780417,109079.99999999999,109079.99999999999,1.0,14.49,4.0,1538.8964014893907,0.01
360,5.37598180770874,0.8009510869565217,0.7946285986298021,0.13652319365409382,0.16353734577795842,0.32239519259287464,0.5414115438264134,109079.99999999997,109079.99999999997,1.0,14.49,4.0,1538.8964014893904,0.01
361,4.874052047729492,0.8036684782608695,0.7981827180727826,0.13652319365409382,0.16353734577795842,0.32239519259287464,0.5470419474537925,109080.0,109080.0,1.0,14.49,4.0,1538.8964014893904,0.01
362,5.339633941650391,0.7927989130434783,0.7848967893752566,0.13652319365409385,0.16353734577795842,0.32239519259287464,0.5256214793021583,109080.0,109080.0,1.0,14.49,4.0,1538.8964014893904,0.01
363,4.976529121398926,0.8091032608695651,0.8032135057997309,0.13652319365409382,0.16353734577795842,0.32239519259287464,0.530345483009133,109080.0,109080.0,1.0,14.49,4.0,1538.8964014893904,0.01
364,4.957614421844482,0.8091032608695651,0.8036888874366378,0.13652319365409382,0.16353734577795842,0.32239519259287464,0.5438147966179416,109079.99999999999,109079.99999999999,1.0,14.49,4.0,1538.8964014893904,0.01
365,4.989225387573242,0.8169157608695651,0.8111228623109841,0.13652319365409385,0.16353734577795842,0.32239519259287464,0.5462025463321653,109079.99999999999,109079.99999999999,1.0,14.49,4.0,1538.8964014893904,0.01
366,5.500333309173584,0.7826086956521738,0.7735306423219053,0.13652319365409385,0.16353734577795842,0.32239519259287464,0.5367823882642586,109080.0,109080.0,1.0,14.49,4.0,1538.9290031624046,0.01
367,5.7484564781188965,0.8029891304347826,0.7957483912982074,0.13652319365409385,0.16353734577795842,0.32239519259287464,0.5331951644072984,109079.99999999999,109079.99999999999,1.0,14.49,4.0,1538.9290031624046,0.01
368,5.738274097442627,0.8080842391304349,0.8022560826729748,0.13652319365409382,0.16353734577795842,0.32239519259287464,0.5248218716423192,109080.0,109080.0,1.0,14.49,4.0,1538.9290031624048,0.01
369,5.385371685028076,0.8125,0.8056454363920502,0.13652319365409385,0.16353734577795842,0.32239519259287464,0.5302534562589294,109080.0,109080.0,1.0,14.49,4.0,1538.9290031624046,0.01
370,5.5202507972717285,0.806725543478261,0.7979044992761848,0.13652319365409382,0.16353734577795842,0.32239519259287464,0.5367158899434372,109079.99999999999,109079.99999999999,1.0,14.49,4.0,1538.9290031624046,0.01
371,5.766690254211426,0.8006114130434783,0.7912476493851648,0.13652319365409382,0.16353734577795842,0.32239519259287464,0.5263146442220311,109079.99999999999,109079.99999999999,1.0,14.49,4.0,1538.9290031624043,0.01
372,5.75960111618042,0.8002717391304349,0.7906297079607736,0.13652319365409385,0.16353734577795842,0.32239519259287464,0.5246941197554098,109080.0,109080.0,1.0,14.49,4.0,1538.9290031624046,0.01
373,6.1810526847839355,0.7781929347826086,0.7634212070520618,0.13652319365409382,0.16353734577795842,0.32239519259287464,0.5292564681422075,109080.0,109080.0,1.0,14.49,4.0,1538.9290031624048,0.01
374,5.531027793884277,0.8128396739130435,0.8077636409743909,0.13652319365409385,0.16353734577795842,0.32239519259287464,0.5264535411722123,109079.99999999999,109079.99999999999,1.0,14.49,4.0,1538.9290031624048,0.01
375,6.587657928466797,0.7992527173913043,0.793557316081964,0.13652319365409382,0.16353734577795842,0.32239519259287464,0.5196274615605326,109079.99999999999,109079.99999999999,1.0,14.49,4.0,1538.9290031624046,0.01
376,5.675132751464844,0.8063858695652174,0.7989735751075653,0.13652319365409382,0.16353734577795842,0.32239519259287464,0.5365679726831543,109079.99999999999,109079.99999999999,1.0,14.49,4.0,1538.9290031624046,0.01
377,5.5217604637146,0.7944972826086957,0.7871544447438577,0.13652319365409382,0.16353734577795842,0.32239519259287464,0.5285704162162329,109080.0,109080.0,1.0,14.49,4.0,1538.9290031624046,0.01
378,5.392378807067871,0.8036684782608695,0.7979834805812879,0.13652319365409382,0.16353734577795842,0.32239519259287464,0.5236380468644567,109079.99999999999,109079.99999999999,1.0,14.49,4.0,1538.9290031624046,0.01
379,6.560354709625244,0.7775135869565217,0.7694707295640594,0.13652319365409382,0.16353734577795842,0.32239519259287464,0.5277468367551693,109080.0,109080.0,1.0,14.49,4.0,1538.9387369083242,0.01
380,5.664869785308838,0.7880434782608695,0.7775115582536208,0.13652319365409385,0.16353734577795842,0.32239519259287464,0.5259274809871586,109080.0,109080.0,1.0,14.49,4.0,1538.938736908324,0.01
381,5.838292598724365,0.7849864130434783,0.7738139763924927,0.13652319365409382,0.16353734577795842,0.32239519259287464,0.5275484569962577,109080.0,109080.0,1.0,14.49,4.0,1538.9387369083242,0.01
382,6.3657660484313965,0.7615489130434783,0.7513552147188998,0.13652319365409382,0.16353734577795842,0.32239519259287464,0.526615705726196,109080.0,109080.0,1.0,14.49,4.0,1538.938736908324,0.01
383,6.474418640136719,0.7724184782608695,0.7578429682476521,0.13652319365409382,0.16353734577795842,0.32239519259287464,0.5291814209976446,109079.99999999999,109079.99999999999,1.0,14.49,4.0,1538.9599258705111,0.01
384,5.797280788421631,0.7927989130434783,0.7839235448940924,0.13652319365409382,0.16353734577795842,0.32239519259287464,0.514164842803019,109080.0,109080.0,1.0,14.49,4.0,1538.9599258705111,0.01
385,5.858436107635498,0.787024456521739,0.7801242035356234,0.13652319365409385,0.16353734577795842,0.32239519259287464,0.5207195835546777,109079.99999999999,109079.99999999999,1.0,14.49,4.0,1538.9599258705111,0.01
386,6.073007583618164,0.7873641304347826,0.7787640549190389,0.13652319365409385,0.16353734577795842,0.32239519259287464,0.5158234788621731,109080.0,109080.0,1.0,14.49,4.0,1538.9599258705111,0.01
387,5.833362579345703,0.7880434782608695,0.7803057390964095,0.13652319365409385,0.16353734577795842,0.32239519259287464,0.5310993098590008,109079.99999999999,109079.99999999999,1.0,14.49,4.0,1538.9599258705111,0.01
388,6.205672264099121,0.7747961956521738,0.766775515249366,0.13652319365409385,0.16353734577795842,0.32239519259287464,0.5328063525429747,109080.0,109080.0,1.0,14.49,4.0,1538.9825387649616,0.01
389,6.320558547973633,0.7778532608695651,0.7700969430895828,0.13652319365409382,0.16353734577795842,0.32239519259287464,0.5330292399936194,109079.99999999999,109079.99999999999,1.0,14.49,4.0,1538.9825387649616,0.01
390,5.690051078796387,0.7897418478260869,0.7822291504593365,0.13652319365409382,0.16353734577795842,0.32239519259287464,0.5287010720297614,109080.0,109080.0,1.0,14.49,4.0,1538.9964592967897,0.01
391,5.628372669219971,0.7887228260869565,0.7826857164109647,0.13652319365409382,0.16353734577795842,0.32239519259287464,0.5355564295207844,109080.0,109080.0,1.0,14.49,4.0,1538.99645929679,0.01
392,5.885164737701416,0.7846467391304349,0.776925043750853,0.13652319365409385,0.16353734577795842,0.32239519259287464,0.5341982408239221,109080.0,109080.0,1.0,14.49,4.0,1538.9967568348748,0.01
393,5.71131706237793,0.7890625,0.7817546962625069,0.13652319365409382,0.16353734577795842,0.32239519259287464,0.5182027680570335,109080.0,109080.0,1.0,14.49,4.0,1538.9967568348748,0.01
394,6.021478652954102,0.7883831521739131,0.7809781770601821,0.13652319365409382,0.16353734577795842,0.32239519259287464,0.5250912711786367,109079.99999999999,109079.99999999999,1.0,14.49,4.0,1538.9967568348745,0.01
395,6.622712135314941,0.7666440217391305,0.7568137739181752,0.13652319365409385,0.16353734577795842,0.32239519259287464,0.5181186823447977,109079.99999999999,109079.99999999999,1.0,14.49,4.0,1538.9967568348745,0.01
396,6.321649551391602,0.7734375,0.7656717417846859,0.13652319365409385,0.16353734577795842,0.32239519259287464,0.5220526834955932,109080.0,109080.0,1.0,14.49,4.0,1538.9967568348748,0.01
397,5.278632164001465,0.8063858695652174,0.8017924268144943,0.13652319365409385,0.16353734577795842,0.32239519259287464,0.5308481192173714,109080.0,109080.0,1.0,14.49,4.0,1539.0064905807942,0.01
398,6.014557361602783,0.7778532608695651,0.7681962545799129,0.13652319365409382,0.16353734577795842,0.32239519259287464,0.5256912531868287,109079.99999999999,109079.99999999999,1.0,14.49,4.0,1539.0064905807942,0.01
399,5.559024333953857,0.7931385869565217,0.786750181064324,0.13652319365409388,0.16353734577795842,0.32239519259287464,0.5288890234728763,109080.0,109080.0,1.0,14.49,4.0,1539.0064905807942,0.01
400,6.072614669799805,0.7866847826086957,0.7773448258451434,0.13652319365409382,0.16353734577795842,0.32239519259287464,0.5356376789210282,109079.99999999999,109079.99999999999,1.0,14.49,4.0,1539.006490580794,0.01
401,6.716125965118408,0.7822690217391305,0.7694522900929065,0.13652319365409382,0.16353734577795842,0.32239519259287464,0.5259912794899759,109080.0,109080.0,1.0,14.49,4.0,1539.0064905807938,0.01
402,6.977869510650635,0.7717391304347826,0.762218567408135,0.13652319365409385,0.16353734577795842,0.32239519259287464,0.5250609294309709,109079.99999999999,109079.99999999999,1.0,14.49,4.0,1539.0064905807942,0.01
403,6.9723615646362305,0.7904211956521738,0.7825641983403747,0.13652319365409382,0.16353734577795842,0.32239519259287464,0.5373559134634327,109079.99999999999,109079.99999999999,1.0,14.49,4.0,1539.0064905807942,0.01
404,6.963867664337158,0.7747961956521738,0.7622537820691698,0.13652319365409382,0.16353734577795842,0.32239519259287464,0.5311547003451318,109080.0,109080.0,1.0,14.49,4.0,1539.006490580794,0.01
405,7.242471694946289,0.7785326086956522,0.7675325512144919,0.13652319365409385,0.16353734577795842,0.32239519259287464,0.5336328022692746,109080.0,109080.0,1.0,14.49,4.0,1539.0064905807942,0.01
406,6.857388496398926,0.7795516304347826,0.7733532617072338,0.13652319365409382,0.16353734577795842,0.32239519259287464,0.5286072210790802,109079.99999999999,109079.99999999999,1.0,14.49,4.0,1539.0064905807942,0.01
407,6.684364318847656,0.7724184782608695,0.7643649695465654,0.13652319365409382,0.16353734577795842,0.32239519259287464,0.5332831651847951,109080.0,109080.0,1.0,14.49,4.0,1539.0064905807942,0.01
408,6.85663366317749,0.7737771739130435,0.7686941435264005,0.13652319365409385,0.16353734577795842,0.32239519259287464,0.5306002269696619,109079.99999999999,109079.99999999999,1.0,14.49,4.0,1539.0064905807942,0.01
409,7.01473331451416,0.7795516304347826,0.7739774992544086,0.13652319365409382,0.16353734577795842,0.32239519259287464,0.5284017572854366,109079.99999999999,109079.99999999999,1.0,14.49,4.0,1539.0064905807942,0.01
410,7.209596633911133,0.7663043478260869,0.7575198761911386,0.13652319365409388,0.16353734577795842,0.32239519259287464,0.5256120040120963,109079.99999999999,109079.99999999999,1.0,14.49,4.0,1538.7548089592967,0.01
411,6.8555145263671875,0.7659646739130435,0.7552172159455384,0.13652319365409385,0.16353734577795842,0.32239519259287464,0.5268911981997733,109079.99999999999,109079.99999999999,1.0,14.49,4.0,1538.8710825923217,0.01
412,6.711104869842529,0.7605298913043478,0.7487652038575188,0.13652319365409385,0.16353734577795842,0.32239519259287464,0.5232920133315181,109080.0,109080.0,1.0,14.49,4.0,1538.871082592322,0.01
413,6.860771179199219,0.7588315217391305,0.7476064554857474,0.13652319365409382,0.16353734577795842,0.32239519259287464,0.5196962505092559,109080.0,109080.0,1.0,14.49,4.0,1538.8947368700694,0.01
414,6.495638370513916,0.7690217391304349,0.7643572226632234,0.13652319365409385,0.16353734577795842,0.32239519259287464,0.5213772353915836,109080.0,109080.0,1.0,14.49,4.0,1538.8947368700692,0.01
415,6.959542274475098,0.7550951086956522,0.7411667712372797,0.13652319365409382,0.16353734577795842,0.32239519259287464,0.5187126309230876,109080.0,109080.0,1.0,14.49,4.0,1538.8947368700694,0.01
416,6.842162132263184,0.7693614130434783,0.7644153610401963,0.13652319365409382,0.16353734577795842,0.32239519259287464,0.5305749337483802,109079.99999999999,109079.99999999999,1.0,14.49,4.0,1538.9044706159887,0.01
417,7.390535354614258,0.7530570652173914,0.7420453993595196,0.13652319365409385,0.16353734577795842,0.32239519259287464,0.5305140996199826,109080.0,109080.0,1.0,14.49,4.0,1538.9044706159889,0.01
418,7.470924377441406,0.7595108695652174,0.7457173476647588,0.13652319365409385,0.16353734577795842,0.32239519259287464,0.538446788527112,109080.0,109080.0,1.0,14.49,4.0,1538.9044706159889,0.01
419,7.315688610076904,0.7697010869565217,0.7596660440817097,0.13652319365409382,0.16353734577795842,0.32239519259287464,0.5243178555768255,109079.99999999999,109079.99999999999,1.0,14.49,4.0,1538.9044706159889,0.01
420,7.271976947784424,0.7615489130434783,0.752619166550187,0.13652319365409382,0.16353734577795842,0.32239519259287464,0.5392875992434588,109080.0,109080.0,1.0,14.49,4.0,1538.9256595781758,0.01
421,7.8178791999816895,0.7469429347826086,0.7303966678589832,0.13652319365409385,0.16353734577795842,0.32239519259287464,0.5322897972557308,109080.0,109080.0,1.0,14.49,4.0,1538.925659578176,0.01
422,7.060293197631836,0.767663043478261,0.7584871712978888,0.13652319365409382,0.16353734577795842,0.32239519259287464,0.5150767017046438,109079.99999999999,109079.99999999999,1.0,14.49,4.0,1538.925659578176,0.01
423,8.185526847839355,0.7493206521739131,0.7314178160701197,0.13652319365409382,0.16353734577795842,0.32239519259287464,0.5221495943567569,109079.99999999999,109079.99999999999,1.0,14.49,4.0,1538.925659578176,0.01
424,9.088022232055664,0.759850543478261,0.7386292111235511,0.13652319365409385,0.16353734577795842,0.32239519259287464,0.525376754078175,109079.99999999999,109079.99999999999,1.0,14.49,4.0,1538.9256595781758,0.01
425,8.915517807006836,0.7629076086956522,0.742086534248945,0.13652319365409388,0.16353734577795842,0.32239519259287464,0.5246044924326637,109079.99999999999,109079.99999999999,1.0,14.49,4.0,1538.9256595781758,0.01
426,8.071146011352539,0.7605298913043478,0.7429688995648398,0.13652319365409382,0.16353734577795842,0.32239519259287464,0.5266223180151348,109080.0,109080.0,1.0,14.49,4.0,1538.92542367298,0.01
427,7.728364944458008,0.747961956521739,0.7332947215467647,0.13652319365409382,0.16353734577795842,0.32239519259287464,0.5316199294501212,109079.99999999999,109079.99999999999,1.0,14.49,4.0,1538.924632009147,0.01
428,6.966837406158447,0.7785326086956522,0.7727476410142717,0.13652319365409382,0.16353734577795842,0.32239519259287464,0.5442953403548655,109079.99999999997,109079.99999999997,1.0,14.49,4.0,1538.9261196995715,0.01
429,6.471010684967041,0.7809103260869565,0.7725561866410037,0.13652319365409382,0.16353734577795842,0.32239519259287464,0.5296147649578742,109080.0,109080.0,1.0,14.49,4.0,1538.9264172376563,0.01
430,7.032562732696533,0.7741168478260869,0.7641810571187464,0.13652319365409382,0.16353734577795842,0.32239519259287464,0.536412128037545,109080.0,109080.0,1.0,14.49,4.0,1538.926417237656,0.01
431,6.771583080291748,0.7764945652173914,0.7656592983953098,0.13652319365409382,0.16353734577795842,0.32239519259287464,0.5285490372170562,109080.0,109080.0,1.0,14.49,4.0,1538.9264172376566,0.01
432,7.292552947998047,0.7693614130434783,0.7517349026225683,0.13652319365409382,0.16353734577795842,0.32239519259287464,0.5264738090539005,109079.99999999999,109079.99999999999,1.0,14.49,4.0,1538.9264172376563,0.01
433,6.4812116622924805,0.7649456521739131,0.7522232171237319,0.13652319365409382,0.16353734577795842,0.32239519259287464,0.525652397541538,109079.99999999999,109079.99999999999,1.0,14.49,4.0,1538.9264172376563,0.01
434,7.0769147872924805,0.7459239130434783,0.7274683062841384,0.13652319365409385,0.16353734577795842,0.32239519259287464,0.553694001089891,109079.99999999999,109079.99999999999,1.0,14.49,4.0,1538.9264172376566,0.01
435,6.021151542663574,0.7761548913043478,0.7672989435829661,0.13652319365409382,0.16353734577795842,0.32239519259287464,0.5446662622644799,109079.99999999997,109079.99999999997,1.0,14.49,4.0,1538.926417237656,0.01
436,6.252011775970459,0.7965353260869565,0.7924320524333813,0.13652319365409382,0.16353734577795842,0.32239519259287464,0.5300471557950818,109079.99999999997,109079.99999999997,1.0,14.49,4.0,1538.9264172376563,0.01
437,6.289089679718018,0.783288043478261,0.7741597517953438,0.13652319365409382,0.16353734577795842,0.32239519259287464,0.5194574881170727,109080.0,109080.0,1.0,14.49,4.0,1538.9264172376563,0.01
438,6.733971118927002,0.7717391304347826,0.7625239923717312,0.13652319365409385,0.16353734577795842,0.32239519259287464,0.5266259487098137,109079.99999999999,109079.99999999999,1.0,14.49,4.0,1538.9264172376563,0.01
439,7.3330864906311035,0.7690217391304349,0.7637260104174344,0.13652319365409385,0.16353734577795842,0.32239519259287464,0.5317998220080001,109080.0,109080.0,1.0,14.49,4.0,1538.9264172376563,0.01
440,7.6147847175598145,0.7530570652173914,0.7342557475648088,0.13652319365409382,0.16353734577795842,0.32239519259287464,0.5411035023848563,109080.0,109080.0,1.0,14.49,4.0,1538.9264172376566,0.01
441,7.17497444152832,0.759850543478261,0.7488059101703012,0.13652319365409382,0.16353734577795842,0.32239519259287464,0.5569594243340704,109079.99999999999,109079.99999999999,1.0,14.49,4.0,1538.9264172376563,0.01
442,6.619238376617432,0.7710597826086957,0.7623956748804441,0.13652319365409385,0.16353734577795842,0.32239519259287464,0.549452809177104,109080.0,109080.0,1.0,14.49,4.0,1538.9264172376563,0.01
443,6.960594177246094,0.7703804347826086,0.7645320894358321,0.13652319365409382,0.16353734577795842,0.32239519259287464,0.5616981299904148,109079.99999999999,109079.99999999999,1.0,14.49,4.0,1538.9264172376563,0.01
444,7.647185325622559,0.7588315217391305,0.7504222351575509,0.13652319365409385,0.16353734577795842,0.32239519259287464,0.5357522884053426,109080.0,109080.0,1.0,14.49,4.0,1538.9264172376563,0.01
445,8.00260066986084,0.7588315217391305,0.748321707469811,0.13652319365409382,0.16353734577795842,0.32239519259287464,0.5335781005118955,109079.99999999999,109079.99999999999,1.0,14.49,4.0,1538.9264172376566,0.01
446,8.612548828125,0.7445652173913043,0.72892875857815,0.13652319365409385,0.16353734577795842,0.32239519259287464,0.5417586238456887,109079.99999999999,109079.99999999999,1.0,14.49,4.0,1538.9264172376563,0.01
447,8.422175407409668,0.7449048913043478,0.7376683055236872,0.13652319365409382,0.16353734577795842,0.32239519259287464,0.5218062542208649,109079.99999999999,109079.99999999999,1.0,14.49,4.0,1538.9264172376563,0.01
448,8.847798347473145,0.744225543478261,0.7402698461873093,0.13652319365409382,0.16353734577795842,0.32239519259287464,0.5331554015585594,109079.99999999999,109079.99999999999,1.0,14.49,4.0,1538.926417237656,0.01
449,8.804766654968262,0.7452445652173914,0.744291636718173,0.13652319365409385,0.16353734577795842,0.32239519259287464,0.5437750360392383,109080.0,109080.0,1.0,14.49,4.0,1538.926417237656,0.01
450,8.442965507507324,0.7459239130434783,0.740904602630366,0.13652319365409385,0.16353734577795842,0.32239519259287464,0.5229738393597816,109080.0,109080.0,1.0,14.49,4.0,1538.9264172376566,0.01
451,8.29965877532959,0.7462635869565217,0.7347690385375766,0.13652319365409385,0.16353734577795842,0.32239519259287464,0.5241272096989333,109080.0,109080.0,1.0,14.49,4.0,1538.9264172376563,0.01
452,8.168718338012695,0.763586956521739,0.7588502057993327,0.13652319365409385,0.16353734577795842,0.32239519259287464,0.5337473112234482,109080.0,109080.0,1.0,14.49,4.0,1538.9264172376563,0.01
453,8.204134941101074,0.7544157608695651,0.7431235062030724,0.13652319365409382,0.16353734577795842,0.32239519259287464,0.5138078555383672,109079.99999999999,109079.99999999999,1.0,14.49,4.0,1538.9264172376563,0.01
454,7.803713321685791,0.7646059782608695,0.7555452525015091,0.13652319365409385,0.16353734577795842,0.32239519259287464,0.5350672316953329,109080.0,109080.0,1.0,14.49,4.0,1538.9264172376563,0.01
455,8.205598831176758,0.7554347826086957,0.7459773354727406,0.13652319365409382,0.16353734577795842,0.32239519259287464,0.5198195439492787,109079.99999999999,109079.99999999999,1.0,14.49,4.0,1538.9264172376566,0.01
456,8.855463981628418,0.7347146739130435,0.7229253246757942,0.13652319365409385,0.16353734577795842,0.32239519259287464,0.5346055875275936,109079.99999999999,109079.99999999999,1.0,14.49,4.0,1538.9264172376563,0.01
457,8.119159698486328,0.7516983695652174,0.740246051137388,0.13652319365409385,0.16353734577795842,0.32239519259287464,0.5245467567729224,109079.99999999999,109079.99999999999,1.0,14.49,4.0,1538.9264172376563,0.01
458,8.708439826965332,0.7438858695652174,0.7300749708330556,0.13652319365409382,0.16353734577795842,0.32239519259287464,0.5132187029612337,109080.0,109080.0,1.0,14.49,4.0,1538.9264172376566,0.01
459,8.096599578857422,0.7608695652173914,0.7546614870402091,0.13652319365409382,0.16353734577795842,0.32239519259287464,0.5250245032748928,109080.0,109080.0,1.0,14.49,4.0,1538.9264172376563,0.01
460,8.3582763671875,0.7703804347826086,0.7625226286450891,0.13652319365409385,0.16353734577795842,0.32239519259287464,0.5126961501755055,109080.0,109080.0,1.0,14.49,4.0,1538.9687951620306,0.01
461,8.756402969360352,0.7571331521739131,0.7465867036796912,0.13652319365409382,0.16353734577795842,0.32239519259287464,0.5226877133592038,109079.99999999999,109079.99999999999,1.0,14.49,4.0,1538.9687951620306,0.01
462,10.300104141235352,0.7459239130434783,0.7291350040910247,0.13652319365409382,0.16353734577795842,0.32239519259287464,0.5170534946129812,109079.99999999999,109079.99999999999,1.0,14.49,4.0,1538.9687951620308,0.01
463,9.238696098327637,0.7693614130434783,0.7652704991821057,0.13652319365409382,0.16353734577795842,0.32239519259287464,0.5223619364874925,109079.99999999999,109079.99999999999,1.0,14.49,4.0,1538.9687951620308,0.01
464,9.33098030090332,0.7720788043478262,0.7654420783208439,0.13652319365409385,0.16353734577795842,0.32239519259287464,0.5119722848099386,109079.99999999999,109079.99999999999,1.0,14.49,4.0,1538.9687951620308,0.01
465,9.67222785949707,0.7724184782608695,0.7639024575466666,0.13652319365409385,0.16353734577795842,0.32239519259287464,0.5177418663530277,109079.99999999999,109079.99999999999,1.0,14.49,4.0,1538.9687951620306,0.01
466,9.977341651916504,0.7612092391304349,0.7540048050125819,0.13652319365409385,0.16353734577795842,0.32239519259287464,0.5254009892035101,109080.0,109080.0,1.0,14.49,4.0,1538.9687951620308,0.01
467,9.87334156036377,0.7639266304347826,0.7554807860294338,0.13652319365409382,0.16353734577795842,0.32239519259287464,0.5244831762583652,109079.99999999999,109079.99999999999,1.0,14.49,4.0,1538.9687951620306,0.01
468,8.703048706054688,0.7815896739130435,0.7734383977860447,0.13652319365409385,0.16353734577795842,0.32239519259287464,0.5104866351798517,109080.0,109080.0,1.0,14.49,4.0,1538.9687951620306,0.01
469,8.956716537475586,0.7768342391304349,0.7698067023152344,0.13652319365409385,0.16353734577795842,0.32239519259287464,0.5178676419470852,109080.0,109080.0,1.0,14.49,4.0,1538.9687951620306,0.01
470,9.823357582092285,0.7649456521739131,0.754720953157488,0.13652319365409385,0.16353734577795842,0.32239519259287464,0.5187442505061303,109079.99999999999,109079.99999999999,1.0,14.49,4.0,1538.9687951620306,0.01
471,10.2622709274292,0.7445652173913043,0.73507027889192,0.13652319365409382,0.16353734577795842,0.32239519259287464,0.5214760210750152,109080.0,109080.0,1.0,14.49,4.0,1538.9687951620308,0.01
472,9.912421226501465,0.7601902173913043,0.7538276350441094,0.13652319365409385,0.16353734577795842,0.32239519259287464,0.5200337282462011,109080.0,109080.0,1.0,14.49,4.0,1538.9687951620306,0.01
473,10.45320987701416,0.7316576086956522,0.7232521381032764,0.13652319365409385,0.16353734577795842,0.32239519259287464,0.527912044259228,109079.99999999999,109079.99999999999,1.0,14.49,4.0,1538.9687951620308,0.01
474,10.369844436645508,0.734375,0.7292861307201598,0.13652319365409382,0.16353734577795842,0.32239519259287464,0.5120248453077475,109079.99999999999,109079.99999999999,1.0,14.49,4.0,1538.9687951620306,0.01
475,10.200431823730469,0.7391304347826086,0.7363665294578506,0.13652319365409382,0.16353734577795842,0.32239519259287464,0.5228022502996716,109079.99999999999,109079.99999999999,1.0,14.49,4.0,1538.9687951620306,0.01
476,10.8486328125,0.7296195652173914,0.7221821380330757,0.13652319365409382,0.16353734577795842,0.32239519259287464,0.5206679647648556,109080.0,109080.0,1.0,14.49,4.0,1538.982715693859,0.01
477,10.296408653259277,0.7516983695652174,0.7457687303712023,0.13652319365409385,0.16353734577795842,0.32239519259287464,0.5214955489900088,109079.99999999999,109079.99999999999,1.0,14.49,4.0,1538.9827156938584,0.01
478,10.122087478637695,0.7418478260869565,0.7353361634282317,0.13652319365409382,0.16353734577795842,0.32239519259287464,0.5314033511738263,109079.99999999999,109079.99999999999,1.0,14.49,4.0,1538.9827156938586,0.01
479,10.26747989654541,0.7554347826086957,0.7472175202637397,0.13652319365409385,0.16353734577795842,0.32239519259287464,0.522920814023573,109079.99999999999,109079.99999999999,1.0,14.49,4.0,1538.9827156938586,0.01
480,9.89254093170166,0.7584918478260869,0.7565778785640628,0.13652319365409385,0.16353734577795842,0.32239519259287464,0.5219108121179783,109080.0,109080.0,1.0,14.49,4.0,1538.9827156938588,0.01
481,10.677438735961914,0.7649456521739131,0.7578466714656703,0.13652319365409382,0.16353734577795842,0.32239519259287464,0.5197577435640827,109079.99999999999,109079.99999999999,1.0,14.49,4.0,1539.0279414827594,0.01
482,10.257161140441895,0.7690217391304349,0.762225316385162,0.13652319365409385,0.16353734577795842,0.32239519259287464,0.5283219133614196,109080.0,109080.0,1.0,14.49,4.0,1539.0279414827598,0.01
483,12.384538650512695,0.7418478260869565,0.7260714139570017,0.13652319365409382,0.16353734577795842,0.32239519259287464,0.5211461150412721,109079.99999999999,109079.99999999999,1.0,14.49,4.0,1539.0279414827596,0.01
484,10.905966758728027,0.7741168478260869,0.7708087703473359,0.13652319365409382,0.16353734577795842,0.32239519259287464,0.5208545517869562,109080.0,109080.0,1.0,14.49,4.0,1539.0279414827596,0.01
485,10.605573654174805,0.7646059782608695,0.7604256724773104,0.13652319365409382,0.16353734577795842,0.32239519259287464,0.5180018553601515,109080.0,109080.0,1.0,14.49,4.0,1539.0279414827596,0.01
486,9.82399845123291,0.7652853260869565,0.759483006497069,0.13652319365409382,0.16353734577795842,0.32239519259287464,0.5289995104106907,109079.99999999999,109079.99999999999,1.0,14.49,4.0,1539.0279414827598,0.01
487,12.522300720214844,0.7085597826086957,0.7062865037034811,0.13652319365409385,0.16353734577795842,0.32239519259287464,0.5228209186495324,109079.99999999999,109079.99999999999,1.0,14.49,4.0,1539.0279414827596,0.01
488,9.247903823852539,0.7758152173913043,0.7726135456855729,0.13652319365409382,0.16353734577795842,0.32239519259287464,0.5229560186087242,109080.0,109080.0,1.0,14.49,4.0,1539.0279414827598,0.01
489,8.758469581604004,0.7768342391304349,0.7674357460386828,0.13652319365409385,0.16353734577795842,0.32239519259287464,0.5164327083785852,109079.99999999999,109079.99999999999,1.0,14.49,4.0,1539.0279414827596,0.01
490,8.966740608215332,0.7917798913043478,0.7871592801980377,0.13652319365409385,0.16353734577795842,0.32239519259287464,0.5102004996451253,109079.99999999999,109079.99999999999,1.0,14.49,4.0,1539.0279414827596,0.01
491,8.828313827514648,0.7839673913043478,0.7760090881737397,0.13652319365409382,0.16353734577795842,0.32239519259287464,0.5173152888171432,109079.99999999999,109079.99999999999,1.0,14.49,4.0,1539.0279414827596,0.01
492,9.57672119140625,0.7798913043478262,0.7722549650273004,0.13652319365409385,0.16353734577795842,0.32239519259287464,0.5202837112289778,109079.99999999999,109079.99999999999,1.0,14.49,4.0,1539.0279414827596,0.01
493,9.32967472076416,0.7809103260869565,0.7743714566686611,0.13652319365409382,0.16353734577795842,0.32239519259287464,0.5170297731966655,109079.99999999999,109079.99999999999,1.0,14.49,4.0,1539.0279414827596,0.01
494,9.529217720031738,0.7846467391304349,0.7795101678723187,0.13652319365409382,0.16353734577795842,0.32239519259287464,0.5295462245780315,109079.99999999999,109079.99999999999,1.0,14.49,4.0,1539.0279414827598,0.01
495,10.025259017944336,0.78125,0.7726134296667854,0.13652319365409382,0.16353734577795842,0.32239519259287464,0.5307189444722495,109080.00000000001,109080.00000000001,1.0,14.49,4.0,1539.0279414827596,0.01
496,9.743398666381836,0.7856657608695651,0.781690177497588,0.13652319365409385,0.16353734577795842,0.32239519259287464,0.541566740701196,109080.0,109080.0,1.0,14.49,4.0,1539.0351249022376,0.01
497,9.873629570007324,0.767663043478261,0.7620909318609915,0.13652319365409382,0.16353734577795842,0.32239519259287464,0.5653077930828174,109079.99999999999,109079.99999999999,1.0,14.49,4.0,1539.0351249022372,0.01
498,10.80561637878418,0.7584918478260869,0.7527769557809311,0.13652319365409382,0.16353734577795842,0.32239519259287464,0.5631797336066249,109079.99999999999,109079.99999999999,1.0,14.49,4.0,1539.0351249022374,0.01
499,11.110271453857422,0.7717391304347826,0.770867247406677,0.13652319365409388,0.16353734577795842,0.32239519259287464,0.530626822056267,109079.99999999999,109079.99999999999,1.0,14.49,4.0,1539.0351249022374,0.01
500,11.580583572387695,0.7506793478260869,0.7390077339047999,0.13652319365409385,0.16353734577795842,0.32239519259287464,0.5418494533792024,109079.99999999999,109079.99999999999,1.0,14.49,4.0,1539.0351249022374,0.01
