round,loss,accuracy,f1,dp_epsilon,dp_epsilon_mean,dp_epsilon_max,fit_wall_s,comm_bytes_down,comm_bytes_up,dp_clip_norm,dp_noise_multiplier,dp_target_epsilon,memory_usage_mb,prox_mu
1,1.584255337715149,0.45108695652173914,0.36434619641604843,0.27027110094111156,0.3615406083325442,0.8196892440425254,1.768519130086484,109079.99999999999,109079.99999999999,1.0,8.6,10.0,871.693855094702,0.01
2,1.3236782550811768,0.5414402173913043,0.4607475359424986,0.27027110094111156,0.3615406083325442,0.8196892440425254,0.5296070530961985,109080.0,109080.0,1.0,8.6,10.0,1532.034126555699,0.01
3,1.094904899597168,0.5448369565217391,0.4867046819557445,0.27027110094111156,0.3615406083325442,0.8196892440425254,0.5290849357356963,109080.0,109080.0,1.0,8.6,10.0,1533.2251661962732,0.01
4,0.9673658013343811,0.5574048913043478,0.4443929936277544,0.27027110094111156,0.3615406083325442,0.8196892440425254,0.5279428283070843,109080.0,109080.0,1.0,8.6,10.0,1534.2435588317803,0.01
5,0.8505913019180298,0.625,0.564839679430058,0.2702711009411116,0.36154060833254414,0.8196892440425254,0.5255714750263973,109080.0,109080.0,1.0,8.6,10.0,1534.782230281726,0.01
6,0.7968417406082153,0.6148097826086958,0.5172165919478594,0.27027110094111156,0.3615406083325442,0.8196892440425254,0.5272237085478868,109080.0,109080.0,1.0,8.6,10.0,1534.9939753850992,0.01
7,0.7363328337669373,0.639266304347826,0.5791824045232146,0.27027110094111156,0.3615406083325442,0.8196892440425254,0.5352662615275358,109080.0,109080.0,1.0,8.6,10.0,1535.4933856221096,0.01
8,0.8501016497612,0.6083559782608695,0.5056012738832522,0.27027110094111156,0.3615406083325442,0.8196892440425254,0.5261567644572233,109080.0,109080.0,1.0,8.6,10.0,1535.6047594404583,0.01
9,0.7313038110733032,0.6616847826086958,0.6001118998303424,0.27027110094111156,0.3615406083325442,0.8196892440425254,0.5393399229441426,109080.0,109080.0,1.0,8.6,10.0,1535.7668751912743,0.01
10,0.7282869815826416,0.6796875,0.6226571620093759,0.27027110094111156,0.3615406083325442,0.8196892440425254,0.5215973875468132,109079.99999999999,109079.99999999999,1.0,8.6,10.0,1535.969982126462,0.01
11,0.711225152015686,0.6905570652173914,0.6310167037902137,0.27027110094111156,0.3615406083325442,0.8196892440425254,0.5176005197103187,109080.0,109080.0,1.0,8.6,10.0,1536.1004950821207,0.01
12,0.681415855884552,0.7004076086956522,0.6465029514640422,0.27027110094111156,0.3615406083325442,0.8196892440425254,0.5211251256450345,109080.0,109080.0,1.0,8.6,10.0,1536.2571913892477,0.01
13,0.6931703686714172,0.6640625,0.614488629144548,0.27027110094111156,0.3615406083325442,0.8196892440425254,0.5412943879136323,109079.99999999999,109079.99999999999,1.0,8.6,10.0,1536.2786778895197,0.01
14,0.7263157963752747,0.665421195652174,0.6158158935291052,0.27027110094111156,0.3615406083325442,0.8196892440425254,0.5331090884252783,109080.0,109080.0,1.0,8.6,10.0,1536.303458561446,0.01
15,0.667588472366333,0.6987092391304349,0.6833754404344833,0.27027110094111156,0.3615406083325442,0.8196892440425254,0.5290101779233644,109079.99999999999,109079.99999999999,1.0,8.6,10.0,1536.4047490266253,0.01
16,0.6756045818328857,0.6908967391304349,0.641838576778063,0.2702711009411116,0.3615406083325442,0.8196892440425254,0.5240101209792012,109079.99999999999,109079.99999999999,1.0,8.6,10.0,1536.427361921076,0.01
17,0.8462138175964355,0.634171195652174,0.5633316010780257,0.27027110094111156,0.3615406083325442,0.8196892440425254,0.5242027303080304,109079.99999999999,109079.99999999999,1.0,8.6,10.0,1536.4521425930018,0.01
18,0.7261669635772705,0.6932744565217391,0.6609000215191192,0.2702711009411116,0.36154060833254414,0.8196892440425254,0.5129977996512777,109079.99999999999,109079.99999999999,1.0,8.6,10.0,1536.535814553013,0.01
19,0.8160761594772339,0.681046195652174,0.6324321478580311,0.27027110094111156,0.36154060833254414,0.8196892440425254,0.5096142868611707,109080.0,109080.0,1.0,8.6,10.0,1536.5358145530129,0.01
20,0.7907142043113708,0.6511548913043478,0.6060199283713202,0.27027110094111156,0.3615406083325442,0.8196892440425254,0.5167343648590383,109080.0,109080.0,1.0,8.6,10.0,1536.5971924093785,0.01
21,0.7669128179550171,0.694633152173913,0.650909454448578,0.27027110094111156,0.3615406083325442,0.8196892440425254,0.5184247930239283,109079.99999999999,109079.99999999999,1.0,8.6,10.0,1536.6297940823922,0.01
22,0.8000394105911255,0.664741847826087,0.6166447503718611,0.27027110094111156,0.3615406083325442,0.8196892440425254,0.5103412190446137,109080.0,109080.0,1.0,8.6,10.0,1536.6437146142207,0.01
23,0.8273861408233643,0.6480978260869565,0.6026374685641682,0.27027110094111156,0.36154060833254414,0.8196892440425254,0.5246012567890092,109079.99999999999,109079.99999999999,1.0,8.6,10.0,1536.687516470858,0.01
24,0.7218645811080933,0.6657608695652174,0.6457344663166478,0.27027110094111156,0.3615406083325442,0.8196892440425254,0.5183653018809247,109080.0,109080.0,1.0,8.6,10.0,1536.7324447216743,0.01
25,0.8514495491981506,0.6694972826086958,0.6213256801889809,0.2702711009411116,0.3615406083325442,0.8196892440425254,0.5197905121417767,109080.0,109080.0,1.0,8.6,10.0,1536.7360364314131,0.01
26,0.881901204586029,0.6766304347826086,0.6318854520184032,0.27027110094111156,0.3615406083325442,0.8196892440425254,0.5158471728434889,109080.0,109080.0,1.0,8.6,10.0,1536.8238951773326,0.01
27,0.8993129134178162,0.6752717391304349,0.6304824575772615,0.27027110094111156,0.3615406083325442,0.8196892440425254,0.5129614794734254,109079.99999999999,109079.99999999999,1.0,8.6,10.0,1536.856496850347,0.01
28,0.9196324348449707,0.6440217391304349,0.6030239381723981,0.27027110094111156,0.3615406083325442,0.8196892440425254,0.5162334951599481,109080.0,109080.0,1.0,8.6,10.0,1536.8710124583445,0.01
29,0.9285405278205872,0.641983695652174,0.6061286112138332,0.27027110094111156,0.3615406083325442,0.8196892440425254,0.5208010002889623,109080.0,109080.0,1.0,8.6,10.0,1536.8936253527952,0.01
30,0.8982923626899719,0.6735733695652174,0.6314421645617413,0.27027110094111156,0.3615406083325442,0.8196892440425254,0.5191977563698221,109079.99999999999,109079.99999999999,1.0,8.6,10.0,1536.897217062534,0.01
31,0.9571129679679871,0.6878396739130435,0.6387680234724052,0.27027110094111156,0.3615406083325442,0.8196892440425254,0.5107909947212166,109079.99999999999,109079.99999999999,1.0,8.6,10.0,1536.9198299569844,0.01
32,0.8302406072616577,0.6949728260869565,0.6503770977134103,0.27027110094111156,0.3615406083325442,0.8196892440425254,0.5165864932913256,109079.99999999999,109079.99999999999,1.0,8.6,10.0,1536.9446743870715,0.01
33,1.0015361309051514,0.6807065217391305,0.6235221763485961,0.27027110094111156,0.3615406083325442,0.8196892440425254,0.5228149353225551,109080.0,109080.0,1.0,8.6,10.0,1536.9649261042914,0.01
34,0.804149329662323,0.7177309782608695,0.7098908285760086,0.27027110094111156,0.36154060833254414,0.8196892440425254,0.5156381740858039,109080.0,109080.0,1.0,8.6,10.0,1536.9833065194846,0.01
35,0.9213050007820129,0.6739130434782609,0.6496402352538518,0.2702711009411116,0.3615406083325442,0.8196892440425254,0.5282045105660701,109079.99999999999,109079.99999999999,1.0,8.6,10.0,1536.9833065194846,0.01
36,0.807603657245636,0.6993885869565217,0.6784680392689393,0.27027110094111156,0.3615406083325442,0.8196892440425254,0.5279428892088923,109079.99999999999,109079.99999999999,1.0,8.6,10.0,1537.0560758339566,0.01
37,0.851510763168335,0.6976902173913043,0.6771161399669791,0.27027110094111156,0.3615406083325442,0.8196892440425254,0.5428240127675033,109080.0,109080.0,1.0,8.6,10.0,1537.0886775069707,0.01
38,0.8575157523155212,0.7262228260869565,0.7116275639287631,0.27027110094111156,0.36154060833254414,0.8196892440425254,0.5273190331407158,109079.99999999999,109079.99999999999,1.0,8.6,10.0,1537.0922692167096,0.01
39,1.0133968591690063,0.7055027173913043,0.6813648508423168,0.27027110094111156,0.36154060833254414,0.8196892440425254,0.5190826179996798,109079.99999999999,109079.99999999999,1.0,8.6,10.0,1537.0958609264483,0.01
40,1.2131962776184082,0.6956521739130435,0.6453449559364203,0.27027110094111156,0.36154060833254414,0.8196892440425254,0.5145357813811795,109080.0,109080.0,1.0,8.6,10.0,1537.0958609264485,0.01
41,0.9040533304214478,0.7143342391304349,0.7030566908297775,0.27027110094111156,0.36154060833254414,0.8196892440425254,0.5151087760406428,109080.0,109080.0,1.0,8.6,10.0,1537.0959034318892,0.01
42,0.9556637406349182,0.7156929347826086,0.6762233761820675,0.27027110094111156,0.3615406083325442,0.8196892440425254,0.5211800746417019,109079.99999999999,109079.99999999999,1.0,8.6,10.0,1537.0959034318894,0.01
43,0.891182541847229,0.7231657608695651,0.7065916843607217,0.27027110094111156,0.36154060833254414,0.8196892440425254,0.520845728094352,109079.99999999999,109079.99999999999,1.0,8.6,10.0,1537.0959034318892,0.01
44,0.9123848080635071,0.7211277173913043,0.708854906347417,0.27027110094111156,0.3615406083325442,0.8196892440425254,0.5162936404298776,109080.0,109080.0,1.0,8.6,10.0,1537.1496940670906,0.01
45,0.8605726361274719,0.7333559782608695,0.7122677101299243,0.27027110094111156,0.36154060833254414,0.8196892440425254,0.5288075150940182,109079.99999999997,109079.99999999997,1.0,8.6,10.0,1537.1496940670906,0.01
46,0.843128502368927,0.7516983695652174,0.7427470042706082,0.27027110094111156,0.3615406083325442,0.8196892440425254,0.5315677614090103,109079.99999999999,109079.99999999999,1.0,8.6,10.0,1537.1594278130099,0.01
47,1.0790382623672485,0.6878396739130435,0.6550751093030746,0.27027110094111156,0.3615406083325442,0.8196892440425254,0.5166614913382649,109080.0,109080.0,1.0,8.6,10.0,1537.1594278130096,0.01
48,0.954673707485199,0.7211277173913043,0.6836508206309404,0.27027110094111156,0.3615406083325442,0.8196892440425254,0.5192398248286969,109079.99999999999,109079.99999999999,1.0,8.6,10.0,1537.2007643540871,0.01
49,0.7641596794128418,0.7717391304347826,0.762146701001479,0.27027110094111156,0.36154060833254414,0.8196892440425254,0.5160807368545199,109080.0,109080.0,1.0,8.6,10.0,1537.264713789615,0.01
50,0.8484140634536743,0.7503396739130435,0.7371636190604084,0.2702711009411116,0.3615406083325442,0.8196892440425254,0.5177550276942041,109079.99999999999,109079.99999999999,1.0,8.6,10.0,1537.2647137896151,0.01
51,0.9109668135643005,0.7313179347826086,0.7132209886741474,0.27027110094111156,0.3615406083325442,0.8196892440425254,0.5194714394630104,109079.99999999999,109079.99999999999,1.0,8.6,10.0,1537.2683054993538,0.01
52,0.9219063520431519,0.7350543478260869,0.725235497996662,0.27027110094111156,0.3615406083325442,0.8196892440425254,0.5153966098213092,109080.0,109080.0,1.0,8.6,10.0,1537.309642040431,0.01
53,1.0801730155944824,0.71875,0.7060295600458336,0.27027110094111156,0.3615406083325442,0.8196892440425254,0.5122721871042927,109079.99999999999,109079.99999999999,1.0,8.6,10.0,1537.3096420404308,0.01
54,0.9496897459030151,0.7544157608695651,0.7405896022005986,0.27027110094111156,0.36154060833254414,0.8196892440425254,0.5189675497412033,109080.0,109080.0,1.0,8.6,10.0,1537.3322549348816,0.01
55,1.133211374282837,0.7394701086956522,0.7088405288711698,0.27027110094111156,0.3615406083325442,0.8196892440425254,0.5170749192398701,109080.0,109080.0,1.0,8.6,10.0,1537.341988680801,0.01
56,0.9885874390602112,0.7489809782608695,0.7372620515915171,0.27027110094111156,0.3615406083325442,0.8196892440425254,0.5142392911446626,109080.0,109080.0,1.0,8.6,10.0,1537.341988680801,0.01
57,0.8707709908485413,0.7771739130434783,0.7684752483396875,0.2702711009411116,0.36154060833254414,0.8196892440425254,0.5146763973643393,109080.0,109080.0,1.0,8.6,10.0,1537.3646015752515,0.01
58,0.9566625356674194,0.734375,0.7255521500951835,0.27027110094111156,0.3615406083325442,0.8196892440425254,0.514608194084759,109079.99999999999,109079.99999999999,1.0,8.6,10.0,1537.3755254735106,0.01
59,0.9205667972564697,0.7727581521739131,0.7678378332243181,0.27027110094111156,0.3615406083325442,0.8196892440425254,0.5147413544283858,109079.99999999999,109079.99999999999,1.0,8.6,10.0,1537.3864493717697,0.01
60,1.1197112798690796,0.732336956521739,0.7121514139426319,0.27027110094111156,0.3615406083325442,0.8196892440425254,0.5153354709568687,109080.0,109080.0,1.0,8.6,10.0,1537.3864493717697,0.01
61,0.9556055665016174,0.7629076086956522,0.7532536511804223,0.27027110094111156,0.3615406083325442,0.8196892440425254,0.5219761760048041,109080.0,109080.0,1.0,8.6,10.0,1537.3864493717697,0.01
62,1.1235361099243164,0.7530570652173914,0.7326131644925,0.27027110094111156,0.3615406083325442,0.8196892440425254,0.5207947217600909,109079.99999999999,109079.99999999999,1.0,8.6,10.0,1537.4003699035975,0.01
63,1.1041184663772583,0.7421875,0.7309828804896217,0.27027110094111156,0.3615406083325442,0.8196892440425254,0.5169995695320126,109080.0,109080.0,1.0,8.6,10.0,1537.4003699035975,0.01
64,1.38974130153656,0.7082201086956522,0.6927366278553038,0.27027110094111156,0.36154060833254414,0.8196892440425254,0.5145394252744929,109080.0,109080.0,1.0,8.6,10.0,1537.4003699035977,0.01
65,1.0340105295181274,0.7612092391304349,0.756188619835223,0.27027110094111156,0.3615406083325442,0.8196892440425254,0.5140833579676714,109079.99999999999,109079.99999999999,1.0,8.6,10.0,1537.4003699035977,0.01
66,1.1121464967727661,0.7452445652173914,0.7382088851299149,0.27027110094111156,0.3615406083325442,0.8196892440425254,0.5137685616789498,109079.99999999997,109079.99999999997,1.0,8.6,10.0,1537.4142904354258,0.01
67,1.016531229019165,0.7561141304347826,0.7509257194348118,0.27027110094111156,0.3615406083325442,0.8196892440425254,0.5223618977671739,109079.99999999999,109079.99999999999,1.0,8.6,10.0,1537.4142904354258,0.01
68,1.123543620109558,0.755774456521739,0.7396080754570491,0.27027110094111156,0.36154060833254414,0.8196892440425254,0.5134982584415244,109079.99999999999,109079.99999999999,1.0,8.6,10.0,1537.44689210844,0.01
69,0.9856773614883423,0.7622282608695651,0.7606852885243001,0.27027110094111156,0.3615406083325442,0.8196892440425254,0.5124540898434097,109080.0,109080.0,1.0,8.6,10.0,1537.4934143132818,0.01
70,1.026859164237976,0.7659646739130435,0.7656350710423956,0.27027110094111156,0.36154060833254414,0.8196892440425254,0.5220287098459113,109079.99999999999,109079.99999999999,1.0,8.6,10.0,1537.4934143132818,0.01
71,0.8840345144271851,0.8053668478260869,0.799420265805198,0.27027110094111156,0.3615406083325442,0.8196892440425254,0.5198995320854042,109080.0,109080.0,1.0,8.6,10.0,1537.5347508543593,0.01
72,0.9970924854278564,0.7778532608695651,0.7603729268918387,0.27027110094111156,0.36154060833254414,0.8196892440425254,0.51955950869829,109079.99999999999,109079.99999999999,1.0,8.6,10.0,1537.5444846002788,0.01
73,1.1298596858978271,0.7639266304347826,0.7330717507423573,0.27027110094111156,0.3615406083325442,0.8196892440425254,0.5197226084420159,109079.99999999999,109079.99999999999,1.0,8.6,10.0,1537.5444846002788,0.01
74,0.8311384916305542,0.818274456521739,0.8118392252807478,0.27027110094111156,0.36154060833254414,0.8196892440425254,0.5149972182946834,109080.0,109080.0,1.0,8.6,10.0,1537.5444846002788,0.01
75,0.886184573173523,0.8277853260869565,0.8225301221185858,0.27027110094111156,0.3615406083325442,0.8196892440425254,0.5170560725625114,109080.0,109080.0,1.0,8.6,10.0,1537.5444846002786,0.01
76,0.9353878498077393,0.8084239130434783,0.8020883242381518,0.27027110094111156,0.3615406083325442,0.8196892440425254,0.5111648434199498,109079.99999999999,109079.99999999999,1.0,8.6,10.0,1537.5444846002788,0.01
77,0.8929792642593384,0.8152173913043478,0.8096185635545309,0.27027110094111156,0.3615406083325442,0.8196892440425254,0.5192641919728074,109079.99999999999,109079.99999999999,1.0,8.6,10.0,1537.585821141356,0.01
78,1.3073784112930298,0.7567934782608695,0.7233845423599288,0.27027110094111156,0.3615406083325442,0.8196892440425254,0.5109466826046642,109079.99999999999,109079.99999999999,1.0,8.6,10.0,1537.5858211413563,0.01
79,1.1242355108261108,0.7900815217391305,0.7853735560005585,0.27027110094111156,0.36154060833254414,0.8196892440425254,0.5154772872050516,109080.0,109080.0,1.0,8.6,10.0,1537.596745039615,0.01
80,1.1653964519500732,0.7788722826086957,0.7729663634550668,0.27027110094111156,0.3615406083325442,0.8196892440425254,0.5180971115600558,109079.99999999999,109079.99999999999,1.0,8.6,10.0,1537.600336749354,0.01
81,1.1161930561065674,0.806725543478261,0.8019341035410681,0.27027110094111156,0.3615406083325442,0.8196892440425254,0.5143815428505006,109079.99999999999,109079.99999999999,1.0,8.6,10.0,1537.614257281182,0.01
82,1.1845554113388062,0.7975543478260869,0.793514897613808,0.27027110094111156,0.3615406083325442,0.8196892440425254,0.519268733502991,109079.99999999999,109079.99999999999,1.0,8.6,10.0,1537.6142572811818,0.01
83,1.2668436765670776,0.7985733695652174,0.7959645037848455,0.27027110094111156,0.3615406083325442,0.8196892440425254,0.5190935320057728,109080.0,109080.0,1.0,8.6,10.0,1537.6142572811818,0.01
84,1.2385975122451782,0.802649456521739,0.8002918426002479,0.27027110094111156,0.3615406083325442,0.8196892440425254,0.5201370062324764,109079.99999999999,109079.99999999999,1.0,8.6,10.0,1537.6142572811818,0.01
85,1.292230486869812,0.7758152173913043,0.7740747974745378,0.27027110094111156,0.3615406083325442,0.8196892440425254,0.5266922262210452,109080.0,109080.0,1.0,8.6,10.0,1537.625181179441,0.01
86,1.3125118017196655,0.7860054347826086,0.7841298894515136,0.27027110094111156,0.3615406083325442,0.8196892440425254,0.5245647553001834,109079.99999999999,109079.99999999999,1.0,8.6,10.0,1537.625181179441,0.01
87,1.4378060102462769,0.779211956521739,0.775130505334611,0.27027110094111156,0.3615406083325442,0.8196892440425254,0.5221382739818914,109079.99999999999,109079.99999999999,1.0,8.6,10.0,1537.6361050777,0.01
88,1.4861546754837036,0.7744565217391305,0.7721022755627978,0.27027110094111156,0.3615406083325442,0.8196892440425254,0.5290806182255812,109080.0,109080.0,1.0,8.6,10.0,1537.6361050777,0.01
89,1.410088300704956,0.8023097826086957,0.7993584735531758,0.27027110094111156,0.3615406083325442,0.8196892440425254,0.5174829881715307,109079.99999999999,109079.99999999999,1.0,8.6,10.0,1537.6361050777,0.01
90,1.5818151235580444,0.7921195652173914,0.7889909244198928,0.27027110094111156,0.36154060833254414,0.8196892440425254,0.5194640006865977,109079.99999999999,109079.99999999999,1.0,8.6,10.0,1537.6361050777,0.01
91,1.5421980619430542,0.7853260869565217,0.7813661564275439,0.27027110094111156,0.3615406083325442,0.8196892440425254,0.5052379513396532,109080.0,109080.0,1.0,8.6,10.0,1537.650025609528,0.01
92,1.5612741708755493,0.8087635869565217,0.8069090060943359,0.27027110094111156,0.3615406083325442,0.8196892440425254,0.5234258668466802,109079.99999999999,109079.99999999999,1.0,8.6,10.0,1537.6597593554472,0.01
93,1.6646027565002441,0.7730978260869565,0.7644575202035497,0.27027110094111156,0.3615406083325442,0.8196892440425254,0.5278710956412638,109080.0,109080.0,1.0,8.6,10.0,1537.6597593554475,0.01
94,1.6279406547546387,0.7958559782608695,0.7918871068343853,0.27027110094111156,0.3615406083325442,0.8196892440425254,0.5167209738551338,109080.0,109080.0,1.0,8.6,10.0,1537.6633510651864,0.01
95,1.70885169506073,0.7944972826086957,0.7908170999677031,0.27027110094111156,0.3615406083325442,0.8196892440425254,0.5241048817925147,109079.99999999999,109079.99999999999,1.0,8.6,10.0,1537.6633510651864,0.01
96,1.6441681385040283,0.7917798913043478,0.7842961013674797,0.27027110094111156,0.36154060833254414,0.8196892440425254,0.5243934210029079,109079.99999999999,109079.99999999999,1.0,8.6,10.0,1537.6772715970144,0.01
97,1.7077057361602783,0.783288043478261,0.7785646537423168,0.27027110094111156,0.3615406083325442,0.8196892440425254,0.5137677045459976,109079.99999999999,109079.99999999999,1.0,8.6,10.0,1537.6772715970144,0.01
98,1.6679061651229858,0.7931385869565217,0.7874941550690137,0.27027110094111156,0.3615406083325442,0.8196892440425254,0.5239295739279219,109079.99999999999,109079.99999999999,1.0,8.6,10.0,1537.6772715970144,0.01
99,1.5709640979766846,0.7955163043478262,0.7916074813326013,0.27027110094111156,0.3615406083325442,0.8196892440425254,0.5234030345383873,109080.0,109080.0,1.0,8.6,10.0,1537.6772715970146,0.01
100,1.675193428993225,0.7897418478260869,0.7839153501352729,0.27027110094111156,0.3615406083325442,0.8196892440425254,0.5254684034836306,109080.0,109080.0,1.0,8.6,10.0,1537.6772715970144,0.01
101,1.719077706336975,0.8006114130434783,0.7948314928768294,0.27027110094111156,0.3615406083325442,0.8196892440425254,0.521867149088925,109079.99999999999,109079.99999999999,1.0,8.6,10.0,1537.6772715970144,0.01
102,1.7247802019119263,0.8023097826086957,0.7989964707911893,0.27027110094111156,0.36154060833254414,0.8196892440425254,0.5197064860341858,109079.99999999997,109079.99999999997,1.0,8.6,10.0,1537.6772715970146,0.01
103,1.6335645914077759,0.7972146739130435,0.7931381647788088,0.27027110094111156,0.3615406083325442,0.8196892440425254,0.5135583729686882,109079.99999999999,109079.99999999999,1.0,8.6,10.0,1537.6773141024553,0.01
104,1.6569207906723022,0.8016304347826086,0.7951091240488873,0.27027110094111156,0.36154060833254414,0.8196892440425254,0.5335660641029947,109080.0,109080.0,1.0,8.6,10.0,1537.6773141024553,0.01
105,1.5047515630722046,0.7866847826086957,0.7803217841322686,0.2702711009411116,0.3615406083325442,0.8196892440425254,0.5163087007529847,109080.0,109080.0,1.0,8.6,10.0,1537.677314102455,0.01
106,1.579525113105774,0.8111413043478262,0.8060913331726514,0.27027110094111156,0.3615406083325442,0.8196892440425254,0.5247780016184631,109079.99999999999,109079.99999999999,1.0,8.6,10.0,1537.6773141024553,0.01
107,1.5023939609527588,0.8155570652173914,0.812030335912202,0.27027110094111156,0.3615406083325442,0.8196892440425254,0.5197407727467223,109080.0,109080.0,1.0,8.6,10.0,1537.6773141024553,0.01
108,1.6484508514404297,0.8074048913043478,0.8022977918923746,0.27027110094111156,0.3615406083325442,0.8196892440425254,0.5238613491478631,109079.99999999999,109079.99999999999,1.0,8.6,10.0,1537.677314102455,0.01
109,1.3077360391616821,0.7999320652173914,0.7961917214412888,0.27027110094111156,0.36154060833254414,0.8196892440425254,0.5236974141283836,109079.99999999999,109079.99999999999,1.0,8.6,10.0,1537.677314102455,0.01
110,1.3595869541168213,0.8128396739130435,0.8073120073804768,0.27027110094111156,0.3615406083325442,0.8196892440425254,0.5211501555097764,109079.99999999999,109079.99999999999,1.0,8.6,10.0,1537.677314102455,0.01
111,1.201045036315918,0.8186141304347826,0.8137674260656601,0.27027110094111156,0.3615406083325442,0.8196892440425254,0.5110071864429054,109079.99999999999,109079.99999999999,1.0,8.6,10.0,1537.6773141024553,0.01
112,1.4341846704483032,0.7921195652173914,0.7865509783607815,0.27027110094111156,0.3615406083325442,0.8196892440425254,0.520552007755076,109079.99999999999,109079.99999999999,1.0,8.6,10.0,1537.713507485208,0.01
113,1.356563687324524,0.7972146739130435,0.7920439332398856,0.27027110094111156,0.3615406083325442,0.8196892440425254,0.522316805977816,109079.99999999999,109079.99999999999,1.0,8.6,10.0,1537.713507485208,0.01
114,1.822229027748108,0.7724184782608695,0.7623421584226658,0.2702711009411116,0.3615406083325442,0.8196892440425254,0.5130142290327572,109079.99999999999,109079.99999999999,1.0,8.6,10.0,1537.713507485208,0.01
115,1.4924372434616089,0.7938179347826086,0.7890953845881293,0.27027110094111156,0.3615406083325442,0.8196892440425254,0.5161056796147592,109079.99999999999,109079.99999999999,1.0,8.6,10.0,1537.713507485208,0.01
116,1.6462723016738892,0.7904211956521738,0.7877820246404628,0.27027110094111156,0.3615406083325442,0.8196892440425254,0.5287756955532826,109080.0,109080.0,1.0,8.6,10.0,1537.713507485208,0.01
117,1.6105982065200806,0.7931385869565217,0.7896327540705187,0.27027110094111156,0.3615406083325442,0.8196892440425254,0.5243534587801993,109079.99999999999,109079.99999999999,1.0,8.6,10.0,1537.7135074852079,0.01
118,1.552040934562683,0.798913043478261,0.7955167315599412,0.27027110094111156,0.3615406083325442,0.8196892440425254,0.5215913991608999,109079.99999999999,109079.99999999999,1.0,8.6,10.0,1537.713507485208,0.01
119,1.5398744344711304,0.802649456521739,0.7995580157379142,0.27027110094111156,0.3615406083325442,0.8196892440425254,0.5197004319469609,109079.99999999999,109079.99999999999,1.0,8.6,10.0,1537.713507485208,0.01
120,1.4382716417312622,0.794836956521739,0.7915226094780822,0.27027110094111156,0.3615406083325442,0.8196892440425254,0.517270957878806,109080.0,109080.0,1.0,8.6,10.0,1537.7135074852083,0.01
121,1.4251528978347778,0.7843070652173914,0.7817144014379541,0.27027110094111156,0.3615406083325442,0.8196892440425254,0.5211376142774234,109079.99999999999,109079.99999999999,1.0,8.6,10.0,1537.713507485208,0.01
122,1.4376319646835327,0.7846467391304349,0.7824740582124668,0.27027110094111156,0.3615406083325442,0.8196892440425254,0.5174221690253672,109079.99999999999,109079.99999999999,1.0,8.6,10.0,1537.7346964473954,0.01
123,1.4271578788757324,0.7914402173913043,0.7877826816395396,0.27027110094111156,0.3615406083325442,0.8196892440425254,0.5183930302665075,109079.99999999999,109079.99999999999,1.0,8.6,10.0,1537.7346964473957,0.01
124,1.776910424232483,0.7751358695652174,0.7693295837365467,0.27027110094111156,0.3615406083325442,0.8196892440425254,0.5178263891443724,109079.99999999999,109079.99999999999,1.0,8.6,10.0,1537.734696447395,0.01
125,1.6963419914245605,0.763586956521739,0.7540245017712881,0.27027110094111156,0.36154060833254414,0.8196892440425254,0.5185284058080015,109079.99999999999,109079.99999999999,1.0,8.6,10.0,1537.7760329884727,0.01
126,1.5074447393417358,0.8114809782608695,0.8089998877734681,0.2702711009411116,0.3615406083325442,0.8196892440425254,0.5158749710813051,109079.99999999999,109079.99999999999,1.0,8.6,10.0,1537.7760329884725,0.01
127,1.725752592086792,0.7877038043478262,0.7859089737588277,0.27027110094111156,0.3615406083325442,0.8196892440425254,0.519805415994584,109079.99999999999,109079.99999999999,1.0,8.6,10.0,1537.7760329884725,0.01
128,1.44464910030365,0.8125,0.8111416597408271,0.2702711009411116,0.3615406083325442,0.8196892440425254,0.52242262400403,109080.0,109080.0,1.0,8.6,10.0,1537.8290372730212,0.01
129,1.452278733253479,0.7887228260869565,0.7821448683555635,0.27027110094111156,0.3615406083325442,0.8196892440425254,0.5219675875203005,109079.99999999999,109079.99999999999,1.0,8.6,10.0,1537.829037273021,0.01
130,1.5130059719085693,0.8046875,0.8019681660792853,0.2702711009411116,0.3615406083325442,0.8196892440425254,0.5286046801635568,109080.0,109080.0,1.0,8.6,10.0,1537.829037273021,0.01
131,1.7027925252914429,0.7853260869565217,0.7799306545494997,0.27027110094111156,0.3615406083325442,0.8196892440425254,0.5215492369171325,109079.99999999999,109079.99999999999,1.0,8.6,10.0,1537.8290372730212,0.01
132,2.031909704208374,0.7707201086956522,0.7679196492472321,0.27027110094111156,0.3615406083325442,0.8196892440425254,0.5256519359460463,109080.0,109080.0,1.0,8.6,10.0,1537.829037273021,0.01
133,1.899885654449463,0.7836277173913043,0.7807560065185338,0.27027110094111156,0.3615406083325442,0.8196892440425254,0.5165197434181488,109079.99999999999,109079.99999999999,1.0,8.6,10.0,1537.8290372730212,0.01
134,2.2036359310150146,0.7744565217391305,0.7723273290589812,0.27027110094111156,0.3615406083325442,0.8196892440425254,0.5260115491228343,109080.0,109080.0,1.0,8.6,10.0,1537.8290372730212,0.01
135,2.142700672149658,0.7921195652173914,0.7907431451170731,0.27027110094111156,0.3615406083325442,0.8196892440425254,0.5187782082905318,109079.99999999997,109079.99999999997,1.0,8.6,10.0,1537.8290372730212,0.01
136,2.0730884075164795,0.7826086956521738,0.7819698202825872,0.27027110094111156,0.36154060833254414,0.8196892440425254,0.5224729412852486,109080.0,109080.0,1.0,8.6,10.0,1537.8290372730212,0.01
137,2.2344555854797363,0.779211956521739,0.7767248879615722,0.27027110094111156,0.3615406083325442,0.8196892440425254,0.520968009228286,109079.99999999999,109079.99999999999,1.0,8.6,10.0,1537.829037273021,0.01
138,2.0312929153442383,0.7846467391304349,0.7817057050084134,0.27027110094111156,0.3615406083325442,0.8196892440425254,0.5142040163829874,109079.99999999999,109079.99999999999,1.0,8.6,10.0,1537.8290372730207,0.01
139,2.7886664867401123,0.7510190217391305,0.7409970251116826,0.27027110094111156,0.3615406083325442,0.8196892440425254,0.5206584021108585,109080.0,109080.0,1.0,8.6,10.0,1537.8516501674717,0.01
140,2.158010721206665,0.787024456521739,0.7846345789811915,0.27027110094111156,0.3615406083325442,0.8196892440425254,0.5160396200269298,109079.99999999999,109079.99999999999,1.0,8.6,10.0,1537.8516501674717,0.01
141,2.2456612586975098,0.7815896739130435,0.7769461331675529,0.27027110094111156,0.3615406083325442,0.8196892440425254,0.5096462951391384,109080.0,109080.0,1.0,8.6,10.0,1537.8516501674715,0.01
142,1.8671326637268066,0.7978940217391305,0.7943165647635532,0.27027110094111156,0.3615406083325442,0.8196892440425254,0.515571225519668,109080.0,109080.0,1.0,8.6,10.0,1537.8516501674717,0.01
143,1.9970000982284546,0.7805706521739131,0.7763993458812669,0.27027110094111156,0.3615406083325442,0.8196892440425254,0.5190544000971694,109080.0,109080.0,1.0,8.6,10.0,1537.858833586949,0.01
144,1.7725919485092163,0.7944972826086957,0.7926813613122619,0.27027110094111156,0.36154060833254414,0.8196892440425254,0.5192762917156967,109079.99999999999,109079.99999999999,1.0,8.6,10.0,1537.8588335869492,0.01
145,2.144282817840576,0.771399456521739,0.7695857767526441,0.27027110094111156,0.3615406083325442,0.8196892440425254,0.5120956792989675,109079.99999999999,109079.99999999999,1.0,8.6,10.0,1537.8588335869492,0.01
146,1.9013402462005615,0.7873641304347826,0.784368489514473,0.2702711009411116,0.3615406083325442,0.8196892440425254,0.5224143915583701,109080.0,109080.0,1.0,8.6,10.0,1537.8814464813995,0.01
147,1.8982740640640259,0.810461956521739,0.8105819683810951,0.27027110094111156,0.3615406083325442,0.8196892440425254,0.5231595140546398,109079.99999999999,109079.99999999999,1.0,8.6,10.0,1537.8814464813995,0.01
148,1.9156359434127808,0.7938179347826086,0.7917034815517754,0.27027110094111156,0.3615406083325442,0.8196892440425254,0.5187258382486959,109080.0,109080.0,1.0,8.6,10.0,1537.8814464813995,0.01
149,2.0420522689819336,0.7982336956521738,0.7966280887020964,0.27027110094111156,0.36154060833254414,0.8196892440425254,0.5164582952451655,109080.0,109080.0,1.0,8.6,10.0,1537.8814464813995,0.01
150,2.187786817550659,0.8033288043478262,0.8030592270360257,0.27027110094111156,0.3615406083325442,0.8196892440425254,0.5183518148545213,109079.99999999999,109079.99999999999,1.0,8.6,10.0,1537.8814464813997,0.01
151,1.9592055082321167,0.8108016304347826,0.809292525357328,0.27027110094111156,0.3615406083325442,0.8196892440425254,0.5138152774840885,109079.99999999999,109079.99999999999,1.0,8.6,10.0,1537.8814464813997,0.01
152,2.0216786861419678,0.7951766304347826,0.7931242376595088,0.27027110094111156,0.3615406083325442,0.8196892440425254,0.51521716381183,109080.0,109080.0,1.0,8.6,10.0,1537.9040593758502,0.01
153,2.1737680435180664,0.7927989130434783,0.7920043471230998,0.27027110094111156,0.3615406083325442,0.8196892440425254,0.5165630188548656,109079.99999999999,109079.99999999999,1.0,8.6,10.0,1537.9040593758502,0.01
154,2.101775884628296,0.7839673913043478,0.7823435556063063,0.27027110094111156,0.3615406083325442,0.8196892440425254,0.518085060525641,109079.99999999999,109079.99999999999,1.0,8.6,10.0,1537.9040593758502,0.01
155,2.128490924835205,0.7951766304347826,0.7954111552381642,0.27027110094111156,0.3615406083325442,0.8196892440425254,0.5208381913172667,109080.0,109080.0,1.0,8.6,10.0,1537.9040593758502,0.01
156,2.1554548740386963,0.7877038043478262,0.7845533372666934,0.27027110094111156,0.3615406083325442,0.8196892440425254,0.5207350264436144,109079.99999999999,109079.99999999999,1.0,8.6,10.0,1537.9040593758502,0.01
157,2.1558175086975098,0.7805706521739131,0.7808726180870722,0.27027110094111156,0.3615406083325442,0.8196892440425254,0.5158385279648192,109079.99999999999,109079.99999999999,1.0,8.6,10.0,1537.9040593758502,0.01
158,1.926496982574463,0.7972146739130435,0.7949002523649261,0.2702711009411116,0.3615406083325442,0.8196892440425254,0.5174385211932127,109079.99999999999,109079.99999999999,1.0,8.6,10.0,1537.9040593758502,0.01
159,1.831531286239624,0.7921195652173914,0.7920413003660389,0.27027110094111156,0.3615406083325442,0.8196892440425254,0.5164984894979247,109079.99999999999,109079.99999999999,1.0,8.6,10.0,1537.90405937585,0.01
160,2.156127691268921,0.7795516304347826,0.7783877447127009,0.27027110094111156,0.3615406083325442,0.8196892440425254,0.5167848473988368,109079.99999999999,109079.99999999999,1.0,8.6,10.0,1537.9040593758502,0.01
161,1.9402709007263184,0.8053668478260869,0.8048043409563844,0.27027110094111156,0.3615406083325442,0.8196892440425254,0.5193584926499377,109080.0,109080.0,1.0,8.6,10.0,1537.90405937585,0.01
162,2.467188835144043,0.8012907608695651,0.8028041730276524,0.27027110094111156,0.3615406083325442,0.8196892440425254,0.523462744512807,109079.99999999999,109079.99999999999,1.0,8.6,10.0,1537.9149832741093,0.01
163,2.3511111736297607,0.8128396739130435,0.8128538012298577,0.2702711009411116,0.3615406083325442,0.8196892440425254,0.5169985148411191,109080.0,109080.0,1.0,8.6,10.0,1537.914983274109,0.01
164,2.1969263553619385,0.814538043478261,0.8139556679708808,0.27027110094111156,0.3615406083325442,0.8196892440425254,0.5208354672423126,109080.0,109080.0,1.0,8.6,10.0,1537.914983274109,0.01
165,2.447598934173584,0.7880434782608695,0.7809446612299163,0.27027110094111156,0.3615406083325442,0.8196892440425254,0.5237686071094931,109079.99999999999,109079.99999999999,1.0,8.6,10.0,1537.9149832741093,0.01
166,2.313387393951416,0.810461956521739,0.8086658130863245,0.27027110094111156,0.3615406083325442,0.8196892440425254,0.5196101519565977,109080.0,109080.0,1.0,8.6,10.0,1537.914983274109,0.01
167,2.2303414344787598,0.8175951086956522,0.8189098679475517,0.27027110094111156,0.3615406083325442,0.8196892440425254,0.5244655926287239,109079.99999999999,109079.99999999999,1.0,8.6,10.0,1537.914983274109,0.01
168,2.1690855026245117,0.8158967391304349,0.8157846177549324,0.27027110094111156,0.3615406083325442,0.8196892440425254,0.5161555033254156,109079.99999999999,109079.99999999999,1.0,8.6,10.0,1537.9149832741093,0.01
169,2.1479392051696777,0.8175951086956522,0.8174318255592126,0.27027110094111156,0.3615406083325442,0.8196892440425254,0.5191122959241254,109079.99999999999,109079.99999999999,1.0,8.6,10.0,1537.914983274109,0.01
170,2.3547940254211426,0.8135190217391305,0.8142669251702868,0.27027110094111156,0.3615406083325442,0.8196892440425254,0.5261428420380228,109079.99999999999,109079.99999999999,1.0,8.6,10.0,1537.9602090630103,0.01
171,1.8825675249099731,0.8345788043478262,0.8340400251592185,0.27027110094111156,0.3615406083325442,0.8196892440425254,0.5144804906468915,109080.0,109080.0,1.0,8.6,10.0,1537.9602090630103,0.01
172,2.0746021270751953,0.8322010869565217,0.828424737271613,0.27027110094111156,0.3615406083325442,0.8196892440425254,0.5249389170368036,109079.99999999999,109079.99999999999,1.0,8.6,10.0,1537.9602090630103,0.01
173,1.9636659622192383,0.8386548913043478,0.8364756288653235,0.27027110094111156,0.3615406083325442,0.8196892440425254,0.514713308756707,109079.99999999999,109079.99999999999,1.0,8.6,10.0,1537.96020906301,0.01
174,1.923245906829834,0.8349184782608695,0.8316974132375331,0.27027110094111156,0.3615406083325442,0.8196892440425254,0.5135977490358177,109079.99999999999,109079.99999999999,1.0,8.6,10.0,1537.96020906301,0.01
175,1.889079213142395,0.8447690217391305,0.8425641230198967,0.27027110094111156,0.3615406083325442,0.8196892440425254,0.5194014786247071,109079.99999999999,109079.99999999999,1.0,8.6,10.0,1537.96020906301,0.01
176,2.074033498764038,0.8423913043478262,0.8409835445781164,0.27027110094111156,0.3615406083325442,0.8196892440425254,0.5167346620391062,109080.0,109080.0,1.0,8.6,10.0,1537.9602090630103,0.01
177,1.9996111392974854,0.8406929347826086,0.8387976391661639,0.27027110094111156,0.3615406083325442,0.8196892440425254,0.5127936150874615,109079.99999999999,109079.99999999999,1.0,8.6,10.0,1537.96020906301,0.01
178,2.403879165649414,0.8247282608695651,0.8214128578771484,0.27027110094111156,0.3615406083325442,0.8196892440425254,0.5104153560671115,109079.99999999999,109079.99999999999,1.0,8.6,10.0,1537.96020906301,0.01
179,2.5355401039123535,0.8091032608695651,0.8043017566920792,0.27027110094111156,0.3615406083325442,0.8196892440425254,0.5143089816541744,109080.0,109080.0,1.0,8.6,10.0,1537.96020906301,0.01
180,2.1782524585723877,0.8267663043478262,0.8247014067579405,0.27027110094111156,0.36154060833254414,0.8196892440425254,0.5220697990114982,109079.99999999999,109079.99999999999,1.0,8.6,10.0,1537.96020906301,0.01
181,2.1235363483428955,0.8237092391304349,0.8220534997996339,0.2702711009411116,0.3615406083325442,0.8196892440425254,0.5243603162329655,109079.99999999999,109079.99999999999,1.0,8.6,10.0,1537.9602090630103,0.01
182,2.2857227325439453,0.8233695652173914,0.8223384582949317,0.27027110094111156,0.3615406083325442,0.8196892440425254,0.5172881050454908,109079.99999999999,109079.99999999999,1.0,8.6,10.0,1537.96020906301,0.01
183,2.291189670562744,0.8257472826086957,0.8244840652030804,0.27027110094111156,0.3615406083325442,0.8196892440425254,0.5149385465047565,109080.0,109080.0,1.0,8.6,10.0,1537.9602090630103,0.01
184,2.5016651153564453,0.8254076086956522,0.8242927458571637,0.27027110094111156,0.3615406083325442,0.8196892440425254,0.5247266123616527,109080.0,109080.0,1.0,8.6,10.0,1537.9602090630103,0.01
185,2.5428414344787598,0.8016304347826086,0.7990895143158745,0.27027110094111156,0.3615406083325442,0.8196892440425254,0.5147613916096153,109079.99999999999,109079.99999999999,1.0,8.6,10.0,1537.96020906301,0.01
186,2.440699577331543,0.8118206521739131,0.8102527559407671,0.27027110094111156,0.3615406083325442,0.8196892440425254,0.5207547330428258,109079.99999999999,109079.99999999999,1.0,8.6,10.0,1537.9602090630103,0.01
187,2.5690622329711914,0.802649456521739,0.8027711810166045,0.27027110094111156,0.3615406083325442,0.8196892440425254,0.5249105051759797,109079.99999999999,109079.99999999999,1.0,8.6,10.0,1537.9699428089295,0.01
188,2.4703714847564697,0.8036684782608695,0.8029826843714409,0.27027110094111156,0.3615406083325442,0.8196892440425254,0.5131642196461218,109080.0,109080.0,1.0,8.6,10.0,1537.9699428089295,0.01
189,2.879673957824707,0.7883831521739131,0.7884573838629674,0.27027110094111156,0.3615406083325442,0.8196892440425254,0.5219319013309167,109080.0,109080.0,1.0,8.6,10.0,1537.9699428089295,0.01
190,2.6373260021209717,0.7951766304347826,0.7950550840879803,0.27027110094111156,0.3615406083325442,0.8196892440425254,0.515272637381258,109080.0,109080.0,1.0,8.6,10.0,1538.002544481944,0.01
191,2.7917685508728027,0.7863451086956522,0.7858787875556166,0.2702711009411116,0.36154060833254414,0.8196892440425254,0.5255309365389786,109080.0,109080.0,1.0,8.6,10.0,1538.0061361916826,0.01
192,2.604733467102051,0.7897418478260869,0.7875701689167038,0.27027110094111156,0.3615406083325442,0.8196892440425254,0.5290005494383396,109079.99999999999,109079.99999999999,1.0,8.6,10.0,1538.0061361916828,0.01
193,2.86440110206604,0.7907608695652174,0.7894316420412029,0.27027110094111156,0.3615406083325442,0.8196892440425254,0.5193952936537247,109079.99999999999,109079.99999999999,1.0,8.6,10.0,1538.0061361916826,0.01
194,3.2446646690368652,0.7588315217391305,0.7538923668306278,0.27027110094111156,0.3615406083325442,0.8196892440425254,0.5160181607009278,109079.99999999999,109079.99999999999,1.0,8.6,10.0,1538.0061361916826,0.01
195,2.890599489212036,0.7890625,0.7833872218239962,0.27027110094111156,0.3615406083325442,0.8196892440425254,0.51189259881553,109080.0,109080.0,1.0,8.6,10.0,1538.015869937602,0.01
196,3.055706262588501,0.7944972826086957,0.7889050167239754,0.27027110094111156,0.3615406083325442,0.8196892440425254,0.5155015363073194,109080.0,109080.0,1.0,8.6,10.0,1538.0158699376018,0.01
197,2.793564558029175,0.8053668478260869,0.8025327408539045,0.27027110094111156,0.3615406083325442,0.8196892440425254,0.5217879523195821,109079.99999999999,109079.99999999999,1.0,8.6,10.0,1538.015869937602,0.01
198,2.410066604614258,0.8335597826086957,0.8317178849047966,0.27027110094111156,0.3615406083325442,0.8196892440425254,0.5192007343320255,109080.0,109080.0,1.0,8.6,10.0,1538.015869937602,0.01
199,2.5149857997894287,0.8257472826086957,0.8226816903147335,0.27027110094111156,0.3615406083325442,0.8196892440425254,0.5134017328053745,109079.99999999999,109079.99999999999,1.0,8.6,10.0,1538.0158699376022,0.01
200,2.3860013484954834,0.8186141304347826,0.8156448295198415,0.27027110094111156,0.3615406083325442,0.8196892440425254,0.5239174987014152,109079.99999999999,109079.99999999999,1.0,8.6,10.0,1538.015869937602,0.01
201,2.4459033012390137,0.8040081521739131,0.7990467594638404,0.27027110094111156,0.3615406083325442,0.8196892440425254,0.5151496051574559,109079.99999999999,109079.99999999999,1.0,8.6,10.0,1538.015869937602,0.01
202,2.146087884902954,0.8172554347826086,0.8143781012278632,0.27027110094111156,0.3615406083325442,0.8196892440425254,0.5264966039390377,109079.99999999999,109079.99999999999,1.0,8.6,10.0,1538.015869937602,0.01
203,2.040372848510742,0.826086956521739,0.8233317376662419,0.27027110094111156,0.3615406083325442,0.8196892440425254,0.5262669794123632,109079.99999999999,109079.99999999999,1.0,8.6,10.0,1538.015869937602,0.01
204,2.2928977012634277,0.8125,0.810870976148335,0.27027110094111156,0.3615406083325442,0.8196892440425254,0.511162345732387,109080.0,109080.0,1.0,8.6,10.0,1538.0256036835215,0.01
205,2.1586313247680664,0.8254076086956522,0.8196433989979908,0.27027110094111156,0.3615406083325442,0.8196892440425254,0.5142498413937915,109079.99999999999,109079.99999999999,1.0,8.6,10.0,1537.8942321179609,0.01
206,2.0847222805023193,0.8362771739130435,0.8331587503115925,0.27027110094111156,0.3615406083325442,0.8196892440425254,0.5179897006824045,109079.99999999999,109079.99999999999,1.0,8.6,10.0,1537.6446093537472,0.01
207,2.4511194229125977,0.8084239130434783,0.80149585437231,0.27027110094111156,0.3615406083325442,0.8196892440425254,0.5231784004251898,109079.99999999999,109079.99999999999,1.0,8.6,10.0,1537.6895163518432,0.01
208,2.467273235321045,0.814538043478261,0.8116767336372993,0.27027110094111156,0.3615406083325442,0.8196892440425254,0.517997940975901,109079.99999999999,109079.99999999999,1.0,8.6,10.0,1537.700440250102,0.01
209,2.3169894218444824,0.8328804347826086,0.8309122181189683,0.27027110094111156,0.3615406083325442,0.8196892440425254,0.5109734135691048,109080.0,109080.0,1.0,8.6,10.0,1537.7428181744763,0.01
210,2.305758237838745,0.8355978260869565,0.8334492179959934,0.27027110094111156,0.3615406083325442,0.8196892440425254,0.512183143148225,109079.99999999999,109079.99999999999,1.0,8.6,10.0,1537.7428181744763,0.01
211,2.1577348709106445,0.8226902173913043,0.8184979295846527,0.27027110094111156,0.36154060833254414,0.8196892440425254,0.5130983841432192,109079.99999999999,109079.99999999999,1.0,8.6,10.0,1537.7428181744763,0.01
212,3.2549750804901123,0.7856657608695651,0.7817235663643015,0.27027110094111156,0.36154060833254414,0.8196892440425254,0.5145316475493605,109079.99999999999,109079.99999999999,1.0,8.6,10.0,1537.7428181744763,0.01
213,2.1293134689331055,0.8352581521739131,0.8322036240849139,0.27027110094111156,0.3615406083325442,0.8196892440425254,0.517055976377867,109079.99999999999,109079.99999999999,1.0,8.6,10.0,1537.7428181744763,0.01
214,2.3743884563446045,0.8284646739130435,0.8253648345330601,0.27027110094111156,0.3615406083325442,0.8196892440425254,0.517911708523581,109079.99999999999,109079.99999999999,1.0,8.6,10.0,1537.7402519084942,0.01
215,2.6103689670562744,0.8135190217391305,0.8083447561822051,0.27027110094111156,0.3615406083325442,0.8196892440425254,0.513446320549578,109080.0,109080.0,1.0,8.6,10.0,1537.7419096206816,0.01
216,2.2028214931488037,0.8226902173913043,0.8205692738213229,0.27027110094111156,0.3615406083325442,0.8196892440425254,0.5206761808662601,109080.0,109080.0,1.0,8.6,10.0,1537.7419096206816,0.01
217,2.4478020668029785,0.8186141304347826,0.8162583474077542,0.27027110094111156,0.3615406083325442,0.8196892440425254,0.5223749967472339,109080.0,109080.0,1.0,8.6,10.0,1537.7832461617586,0.01
218,2.5755107402801514,0.8036684782608695,0.7997952144169659,0.27027110094111156,0.3615406083325442,0.8196892440425254,0.526588286649156,109079.99999999999,109079.99999999999,1.0,8.6,10.0,1537.7832461617586,0.01
219,2.531923294067383,0.8213315217391305,0.8196949925085236,0.27027110094111156,0.36154060833254414,0.8196892440425254,0.5198775740974746,109079.99999999997,109079.99999999997,1.0,8.6,10.0,1537.7832461617588,0.01
220,2.504822015762329,0.8131793478260869,0.8104259964046356,0.27027110094111156,0.3615406083325442,0.8196892440425254,0.5134136841852336,109080.0,109080.0,1.0,8.6,10.0,1537.7832461617588,0.01
221,2.5410537719726562,0.8162364130434783,0.8157875957068386,0.27027110094111156,0.3615406083325442,0.8196892440425254,0.5152107340985984,109079.99999999999,109079.99999999999,1.0,8.6,10.0,1537.7835436998434,0.01
222,2.6865086555480957,0.8135190217391305,0.8134577073129932,0.27027110094111156,0.3615406083325442,0.8196892440425254,0.5222968240233059,109079.99999999999,109079.99999999999,1.0,8.6,10.0,1537.7835436998437,0.01
223,2.153571128845215,0.8359375,0.8335465992850971,0.27027110094111156,0.3615406083325442,0.8196892440425254,0.5139454709238273,109080.0,109080.0,1.0,8.6,10.0,1537.7835436998437,0.01
224,2.1370112895965576,0.8413722826086957,0.8396991667113491,0.27027110094111156,0.3615406083325442,0.8196892440425254,0.5253069281124058,109079.99999999999,109079.99999999999,1.0,8.6,10.0,1537.8471105864053,0.01
225,2.3266379833221436,0.8318614130434783,0.8300091168026049,0.27027110094111156,0.3615406083325442,0.8196892440425254,0.5277025745340478,109079.99999999999,109079.99999999999,1.0,8.6,10.0,1537.847110586405,0.01
226,2.5137529373168945,0.828125,0.8264448498456018,0.27027110094111156,0.36154060833254414,0.8196892440425254,0.5229986381997741,109079.99999999999,109079.99999999999,1.0,8.6,10.0,1537.847110586405,0.01
227,2.433500289916992,0.8257472826086957,0.8204308136130387,0.27027110094111156,0.3615406083325442,0.8196892440425254,0.5142052004983297,109079.99999999999,109079.99999999999,1.0,8.6,10.0,1537.847110586405,0.01
228,2.139472484588623,0.8413722826086957,0.8385723994188136,0.27027110094111156,0.3615406083325442,0.8196892440425254,0.5231228669268263,109079.99999999999,109079.99999999999,1.0,8.6,10.0,1537.868958382923,0.01
229,2.0109143257141113,0.8539402173913043,0.8517985279611643,0.27027110094111156,0.36154060833254414,0.8196892440425254,0.5200513706697603,109080.0,109080.0,1.0,8.6,10.0,1537.888425874762,0.01
230,2.0777854919433594,0.8423913043478262,0.8398215068613321,0.27027110094111156,0.3615406083325442,0.8196892440425254,0.5134515889775376,109079.99999999999,109079.99999999999,1.0,8.6,10.0,1537.8884258747619,0.01
231,2.4177136421203613,0.8311820652173914,0.8270925642776573,0.27027110094111156,0.3615406083325442,0.8196892440425254,0.5234149955821115,109080.0,109080.0,1.0,8.6,10.0,1537.8884258747619,0.01
232,2.51841402053833,0.8376358695652174,0.8332848660943081,0.27027110094111156,0.3615406083325442,0.8196892440425254,0.5222466072073699,109079.99999999999,109079.99999999999,1.0,8.6,10.0,1537.8884258747619,0.01
233,2.31023907661438,0.8444293478260869,0.8409704938966067,0.27027110094111156,0.3615406083325442,0.8196892440425254,0.5154897041043208,109079.99999999999,109079.99999999999,1.0,8.6,10.0,1537.8884258747619,0.01
234,2.3852407932281494,0.8359375,0.8306329309419512,0.27027110094111156,0.3615406083325442,0.8196892440425254,0.5136211235907184,109079.99999999999,109079.99999999999,1.0,8.6,10.0,1537.8884683802028,0.01
235,2.2477645874023438,0.841711956521739,0.8370779006887484,0.27027110094111156,0.36154060833254414,0.8196892440425254,0.5241611534739734,109080.0,109080.0,1.0,8.6,10.0,1537.8884683802028,0.01
236,2.148960828781128,0.8505434782608695,0.8470385114627236,0.27027110094111156,0.3615406083325442,0.8196892440425254,0.5159043318169421,109079.99999999999,109079.99999999999,1.0,8.6,10.0,1537.8884683802028,0.01
237,2.326908826828003,0.8332201086956522,0.8294882607625662,0.27027110094111156,0.36154060833254414,0.8196892440425254,0.5186235450037935,109080.0,109080.0,1.0,8.6,10.0,1537.8884683802028,0.01
238,2.2348482608795166,0.8369565217391305,0.8338072919035383,0.27027110094111156,0.3615406083325442,0.8196892440425254,0.5025843264164161,109079.99999999997,109079.99999999997,1.0,8.6,10.0,1537.888468380203,0.01
239,2.3985822200775146,0.8444293478260869,0.8416466874061804,0.27027110094111156,0.3615406083325442,0.8196892440425254,0.5231753828346535,109079.99999999999,109079.99999999999,1.0,8.6,10.0,1537.8884683802025,0.01
240,2.3383917808532715,0.849524456521739,0.8468457466640484,0.27027110094111156,0.36154060833254414,0.8196892440425254,0.5166145837475609,109079.99999999999,109079.99999999999,1.0,8.6,10.0,1537.8884683802028,0.01
241,2.826223373413086,0.826086956521739,0.8228761298044911,0.27027110094111156,0.36154060833254414,0.8196892440425254,0.5240853173948086,109080.0,109080.0,1.0,8.6,10.0,1537.8884683802028,0.01
242,2.562119722366333,0.8464673913043478,0.8422258148183897,0.2702711009411116,0.3615406083325442,0.8196892440425254,0.5313721671132969,109079.99999999999,109079.99999999999,1.0,8.6,10.0,1537.8884683802025,0.01
243,3.383363723754883,0.8050271739130435,0.8004390296617357,0.27027110094111156,0.3615406083325442,0.8196892440425254,0.5239540550926693,109080.0,109080.0,1.0,8.6,10.0,1537.8884683802025,0.01
244,2.7445120811462402,0.8355978260869565,0.8303188854972255,0.27027110094111156,0.36154060833254414,0.8196892440425254,0.5175589208244888,109080.0,109080.0,1.0,8.6,10.0,1537.8884683802028,0.01
245,2.4904911518096924,0.8508831521739131,0.847355703002675,0.27027110094111156,0.3615406083325442,0.8196892440425254,0.5232520492927814,109080.0,109080.0,1.0,8.6,10.0,1537.8884683802028,0.01
246,2.5711045265197754,0.8481657608695651,0.8438142598359586,0.27027110094111156,0.36154060833254414,0.8196892440425254,0.52062842752521,109080.0,109080.0,1.0,8.6,10.0,1537.8884683802025,0.01
247,2.87503719329834,0.8389945652173914,0.832898150839973,0.27027110094111156,0.36154060833254414,0.8196892440425254,0.5178295285709534,109079.99999999999,109079.99999999999,1.0,8.6,10.0,1537.8884683802025,0.01
248,2.578958034515381,0.8400135869565217,0.8357798092384902,0.27027110094111156,0.3615406083325442,0.8196892440425254,0.5160383038603832,109080.0,109080.0,1.0,8.6,10.0,1537.8884683802025,0.01
249,2.4913599491119385,0.8434103260869565,0.838056189336396,0.27027110094111156,0.36154060833254414,0.8196892440425254,0.5153199984926135,109080.0,109080.0,1.0,8.6,10.0,1537.8884683802028,0.01
250,2.5735092163085938,0.8372961956521738,0.8319185022090133,0.27027110094111156,0.3615406083325442,0.8196892440425254,0.5177173100176781,109079.99999999999,109079.99999999999,1.0,8.6,10.0,1537.8884683802028,0.01
251,2.4883856773376465,0.8311820652173914,0.8262324499255083,0.2702711009411116,0.3615406083325442,0.8196892440425254,0.5125614703350151,109079.99999999997,109079.99999999997,1.0,8.6,10.0,1537.8884683802028,0.01
252,2.365319013595581,0.8359375,0.8322235028141313,0.27027110094111156,0.3615406083325442,0.8196892440425254,0.5206342308708062,109080.0,109080.0,1.0,8.6,10.0,1537.8884683802028,0.01
253,2.9345221519470215,0.7995923913043478,0.7934157692175867,0.27027110094111156,0.3615406083325442,0.8196892440425254,0.51711394264078,109079.99999999997,109079.99999999997,1.0,8.6,10.0,1537.8884683802028,0.01
254,2.781733512878418,0.8108016304347826,0.8005650208851023,0.27027110094111156,0.3615406083325442,0.8196892440425254,0.5229677588752875,109080.0,109080.0,1.0,8.6,10.0,1537.8884683802028,0.01
255,2.5709798336029053,0.8335597826086957,0.8297851977873937,0.27027110094111156,0.3615406083325442,0.8196892440425254,0.526417486977655,109079.99999999999,109079.99999999999,1.0,8.6,10.0,1537.8884683802028,0.01
256,2.978950262069702,0.8169157608695651,0.812600900059404,0.27027110094111156,0.3615406083325442,0.8196892440425254,0.5214712323379723,109079.99999999999,109079.99999999999,1.0,8.6,10.0,1537.8884683802025,0.01
257,2.772641658782959,0.8322010869565217,0.8285708131884898,0.27027110094111156,0.3615406083325442,0.8196892440425254,0.5117108542978829,109080.0,109080.0,1.0,8.6,10.0,1537.8884683802028,0.01
258,4.2150139808654785,0.7737771739130435,0.7531209319147556,0.2702711009411116,0.3615406083325442,0.8196892440425254,0.5153462684452857,109079.99999999999,109079.99999999999,1.0,8.6,10.0,1537.8884683802028,0.01
259,3.3454530239105225,0.8016304347826086,0.7975357153728573,0.27027110094111156,0.3615406083325442,0.8196892440425254,0.5241967336851314,109080.0,109080.0,1.0,8.6,10.0,1537.8884683802025,0.01
260,2.9956679344177246,0.8216711956521738,0.8182111365601221,0.27027110094111156,0.3615406083325442,0.8196892440425254,0.5137950695961941,109079.99999999999,109079.99999999999,1.0,8.6,10.0,1537.8884683802028,0.01
261,3.4672439098358154,0.8108016304347826,0.8073504056025366,0.27027110094111156,0.3615406083325442,0.8196892440425254,0.5233104318801933,109080.0,109080.0,1.0,8.6,10.0,1537.8884683802028,0.01
262,3.1462268829345703,0.8271059782608695,0.8230159938085423,0.27027110094111156,0.3615406083325442,0.8196892440425254,0.5141725974062191,109079.99999999999,109079.99999999999,1.0,8.6,10.0,1537.8884683802028,0.01
263,3.1892964839935303,0.8186141304347826,0.8143183006782458,0.27027110094111156,0.36154060833254414,0.8196892440425254,0.5253768484143619,109080.0,109080.0,1.0,8.6,10.0,1537.8884683802028,0.01
264,3.250269651412964,0.822350543478261,0.8189254968538261,0.27027110094111156,0.36154060833254414,0.8196892440425254,0.5300445127279636,109079.99999999999,109079.99999999999,1.0,8.6,10.0,1537.8884683802028,0.01
265,3.266209840774536,0.8237092391304349,0.8183491025239411,0.27027110094111156,0.3615406083325442,0.8196892440425254,0.5127412120976826,109080.0,109080.0,1.0,8.6,10.0,1537.8884683802025,0.01
266,3.3087759017944336,0.8318614130434783,0.828281816129049,0.27027110094111156,0.3615406083325442,0.8196892440425254,0.5283559358418312,109079.99999999999,109079.99999999999,1.0,8.6,10.0,1537.8884683802028,0.01
267,3.59983491897583,0.8362771739130435,0.8313974656852233,0.27027110094111156,0.36154060833254414,0.8196892440425254,0.5192037394373669,109079.99999999999,109079.99999999999,1.0,8.6,10.0,1537.8884683802025,0.01
268,3.648099184036255,0.8274456521739131,0.8238244942084729,0.27027110094111156,0.36154060833254414,0.8196892440425254,0.52157760681473,109079.99999999999,109079.99999999999,1.0,8.6,10.0,1537.8884683802025,0.01
269,3.7123560905456543,0.8050271739130435,0.8016165621255547,0.27027110094111156,0.3615406083325442,0.8196892440425254,0.5187343640802214,109079.99999999999,109079.99999999999,1.0,8.6,10.0,1537.8884683802025,0.01
270,3.9518792629241943,0.8074048913043478,0.8039628671118285,0.27027110094111156,0.36154060833254414,0.8196892440425254,0.5241330196276324,109079.99999999999,109079.99999999999,1.0,8.6,10.0,1537.8884683802028,0.01
271,3.5718159675598145,0.8138586956521738,0.8111479880148124,0.2702711009411116,0.3615406083325442,0.8196892440425254,0.5231407134590004,109080.0,109080.0,1.0,8.6,10.0,1537.8884683802023,0.01
272,3.409458637237549,0.822350543478261,0.8195746456169145,0.27027110094111156,0.3615406083325442,0.8196892440425254,0.529693896512342,109079.99999999999,109079.99999999999,1.0,8.6,10.0,1537.9163094438588,0.01
273,3.3035380840301514,0.8131793478260869,0.811641483014621,0.27027110094111156,0.3615406083325442,0.8196892440425254,0.5168731811905323,109079.99999999999,109079.99999999999,1.0,8.6,10.0,1537.9163094438588,0.01
274,3.5069618225097656,0.8172554347826086,0.8157571863908212,0.27027110094111156,0.3615406083325442,0.8196892440425254,0.5211753260842864,109079.99999999999,109079.99999999999,1.0,8.6,10.0,1537.9163094438588,0.01
275,3.4512033462524414,0.822350543478261,0.8206134387509747,0.27027110094111156,0.3615406083325442,0.8196892440425254,0.5191501513593735,109080.0,109080.0,1.0,8.6,10.0,1537.9163094438588,0.01
276,3.424727439880371,0.8114809782608695,0.8081660798544861,0.27027110094111156,0.3615406083325442,0.8196892440425254,0.5095380035850247,109080.0,109080.0,1.0,8.6,10.0,1537.916309443859,0.01
277,3.8954193592071533,0.8050271739130435,0.8032336486149003,0.27027110094111156,0.3615406083325442,0.8196892440425254,0.525552885738628,109079.99999999999,109079.99999999999,1.0,8.6,10.0,1537.9163094438588,0.01
278,3.192551374435425,0.8175951086956522,0.8140251326752638,0.27027110094111156,0.3615406083325442,0.8196892440425254,0.5232009990495489,109080.0,109080.0,1.0,8.6,10.0,1537.9163094438588,0.01
279,2.8431220054626465,0.8257472826086957,0.8227517823663767,0.27027110094111156,0.3615406083325442,0.8196892440425254,0.5168418523341709,109080.0,109080.0,1.0,8.6,10.0,1537.9163094438586,0.01
280,2.91035795211792,0.8403532608695651,0.8389222596289921,0.27027110094111156,0.3615406083325442,0.8196892440425254,0.5156445794123691,109079.99999999999,109079.99999999999,1.0,8.6,10.0,1537.9163094438588,0.01
281,2.869481086730957,0.8471467391304349,0.8435005910265831,0.27027110094111156,0.36154060833254414,0.8196892440425254,0.5205250955120913,109079.99999999999,109079.99999999999,1.0,8.6,10.0,1537.9389223383093,0.01
282,2.891474485397339,0.8430706521739131,0.841247373969998,0.27027110094111156,0.3615406083325442,0.8196892440425254,0.5096466232565464,109080.0,109080.0,1.0,8.6,10.0,1537.938922338309,0.01
283,3.2409801483154297,0.830163043478261,0.8244663075387179,0.27027110094111156,0.36154060833254414,0.8196892440425254,0.5193090561748978,109079.99999999999,109079.99999999999,1.0,8.6,10.0,1537.938922338309,0.01
284,3.6204657554626465,0.8342391304347826,0.8300220750225407,0.27027110094111156,0.3615406083325442,0.8196892440425254,0.5215271148056407,109080.0,109080.0,1.0,8.6,10.0,1537.9389223383093,0.01
285,3.723240613937378,0.8237092391304349,0.8193649661376394,0.27027110094111156,0.3615406083325442,0.8196892440425254,0.5182340082847255,109079.99999999999,109079.99999999999,1.0,8.6,10.0,1537.9389223383096,0.01
286,4.351933002471924,0.7982336956521738,0.7955695797028964,0.27027110094111156,0.3615406083325442,0.8196892440425254,0.5206278439639571,109079.99999999999,109079.99999999999,1.0,8.6,10.0,1537.9389223383093,0.01
287,3.517249822616577,0.8315217391304349,0.8297645537446695,0.27027110094111156,0.3615406083325442,0.8196892440425254,0.5239901697350275,109079.99999999999,109079.99999999999,1.0,8.6,10.0,1537.9389223383093,0.01
288,3.3488378524780273,0.8376358695652174,0.8343364708312575,0.27027110094111156,0.3615406083325442,0.8196892440425254,0.5189711526765917,109080.0,109080.0,1.0,8.6,10.0,1537.938922338309,0.01
289,4.407322883605957,0.8141983695652174,0.8083100410625366,0.27027110094111156,0.3615406083325442,0.8196892440425254,0.5117558935845639,109079.99999999999,109079.99999999999,1.0,8.6,10.0,1537.9389223383093,0.01
290,3.8079607486724854,0.8294836956521738,0.8262529925864912,0.27027110094111156,0.36154060833254414,0.8196892440425254,0.5262802404080953,109079.99999999999,109079.99999999999,1.0,8.6,10.0,1537.9528428701374,0.01
291,4.174837112426758,0.8254076086956522,0.8223592846067047,0.27027110094111156,0.3615406083325442,0.8196892440425254,0.5236176313331778,109079.99999999999,109079.99999999999,1.0,8.6,10.0,1537.9528428701374,0.01
292,3.9302313327789307,0.8141983695652174,0.8100514081518913,0.27027110094111156,0.3615406083325442,0.8196892440425254,0.5168031710276018,109080.0,109080.0,1.0,8.6,10.0,1537.9528428701371,0.01
293,4.183403491973877,0.8009510869565217,0.793260111786386,0.27027110094111156,0.3615406083325442,0.8196892440425254,0.5183186488260512,109079.99999999999,109079.99999999999,1.0,8.6,10.0,1537.9528428701374,0.01
294,3.7831592559814453,0.8213315217391305,0.8173053778146563,0.27027110094111156,0.36154060833254414,0.8196892440425254,0.5178754819684761,109080.0,109080.0,1.0,8.6,10.0,1537.9528428701374,0.01
295,3.690797805786133,0.8158967391304349,0.8124660363534333,0.27027110094111156,0.3615406083325442,0.8196892440425254,0.51933228687441,109080.0,109080.0,1.0,8.6,10.0,1537.9528428701376,0.01
296,3.796463966369629,0.7924592391304349,0.7884511968958559,0.27027110094111156,0.36154060833254414,0.8196892440425254,0.515896329715021,109079.99999999999,109079.99999999999,1.0,8.6,10.0,1537.9528428701371,0.01
297,3.640017509460449,0.8128396739130435,0.811374497402764,0.27027110094111156,0.36154060833254414,0.8196892440425254,0.5120520098165277,109080.0,109080.0,1.0,8.6,10.0,1537.9528428701371,0.01
298,3.9768831729888916,0.8111413043478262,0.8107774093969727,0.27027110094111156,0.3615406083325442,0.8196892440425254,0.5167518911540703,109080.0,109080.0,1.0,8.6,10.0,1537.9528428701374,0.01
299,4.339977264404297,0.8118206521739131,0.8110905359656188,0.27027110094111156,0.36154060833254414,0.8196892440425254,0.5133198741600485,109080.0,109080.0,1.0,8.6,10.0,1537.9754557645879,0.01
300,4.05803918838501,0.8213315217391305,0.8205281046370319,0.27027110094111156,0.3615406083325442,0.8196892440425254,0.5154567401090047,109079.99999999999,109079.99999999999,1.0,8.6,10.0,1537.9754557645879,0.01
301,3.736401319503784,0.822350543478261,0.8206029519111799,0.27027110094111156,0.3615406083325442,0.8196892440425254,0.5144372561680998,109080.0,109080.0,1.0,8.6,10.0,1537.9754557645877,0.01
302,3.869860887527466,0.8125,0.8102115383583146,0.27027110094111156,0.36154060833254414,0.8196892440425254,0.5241407764684388,109080.0,109080.0,1.0,8.6,10.0,1537.9754557645879,0.01
303,4.72812557220459,0.802649456521739,0.8006024329741184,0.27027110094111156,0.3615406083325442,0.8196892440425254,0.5185623511072082,109079.99999999999,109079.99999999999,1.0,8.6,10.0,1537.9754557645877,0.01
304,4.466814041137695,0.7999320652173914,0.7981332629075995,0.27027110094111156,0.3615406083325442,0.8196892440425254,0.5206906991373338,109080.0,109080.0,1.0,8.6,10.0,1537.9754557645879,0.01
305,4.2607526779174805,0.8060461956521738,0.8024397473869067,0.27027110094111156,0.3615406083325442,0.8196892440425254,0.5220454237276893,109080.0,109080.0,1.0,8.6,10.0,1537.9754557645879,0.01
306,4.281833171844482,0.8009510869565217,0.7969409551408212,0.27027110094111156,0.3615406083325442,0.8196892440425254,0.5133535691067755,109080.0,109080.0,1.0,8.6,10.0,1537.9754557645877,0.01
307,4.652087211608887,0.7985733695652174,0.795696833260164,0.27027110094111156,0.3615406083325442,0.8196892440425254,0.5124060559259795,109079.99999999999,109079.99999999999,1.0,8.6,10.0,1537.9754557645879,0.01
308,4.367614269256592,0.8192934782608695,0.8174064543953481,0.27027110094111156,0.3615406083325442,0.8196892440425254,0.5138564858265359,109079.99999999999,109079.99999999999,1.0,8.6,10.0,1537.9754557645877,0.01
309,4.4837446212768555,0.806725543478261,0.8046409771026761,0.27027110094111156,0.3615406083325442,0.8196892440425254,0.5171371543692816,109080.0,109080.0,1.0,8.6,10.0,1537.9754557645879,0.01
310,4.717122554779053,0.8114809782608695,0.810009915222,0.27027110094111156,0.3615406083325442,0.8196892440425254,0.5167107123869418,109079.99999999999,109079.99999999999,1.0,8.6,10.0,1537.9754557645879,0.01
311,4.698300838470459,0.8050271739130435,0.8036426067128186,0.27027110094111156,0.3615406083325442,0.8196892440425254,0.5186949921964431,109080.0,109080.0,1.0,8.6,10.0,1537.9754557645879,0.01
312,4.174821853637695,0.8155570652173914,0.8132365575407042,0.27027110094111156,0.3615406083325442,0.8196892440425254,0.5136286919212963,109079.99999999999,109079.99999999999,1.0,8.6,10.0,1537.9754557645879,0.01
313,4.273388385772705,0.8070652173913043,0.8060577014935189,0.27027110094111156,0.36154060833254414,0.8196892440425254,0.5265347935559311,109080.0,109080.0,1.0,8.6,10.0,1537.9754557645879,0.01
314,4.48032283782959,0.828125,0.8271359144339052,0.27027110094111156,0.36154060833254414,0.8196892440425254,0.528852559342348,109079.99999999999,109079.99999999999,1.0,8.6,10.0,1537.9754557645879,0.01
315,4.611583709716797,0.8240489130434783,0.8223923495265096,0.27027110094111156,0.3615406083325442,0.8196892440425254,0.5218258131056278,109080.0,109080.0,1.0,8.6,10.0,1537.9754557645879,0.01
316,4.774456977844238,0.8179347826086957,0.8163492806378096,0.27027110094111156,0.3615406083325442,0.8196892440425254,0.5126469550052327,109080.0,109080.0,1.0,8.6,10.0,1537.9754557645877,0.01
317,4.920888900756836,0.806725543478261,0.8047927468712146,0.27027110094111156,0.3615406083325442,0.8196892440425254,0.5210472437450754,109079.99999999999,109079.99999999999,1.0,8.6,10.0,1537.9754557645879,0.01
318,4.932079315185547,0.8057065217391305,0.8050375551583109,0.27027110094111156,0.3615406083325442,0.8196892440425254,0.5187932557717242,109080.0,109080.0,1.0,8.6,10.0,1537.9754557645877,0.01
319,4.306700706481934,0.802649456521739,0.8012204062403134,0.27027110094111156,0.3615406083325442,0.8196892440425254,0.517352076752012,109080.0,109080.0,1.0,8.6,10.0,1537.9754557645879,0.01
320,4.136066436767578,0.8141983695652174,0.8137772160459754,0.27027110094111156,0.3615406083325442,0.8196892440425254,0.5178407873630005,109079.99999999999,109079.99999999999,1.0,8.6,10.0,1537.9754557645877,0.01
321,3.8957884311676025,0.8237092391304349,0.8216743494325348,0.27027110094111156,0.3615406083325442,0.8196892440425254,0.5209537562594969,109079.99999999999,109079.99999999999,1.0,8.6,10.0,1537.9754557645879,0.01
322,3.6544628143310547,0.8216711956521738,0.8189006093150343,0.27027110094111156,0.36154060833254414,0.8196892440425254,0.5213611504393382,109079.99999999999,109079.99999999999,1.0,8.6,10.0,1537.9754557645879,0.01
323,3.914417028427124,0.8264266304347826,0.823696368793499,0.27027110094111156,0.3615406083325442,0.8196892440425254,0.5161422626627153,109079.99999999999,109079.99999999999,1.0,8.6,10.0,1537.9754557645879,0.01
324,4.259590148925781,0.8233695652173914,0.8215717998119749,0.27027110094111156,0.3615406083325442,0.8196892440425254,0.5201160360991111,109079.99999999999,109079.99999999999,1.0,8.6,10.0,1537.9754557645879,0.01
325,4.481102466583252,0.8230298913043478,0.8200765124625359,0.27027110094111156,0.3615406083325442,0.8196892440425254,0.5212706516499876,109079.99999999999,109079.99999999999,1.0,8.6,10.0,1537.9851895105073,0.01
326,4.904809474945068,0.8206521739130435,0.8184658757363547,0.27027110094111156,0.3615406083325442,0.8196892440425254,0.5218534262058395,109079.99999999999,109079.99999999999,1.0,8.6,10.0,1537.9851895105073,0.01
327,4.689535617828369,0.8243885869565217,0.8220331587119268,0.27027110094111156,0.3615406083325442,0.8196892440425254,0.5190232672745826,109080.0,109080.0,1.0,8.6,10.0,1537.9851895105073,0.01
328,4.774816036224365,0.8189538043478262,0.8178716536199321,0.27027110094111156,0.3615406083325442,0.8196892440425254,0.5179082573562763,109080.0,109080.0,1.0,8.6,10.0,1537.9851895105073,0.01
329,4.548959732055664,0.8257472826086957,0.8228548016271331,0.27027110094111156,0.3615406083325442,0.8196892440425254,0.5132765887676047,109079.99999999999,109079.99999999999,1.0,8.6,10.0,1537.985189510507,0.01
330,4.577728271484375,0.8080842391304349,0.8088832664814358,0.2702711009411116,0.36154060833254414,0.8196892440425254,0.5175092037082107,109080.0,109080.0,1.0,8.6,10.0,1537.9851895105073,0.01
331,4.632113456726074,0.8070652173913043,0.8059711067288026,0.27027110094111156,0.3615406083325442,0.8196892440425254,0.5135354552097756,109079.99999999999,109079.99999999999,1.0,8.6,10.0,1537.985189510507,0.01
332,5.0883026123046875,0.7975543478260869,0.7951220803010116,0.27027110094111156,0.3615406083325442,0.8196892440425254,0.5239112360303627,109080.0,109080.0,1.0,8.6,10.0,1537.9851895105073,0.01
333,4.531654357910156,0.8094429347826086,0.8079579669140629,0.27027110094111156,0.36154060833254414,0.8196892440425254,0.5167535343354364,109080.0,109080.0,1.0,8.6,10.0,1537.9851895105076,0.01
334,4.269454002380371,0.8250679347826086,0.8241836510463287,0.27027110094111156,0.3615406083325442,0.8196892440425254,0.5250222357364941,109080.0,109080.0,1.0,8.6,10.0,1537.9851895105073,0.01
335,4.4496750831604,0.822350543478261,0.8222610863934259,0.27027110094111156,0.3615406083325442,0.8196892440425254,0.5059104987599515,109080.0,109080.0,1.0,8.6,10.0,1537.985189510507,0.01
336,4.669620037078857,0.8192934782608695,0.8195450082156721,0.27027110094111156,0.3615406083325442,0.8196892440425254,0.5061409487039402,109079.99999999999,109079.99999999999,1.0,8.6,10.0,1537.985189510507,0.01
337,4.598374366760254,0.8101222826086957,0.8097907406005058,0.27027110094111156,0.3615406083325442,0.8196892440425254,0.5169553020898094,109080.0,109080.0,1.0,8.6,10.0,1537.985189510507,0.01
338,4.576409339904785,0.8206521739130435,0.818648947302985,0.27027110094111156,0.3615406083325442,0.8196892440425254,0.5185359501086328,109080.0,109080.0,1.0,8.6,10.0,1537.9851895105073,0.01
339,4.466238021850586,0.8274456521739131,0.8268561444109329,0.27027110094111156,0.3615406083325442,0.8196892440425254,0.5181976205246752,109080.0,109080.0,1.0,8.6,10.0,1537.9851895105076,0.01
340,5.001613140106201,0.8318614130434783,0.8318282306595882,0.27027110094111156,0.3615406083325442,0.8196892440425254,0.5145185557036975,109080.0,109080.0,1.0,8.6,10.0,1537.9851895105073,0.01
341,4.68324613571167,0.8250679347826086,0.8243917189486879,0.27027110094111156,0.3615406083325442,0.8196892440425254,0.5154033057448395,109079.99999999999,109079.99999999999,1.0,8.6,10.0,1537.9851895105073,0.01
342,4.797839164733887,0.8254076086956522,0.8240825175058321,0.2702711009411116,0.3615406083325442,0.8196892440425254,0.517197018252104,109080.0,109080.0,1.0,8.6,10.0,1537.9851895105073,0.01
343,4.901035785675049,0.8288043478260869,0.8271307575650511,0.27027110094111156,0.3615406083325442,0.8196892440425254,0.5202099214246145,109079.99999999999,109079.99999999999,1.0,8.6,10.0,1537.9851895105073,0.01
344,5.786870002746582,0.8155570652173914,0.8156269296826881,0.27027110094111156,0.36154060833254414,0.8196892440425254,0.5219599325392269,109080.0,109080.0,1.0,8.6,10.0,1537.9851895105073,0.01
345,5.075355529785156,0.8291440217391305,0.8293698684418294,0.27027110094111156,0.3615406083325442,0.8196892440425254,0.5180429617131496,109080.0,109080.0,1.0,8.6,10.0,1537.9851895105076,0.01
346,4.586774826049805,0.8345788043478262,0.8335110464074745,0.27027110094111156,0.3615406083325442,0.8196892440425254,0.5148265931240492,109080.0,109080.0,1.0,8.6,10.0,1537.9851895105073,0.01
347,4.433290004730225,0.8328804347826086,0.832899223006555,0.27027110094111156,0.3615406083325442,0.8196892440425254,0.514459421475123,109079.99999999999,109079.99999999999,1.0,8.6,10.0,1537.9851895105073,0.01
348,4.526994705200195,0.8274456521739131,0.8275384549887552,0.27027110094111156,0.3615406083325442,0.8196892440425254,0.5207010013688765,109079.99999999999,109079.99999999999,1.0,8.6,10.0,1537.9851895105073,0.01
349,4.070263862609863,0.830163043478261,0.8298979434214803,0.27027110094111156,0.3615406083325442,0.8196892440425254,0.5116918720345501,109080.0,109080.0,1.0,8.6,10.0,1537.9851895105073,0.01
350,4.4879469871521,0.8254076086956522,0.8265155780197334,0.27027110094111156,0.36154060833254414,0.8196892440425254,0.5101372210777104,109080.0,109080.0,1.0,8.6,10.0,1537.985189510507,0.01
351,4.8309502601623535,0.8328804347826086,0.8332850603243517,0.27027110094111156,0.3615406083325442,0.8196892440425254,0.5230283846468609,109080.0,109080.0,1.0,8.6,10.0,1537.9851895105073,0.01
352,5.898251533508301,0.7944972826086957,0.7984183826778822,0.27027110094111156,0.36154060833254414,0.8196892440425254,0.5270158150704564,109079.99999999999,109079.99999999999,1.0,8.6,10.0,1537.985189510507,0.01
353,5.019853115081787,0.8148777173913043,0.8171197242514142,0.27027110094111156,0.3615406083325442,0.8196892440425254,0.51215280840524,109079.99999999999,109079.99999999999,1.0,8.6,10.0,1537.9851895105073,0.01
354,4.0545525550842285,0.8165760869565217,0.8175012288188593,0.27027110094111156,0.36154060833254414,0.8196892440425254,0.5133481798805013,109079.99999999999,109079.99999999999,1.0,8.6,10.0,1537.9851895105073,0.01
355,4.785816192626953,0.8243885869565217,0.826165333782097,0.27027110094111156,0.3615406083325442,0.8196892440425254,0.51356246908549,109079.99999999999,109079.99999999999,1.0,8.6,10.0,1537.9851895105073,0.01
356,4.209793567657471,0.841711956521739,0.8413820111923317,0.27027110094111156,0.3615406083325442,0.8196892440425254,0.5262944522568139,109079.99999999999,109079.99999999999,1.0,8.6,10.0,1537.9851895105073,0.01
357,3.9618217945098877,0.8396739130434783,0.8397504000073699,0.27027110094111156,0.3615406083325442,0.8196892440425254,0.5220735228749172,109079.99999999999,109079.99999999999,1.0,8.6,10.0,1538.0063784726945,0.01
358,3.8525915145874023,0.8423913043478262,0.8419108232250548,0.27027110094111156,0.3615406083325442,0.8196892440425254,0.5219090856911698,109079.99999999999,109079.99999999999,1.0,8.6,10.0,1538.0063784726942,0.01
359,3.3334054946899414,0.8600543478260869,0.8571274783595669,0.27027110094111156,0.3615406083325442,0.8196892440425254,0.5226907562768498,109079.99999999999,109079.99999999999,1.0,8.6,10.0,1538.0063784726947,0.01
360,3.377957582473755,0.8488451086956522,0.8472692447668564,0.27027110094111156,0.3615406083325442,0.8196892440425254,0.5135705859539168,109080.0,109080.0,1.0,8.6,10.0,1538.0063784726945,0.01
361,3.8807950019836426,0.8423913043478262,0.8415170858229234,0.27027110094111156,0.3615406083325442,0.8196892440425254,0.5186252330994321,109079.99999999999,109079.99999999999,1.0,8.6,10.0,1538.0063784726945,0.01
362,3.2535510063171387,0.8624320652173914,0.8605800763903849,0.27027110094111156,0.3615406083325442,0.8196892440425254,0.5225137095651119,109079.99999999999,109079.99999999999,1.0,8.6,10.0,1538.0063784726945,0.01
363,3.423717737197876,0.8603940217391305,0.8586377078467139,0.27027110094111156,0.3615406083325442,0.8196892440425254,0.5172063751436033,109079.99999999999,109079.99999999999,1.0,8.6,10.0,1538.0063784726947,0.01
364,3.178086280822754,0.8675271739130435,0.8653352419543574,0.27027110094111156,0.3615406083325442,0.8196892440425254,0.5133022166569681,109079.99999999999,109079.99999999999,1.0,8.6,10.0,1538.0063784726945,0.01
365,3.509197950363159,0.8563179347826086,0.8545992223509029,0.27027110094111156,0.36154060833254414,0.8196892440425254,0.5236059575786529,109079.99999999999,109079.99999999999,1.0,8.6,10.0,1538.0063784726945,0.01
366,3.2184252738952637,0.8675271739130435,0.8649377869799485,0.27027110094111156,0.3615406083325442,0.8196892440425254,0.5217440475317547,109079.99999999999,109079.99999999999,1.0,8.6,10.0,1538.0063784726945,0.01
367,3.227874517440796,0.8637907608695651,0.8611247418468801,0.27027110094111156,0.3615406083325442,0.8196892440425254,0.5088775191330417,109079.99999999999,109079.99999999999,1.0,8.6,10.0,1538.0389801457088,0.01
368,3.324631452560425,0.8403532608695651,0.8393607703695994,0.27027110094111156,0.3615406083325442,0.8196892440425254,0.5119616228426372,109080.0,109080.0,1.0,8.6,10.0,1538.0389801457088,0.01
369,3.300746202468872,0.8427309782608695,0.8418366510065591,0.27027110094111156,0.36154060833254414,0.8196892440425254,0.5231160193973579,109080.0,109080.0,1.0,8.6,10.0,1538.0389801457086,0.01
370,3.803978443145752,0.8403532608695651,0.8393015196931262,0.27027110094111156,0.3615406083325442,0.8196892440425254,0.5300152384482478,109080.0,109080.0,1.0,8.6,10.0,1538.0389801457088,0.01
371,3.7499501705169678,0.8322010869565217,0.8304881444988331,0.27027110094111156,0.3615406083325442,0.8196892440425254,0.5226133825729669,109079.99999999999,109079.99999999999,1.0,8.6,10.0,1538.0389801457086,0.01
372,3.3923561573028564,0.8512228260869565,0.8488393512607431,0.2702711009411116,0.3615406083325442,0.8196892440425254,0.518717371956957,109079.99999999999,109079.99999999999,1.0,8.6,10.0,1538.0389801457086,0.01
373,3.058816432952881,0.8648097826086957,0.8632055724020352,0.27027110094111156,0.3615406083325442,0.8196892440425254,0.5244569535872882,109079.99999999999,109079.99999999999,1.0,8.6,10.0,1538.0389801457086,0.01
374,3.2058398723602295,0.8620923913043478,0.8601642626657906,0.27027110094111156,0.3615406083325442,0.8196892440425254,0.5139445203627024,109079.99999999999,109079.99999999999,1.0,8.6,10.0,1538.0389801457086,0.01
375,3.489165782928467,0.8488451086956522,0.8472453162772113,0.27027110094111156,0.3615406083325442,0.8196892440425254,0.5211022711876816,109080.0,109080.0,1.0,8.6,10.0,1538.0389801457086,0.01
376,3.484917163848877,0.8505434782608695,0.8482026319727235,0.27027110094111156,0.3615406083325442,0.8196892440425254,0.5108413291249884,109080.0,109080.0,1.0,8.6,10.0,1538.0389801457086,0.01
377,3.7224631309509277,0.8423913043478262,0.8397015703833625,0.27027110094111156,0.3615406083325442,0.8196892440425254,0.5279094814216481,109079.99999999999,109079.99999999999,1.0,8.6,10.0,1538.0389801457088,0.01
378,4.039143085479736,0.8386548913043478,0.8349709482463213,0.27027110094111156,0.36154060833254414,0.8196892440425254,0.5200193310977326,109079.99999999999,109079.99999999999,1.0,8.6,10.0,1538.0389801457086,0.01
379,3.5191867351531982,0.8627717391304349,0.8605829975356518,0.27027110094111156,0.3615406083325442,0.8196892440425254,0.5220211477092872,109080.0,109080.0,1.0,8.6,10.0,1538.0389801457086,0.01
380,3.283165693283081,0.8620923913043478,0.859616998452697,0.27027110094111156,0.3615406083325442,0.8196892440425254,0.5200417559346644,109080.0,109080.0,1.0,8.6,10.0,1538.0389801457086,0.01
381,3.4597249031066895,0.8671875,0.8639250745417733,0.27027110094111156,0.3615406083325442,0.8196892440425254,0.5158709743920555,109080.0,109080.0,1.0,8.6,10.0,1538.0389801457088,0.01
382,3.057757616043091,0.8736413043478262,0.8711210882766305,0.27027110094111156,0.3615406083325442,0.8196892440425254,0.5276933441483806,109080.0,109080.0,1.0,8.6,10.0,1538.0389801457086,0.01
383,3.2493879795074463,0.8668478260869565,0.8634424184114916,0.27027110094111156,0.3615406083325442,0.8196892440425254,0.5301059995564076,109080.0,109080.0,1.0,8.6,10.0,1538.0389801457086,0.01
384,3.9309909343719482,0.8569972826086957,0.8546597020909962,0.27027110094111156,0.36154060833254414,0.8196892440425254,0.5190868949410187,109079.99999999999,109079.99999999999,1.0,8.6,10.0,1538.0389801457088,0.01
385,3.879608392715454,0.861413043478261,0.8600275045351656,0.2702711009411116,0.3615406083325442,0.8196892440425254,0.5201887657969249,109079.99999999999,109079.99999999999,1.0,8.6,10.0,1538.0389801457088,0.01
386,3.9785943031311035,0.8634510869565217,0.8622164580565868,0.27027110094111156,0.36154060833254414,0.8196892440425254,0.5231332269469854,109080.0,109080.0,1.0,8.6,10.0,1538.0389801457088,0.01
387,4.078780174255371,0.8563179347826086,0.8551956877527558,0.27027110094111156,0.3615406083325442,0.8196892440425254,0.5206940357975653,109080.0,109080.0,1.0,8.6,10.0,1538.0389801457086,0.01
388,4.201019763946533,0.8620923913043478,0.8615542737325911,0.27027110094111156,0.3615406083325442,0.8196892440425254,0.5206097412420694,109079.99999999999,109079.99999999999,1.0,8.6,10.0,1538.0389801457086,0.01
389,3.740187644958496,0.8678668478260869,0.8667058591715276,0.27027110094111156,0.36154060833254414,0.8196892440425254,0.5109974875219239,109080.0,109080.0,1.0,8.6,10.0,1538.0389801457088,0.01
390,4.437812805175781,0.8519021739130435,0.8504145409982146,0.2702711009411116,0.36154060833254414,0.8196892440425254,0.5096142755758516,109080.0,109080.0,1.0,8.6,10.0,1538.0389801457086,0.01
391,4.912429332733154,0.8586956521739131,0.8576235291856322,0.27027110094111156,0.3615406083325442,0.8196892440425254,0.5246082056269163,109080.0,109080.0,1.0,8.6,10.0,1538.0389801457086,0.01
392,4.893258571624756,0.8559782608695651,0.8553788650969212,0.27027110094111156,0.3615406083325442,0.8196892440425254,0.5236125334173083,109080.0,109080.0,1.0,8.6,10.0,1538.0389801457086,0.01
393,4.928900718688965,0.8654891304347826,0.8647469405145018,0.27027110094111156,0.36154060833254414,0.8196892440425254,0.5213555319394847,109079.99999999999,109079.99999999999,1.0,8.6,10.0,1538.0389801457086,0.01
394,4.727606773376465,0.8634510869565217,0.8628823408269977,0.27027110094111156,0.36154060833254414,0.8196892440425254,0.5178888597088876,109079.99999999999,109079.99999999999,1.0,8.6,10.0,1538.0389801457086,0.01
395,4.035881519317627,0.8739809782608695,0.8730449466863248,0.27027110094111156,0.3615406083325442,0.8196892440425254,0.5212825224760178,109079.99999999999,109079.99999999999,1.0,8.6,10.0,1538.0389801457086,0.01
396,4.130298137664795,0.8641304347826086,0.8628193397128171,0.27027110094111156,0.3615406083325442,0.8196892440425254,0.515573372162465,109080.0,109080.0,1.0,8.6,10.0,1538.0389801457086,0.01
397,4.910195350646973,0.8529211956521738,0.8520709645810044,0.27027110094111156,0.3615406083325442,0.8196892440425254,0.5192325148281516,109079.99999999999,109079.99999999999,1.0,8.6,10.0,1538.0389801457086,0.01
398,4.720989227294922,0.8712635869565217,0.8702167637450688,0.27027110094111156,0.3615406083325442,0.8196892440425254,0.516117344516146,109079.99999999999,109079.99999999999,1.0,8.6,10.0,1538.0389801457086,0.01
399,4.486072063446045,0.8668478260869565,0.8655529948362578,0.27027110094111156,0.36154060833254414,0.8196892440425254,0.520502597417873,109079.99999999999,109079.99999999999,1.0,8.6,10.0,1538.0389801457088,0.01
400,4.5513410568237305,0.8658288043478262,0.8648832720047802,0.27027110094111156,0.3615406083325442,0.8196892440425254,0.527269381239313,109079.99999999999,109079.99999999999,1.0,8.6,10.0,1538.0389801457086,0.01
401,4.508218765258789,0.8624320652173914,0.8609207354250544,0.27027110094111156,0.3615406083325442,0.8196892440425254,0.5165015485976803,109079.99999999999,109079.99999999999,1.0,8.6,10.0,1538.0389801457086,0.01
402,4.010761737823486,0.8597146739130435,0.8579246176112978,0.27027110094111156,0.3615406083325442,0.8196892440425254,0.5204691291179698,109079.99999999999,109079.99999999999,1.0,8.6,10.0,1538.0389801457086,0.01
403,3.767035722732544,0.8654891304347826,0.8641233828176188,0.27027110094111156,0.3615406083325442,0.8196892440425254,0.5229023966747737,109079.99999999999,109079.99999999999,1.0,8.6,10.0,1538.0715818187227,0.01
404,4.212924003601074,0.861413043478261,0.8597895684203513,0.27027110094111156,0.36154060833254414,0.8196892440425254,0.518972366788831,109079.99999999999,109079.99999999999,1.0,8.6,10.0,1538.071581818723,0.01
405,4.181757926940918,0.8634510869565217,0.8614080665939786,0.27027110094111156,0.3615406083325442,0.8196892440425254,0.5204165539622176,109079.99999999999,109079.99999999999,1.0,8.6,10.0,1538.0715818187227,0.01
406,4.005143642425537,0.8491847826086957,0.8477131750230881,0.27027110094111156,0.3615406083325442,0.8196892440425254,0.5193585389262314,109079.99999999999,109079.99999999999,1.0,8.6,10.0,1538.0715818187227,0.01
407,3.8350393772125244,0.8627717391304349,0.860925785443758,0.27027110094111156,0.3615406083325442,0.8196892440425254,0.5143292972390359,109080.0,109080.0,1.0,8.6,10.0,1538.071581818723,0.01
408,4.817784786224365,0.8569972826086957,0.8548350795724372,0.27027110094111156,0.36154060833254414,0.8196892440425254,0.5158075304363446,109079.99999999999,109079.99999999999,1.0,8.6,10.0,1538.0715818187227,0.01
409,5.153737545013428,0.8508831521739131,0.8496830646534317,0.2702711009411116,0.36154060833254414,0.8196892440425254,0.5193955578858497,109080.0,109080.0,1.0,8.6,10.0,1537.9629883875136,0.01
410,5.115668773651123,0.8423913043478262,0.8377389733239823,0.27027110094111156,0.3615406083325442,0.8196892440425254,0.5189418726893582,109080.0,109080.0,1.0,8.6,10.0,1537.8180405841947,0.01
411,5.404225826263428,0.8359375,0.8338264684944945,0.27027110094111156,0.3615406083325442,0.8196892440425254,0.5208786057958925,109080.0,109080.0,1.0,8.6,10.0,1537.8668580828346,0.01
412,5.252007961273193,0.849524456521739,0.8488507327445857,0.27027110094111156,0.3615406083325442,0.8196892440425254,0.5165286552529859,109079.99999999999,109079.99999999999,1.0,8.6,10.0,1537.9120838717356,0.01
413,5.404164791107178,0.8552989130434783,0.8539540366054008,0.27027110094111156,0.3615406083325442,0.8196892440425254,0.5221824033086526,109080.0,109080.0,1.0,8.6,10.0,1537.9446855447497,0.01
414,5.522917747497559,0.8559782608695651,0.8543207930950377,0.27027110094111156,0.3615406083325442,0.8196892440425254,0.5091076710213774,109080.0,109080.0,1.0,8.6,10.0,1537.9446855447495,0.01
415,4.938488483428955,0.8393342391304349,0.8372882775016245,0.27027110094111156,0.3615406083325442,0.8196892440425254,0.5137053397327045,109079.99999999999,109079.99999999999,1.0,8.6,10.0,1537.9446855447495,0.01
416,4.854352951049805,0.8491847826086957,0.8475224457167165,0.27027110094111156,0.3615406083325442,0.8196892440425254,0.518414103556769,109079.99999999999,109079.99999999999,1.0,8.6,10.0,1537.94468554475,0.01
417,5.52165412902832,0.8359375,0.8334748914353622,0.27027110094111156,0.3615406083325442,0.8196892440425254,0.5218428730380937,109079.99999999999,109079.99999999999,1.0,8.6,10.0,1537.94468554475,0.01
418,5.145643711090088,0.8420516304347826,0.8392145399618371,0.27027110094111156,0.3615406083325442,0.8196892440425254,0.5178303762346148,109079.99999999999,109079.99999999999,1.0,8.6,10.0,1537.9446855447497,0.01
419,4.7853102684021,0.8583559782608695,0.8558203597137696,0.27027110094111156,0.3615406083325442,0.8196892440425254,0.5248155044847785,109080.0,109080.0,1.0,8.6,10.0,1537.94468554475,0.01
420,5.326091289520264,0.8342391304347826,0.8301511878856136,0.27027110094111156,0.3615406083325442,0.8196892440425254,0.5242225089970818,109079.99999999999,109079.99999999999,1.0,8.6,10.0,1537.9446855447497,0.01
421,5.43635892868042,0.8413722826086957,0.839526868710409,0.27027110094111156,0.3615406083325442,0.8196892440425254,0.5184083137016691,109080.0,109080.0,1.0,8.6,10.0,1537.9446855447497,0.01
422,4.991374969482422,0.8498641304347826,0.8478740445725643,0.27027110094111156,0.3615406083325442,0.8196892440425254,0.5215734770365457,109079.99999999999,109079.99999999999,1.0,8.6,10.0,1537.9672984392002,0.01
423,5.329292297363281,0.8542798913043478,0.8520629209534633,0.27027110094111156,0.3615406083325442,0.8196892440425254,0.5106384210669566,109079.99999999999,109079.99999999999,1.0,8.6,10.0,1537.9672984392,0.01
424,4.878311634063721,0.8519021739130435,0.8499012748494996,0.27027110094111156,0.36154060833254414,0.8196892440425254,0.5245313005556349,109079.99999999999,109079.99999999999,1.0,8.6,10.0,1537.9672984392,0.01
425,5.460038185119629,0.8539402173913043,0.8520388085262316,0.27027110094111156,0.3615406083325442,0.8196892440425254,0.5237095776268396,109080.0,109080.0,1.0,8.6,10.0,1537.9672984392002,0.01
426,5.227339267730713,0.8512228260869565,0.8491528265502682,0.2702711009411116,0.3615406083325442,0.8196892440425254,0.5168742961670811,109079.99999999999,109079.99999999999,1.0,8.6,10.0,1537.9672984392002,0.01
427,5.767024993896484,0.8471467391304349,0.844612596226797,0.27027110094111156,0.36154060833254414,0.8196892440425254,0.5147560792078262,109079.99999999999,109079.99999999999,1.0,8.6,10.0,1537.966375008501,0.01
428,6.629095554351807,0.8271059782608695,0.8219515843274473,0.27027110094111156,0.36154060833254414,0.8196892440425254,0.5116205907166328,109080.0,109080.0,1.0,8.6,10.0,1537.966800062908,0.01
429,5.994224548339844,0.84375,0.8404478524362049,0.27027110094111156,0.3615406083325442,0.8196892440425254,0.5044288237024832,109080.0,109080.0,1.0,8.6,10.0,1537.966800062908,0.01
430,5.910372734069824,0.8430706521739131,0.839894654374744,0.27027110094111156,0.3615406083325442,0.8196892440425254,0.5161958565455136,109079.99999999999,109079.99999999999,1.0,8.6,10.0,1537.9668000629079,0.01
431,5.413257598876953,0.8430706521739131,0.8398942512894106,0.27027110094111156,0.3615406083325442,0.8196892440425254,0.5174690235621003,109080.0,109080.0,1.0,8.6,10.0,1537.9668000629079,0.01
432,5.7383131980896,0.8393342391304349,0.8361603375072381,0.27027110094111156,0.3615406083325442,0.8196892440425254,0.5132395963674011,109080.0,109080.0,1.0,8.6,10.0,1537.9668000629079,0.01
433,5.863503932952881,0.8386548913043478,0.8361460274039162,0.2702711009411116,0.3615406083325442,0.8196892440425254,0.5110814878808272,109080.0,109080.0,1.0,8.6,10.0,1537.966800062908,0.01
434,6.5281219482421875,0.8226902173913043,0.8188276717214887,0.27027110094111156,0.3615406083325442,0.8196892440425254,0.5135741043466998,109079.99999999999,109079.99999999999,1.0,8.6,10.0,1537.9668000629083,0.01
435,6.283575057983398,0.8362771739130435,0.8335222280906763,0.27027110094111156,0.36154060833254414,0.8196892440425254,0.5256435089907786,109080.0,109080.0,1.0,8.6,10.0,1537.966800062908,0.01
436,6.076473236083984,0.8355978260869565,0.8330281051276444,0.27027110094111156,0.3615406083325442,0.8196892440425254,0.5201296842007435,109080.0,109080.0,1.0,8.6,10.0,1537.9703917726467,0.01
437,6.842224597930908,0.8325407608695651,0.8297536893082641,0.27027110094111156,0.3615406083325442,0.8196892440425254,0.5168189092157196,109080.0,109080.0,1.0,8.6,10.0,1537.9703917726467,0.01
438,6.522624492645264,0.8284646739130435,0.8250094572530695,0.27027110094111156,0.3615406083325442,0.8196892440425254,0.5238359546830008,109080.0,109080.0,1.0,8.6,10.0,1537.970391772647,0.01
439,6.26458215713501,0.8403532608695651,0.8377152912277346,0.27027110094111156,0.3615406083325442,0.8196892440425254,0.5197003971829897,109079.99999999999,109079.99999999999,1.0,8.6,10.0,1537.9703917726467,0.01
440,6.503216743469238,0.8206521739130435,0.8159804336155557,0.27027110094111156,0.36154060833254414,0.8196892440425254,0.5192370133573783,109080.0,109080.0,1.0,8.6,10.0,1537.970391772647,0.01
441,6.595909118652344,0.8311820652173914,0.8283389717528462,0.27027110094111156,0.3615406083325442,0.8196892440425254,0.501502187843551,109080.0,109080.0,1.0,8.6,10.0,1537.9703917726467,0.01
442,7.089692115783691,0.8274456521739131,0.820844435633785,0.27027110094111156,0.36154060833254414,0.8196892440425254,0.5131973314531739,109079.99999999999,109079.99999999999,1.0,8.6,10.0,1537.970391772647,0.01
443,6.378979682922363,0.8396739130434783,0.8361296260348084,0.27027110094111156,0.3615406083325442,0.8196892440425254,0.5109189223088689,109079.99999999999,109079.99999999999,1.0,8.6,10.0,1537.9703917726467,0.01
444,7.103827476501465,0.8376358695652174,0.8367422527927235,0.27027110094111156,0.36154060833254414,0.8196892440425254,0.517494962219315,109079.99999999999,109079.99999999999,1.0,8.6,10.0,1537.9703917726465,0.01
445,6.507400989532471,0.8376358695652174,0.835828769733586,0.27027110094111156,0.3615406083325442,0.8196892440425254,0.5093172319371241,109080.0,109080.0,1.0,8.6,10.0,1537.9703917726467,0.01
446,6.535552978515625,0.8274456521739131,0.8235285028855373,0.27027110094111156,0.3615406083325442,0.8196892440425254,0.5061510510750772,109079.99999999999,109079.99999999999,1.0,8.6,10.0,1537.9703917726467,0.01
447,6.955311298370361,0.828125,0.8249260800867741,0.27027110094111156,0.3615406083325442,0.8196892440425254,0.5146201172837496,109079.99999999999,109079.99999999999,1.0,8.6,10.0,1537.9703917726467,0.01
448,6.703441143035889,0.8369565217391305,0.8338801144865875,0.27027110094111156,0.36154060833254414,0.8196892440425254,0.5147671526676942,109079.99999999999,109079.99999999999,1.0,8.6,10.0,1537.970391772647,0.01
449,6.612194538116455,0.8420516304347826,0.8394181903388435,0.27027110094111156,0.3615406083325442,0.8196892440425254,0.5215386412024369,109080.0,109080.0,1.0,8.6,10.0,1537.9703917726467,0.01
450,6.279261112213135,0.8243885869565217,0.8210988157974355,0.27027110094111156,0.3615406083325442,0.8196892440425254,0.5208685024843124,109080.0,109080.0,1.0,8.6,10.0,1537.9703917726467,0.01
451,6.234109401702881,0.818274456521739,0.8135837045096789,0.27027110094111156,0.3615406083325442,0.8196892440425254,0.5189040514019291,109079.99999999999,109079.99999999999,1.0,8.6,10.0,1538.1007984647035,0.01
452,6.505359172821045,0.8406929347826086,0.8388489101078037,0.27027110094111156,0.3615406083325442,0.8196892440425254,0.5173593409302705,109079.99999999999,109079.99999999999,1.0,8.6,10.0,1538.1007984647035,0.01
453,6.459090232849121,0.8243885869565217,0.8192378343251956,0.27027110094111156,0.3615406083325442,0.8196892440425254,0.5191374058886892,109080.0,109080.0,1.0,8.6,10.0,1538.1007984647035,0.01
454,5.889656066894531,0.8335597826086957,0.8311290832270941,0.27027110094111156,0.3615406083325442,0.8196892440425254,0.5210091144462664,109079.99999999999,109079.99999999999,1.0,8.6,10.0,1538.1421350057806,0.01
455,5.997281074523926,0.8345788043478262,0.83105492834305,0.27027110094111156,0.3615406083325442,0.8196892440425254,0.5250883466271243,109079.99999999999,109079.99999999999,1.0,8.6,10.0,1538.1421350057806,0.01
456,6.541996479034424,0.818274456521739,0.8153463091169417,0.27027110094111156,0.3615406083325442,0.8196892440425254,0.5209148350101819,109079.99999999999,109079.99999999999,1.0,8.6,10.0,1538.1421350057808,0.01
457,5.951170444488525,0.8383152173913043,0.8361636035402483,0.27027110094111156,0.3615406083325442,0.8196892440425254,0.5190691417397302,109079.99999999999,109079.99999999999,1.0,8.6,10.0,1538.1421350057808,0.01
458,5.402026653289795,0.8271059782608695,0.8245581671557125,0.27027110094111156,0.36154060833254414,0.8196892440425254,0.5211568110266759,109079.99999999999,109079.99999999999,1.0,8.6,10.0,1538.1421350057806,0.01
459,5.155383110046387,0.8305027173913043,0.8269918074069924,0.27027110094111156,0.3615406083325442,0.8196892440425254,0.5167248126472042,109080.0,109080.0,1.0,8.6,10.0,1538.1421350057808,0.01
460,5.2913007736206055,0.8298233695652174,0.827242912136501,0.27027110094111156,0.3615406083325442,0.8196892440425254,0.5152698602847616,109080.0,109080.0,1.0,8.6,10.0,1538.1421350057808,0.01
461,5.46071195602417,0.8366168478260869,0.8335410377980059,0.27027110094111156,0.3615406083325442,0.8196892440425254,0.5211114651554946,109079.99999999999,109079.99999999999,1.0,8.6,10.0,1538.1421350057808,0.01
462,5.721993923187256,0.822350543478261,0.8187383298558877,0.27027110094111156,0.3615406083325442,0.8196892440425254,0.521763503454196,109080.0,109080.0,1.0,8.6,10.0,1538.1421350057808,0.01
463,5.892187118530273,0.8243885869565217,0.8210496868995842,0.27027110094111156,0.3615406083325442,0.8196892440425254,0.5187357863547103,109079.99999999999,109079.99999999999,1.0,8.6,10.0,1538.1421350057808,0.01
464,6.055291652679443,0.8213315217391305,0.8176215403044488,0.2702711009411116,0.36154060833254414,0.8196892440425254,0.5232881269659907,109079.99999999999,109079.99999999999,1.0,8.6,10.0,1538.1421350057808,0.01
465,6.042596340179443,0.8277853260869565,0.8233945575092468,0.2702711009411116,0.3615406083325442,0.8196892440425254,0.5261970844050876,109079.99999999999,109079.99999999999,1.0,8.6,10.0,1538.1421350057808,0.01
466,5.3858137130737305,0.8369565217391305,0.8337390195603359,0.27027110094111156,0.3615406083325442,0.8196892440425254,0.5047994659761609,109079.99999999999,109079.99999999999,1.0,8.6,10.0,1538.1421350057808,0.01
467,5.156346321105957,0.8376358695652174,0.833892729165328,0.27027110094111156,0.3615406083325442,0.8196892440425254,0.5178502293159706,109079.99999999999,109079.99999999999,1.0,8.6,10.0,1538.1421350057808,0.01
468,4.732043266296387,0.8461277173913043,0.8434457984287484,0.27027110094111156,0.36154060833254414,0.8196892440425254,0.5121702133830924,109079.99999999999,109079.99999999999,1.0,8.6,10.0,1538.1421350057806,0.01
469,5.531508445739746,0.8376358695652174,0.8347826737769056,0.27027110094111156,0.3615406083325442,0.8196892440425254,0.5213897117982104,109080.0,109080.0,1.0,8.6,10.0,1538.1421350057806,0.01
470,5.896053791046143,0.8305027173913043,0.8261102497802718,0.27027110094111156,0.3615406083325442,0.8196892440425254,0.521564374162012,109080.0,109080.0,1.0,8.6,10.0,1538.1421350057808,0.01
471,6.172947883605957,0.8372961956521738,0.8342543960565504,0.27027110094111156,0.36154060833254414,0.8196892440425254,0.51872685353826,109080.0,109080.0,1.0,8.6,10.0,1538.1421350057806,0.01
472,6.082322597503662,0.8288043478260869,0.8247460586807741,0.27027110094111156,0.3615406083325442,0.8196892440425254,0.509818968627606,109080.0,109080.0,1.0,8.6,10.0,1538.142135005781,0.01
473,5.914660453796387,0.8372961956521738,0.8349344426302947,0.27027110094111156,0.36154060833254414,0.8196892440425254,0.5237427889911603,109079.99999999999,109079.99999999999,1.0,8.6,10.0,1538.2057018923424,0.01
474,5.488648891448975,0.8335597826086957,0.830525782311481,0.27027110094111156,0.3615406083325442,0.8196892440425254,0.5226185169066906,109080.0,109080.0,1.0,8.6,10.0,1538.2057018923422,0.01
475,5.503509998321533,0.828125,0.8257094070630457,0.27027110094111156,0.3615406083325442,0.8196892440425254,0.5153174599768418,109079.99999999999,109079.99999999999,1.0,8.6,10.0,1538.22754968886,0.01
476,5.582194805145264,0.8308423913043478,0.828801585420871,0.27027110094111156,0.36154060833254414,0.8196892440425254,0.5134577883794595,109080.0,109080.0,1.0,8.6,10.0,1538.22754968886,0.01
477,5.378201961517334,0.8291440217391305,0.8280495746761619,0.27027110094111156,0.36154060833254414,0.8196892440425254,0.5199363486875777,109079.99999999999,109079.99999999999,1.0,8.6,10.0,1538.22754968886,0.01
478,5.17110538482666,0.8410326086956522,0.8398927238980879,0.27027110094111156,0.3615406083325442,0.8196892440425254,0.524988711496432,109079.99999999999,109079.99999999999,1.0,8.6,10.0,1538.2275496888599,0.01
479,4.904453277587891,0.8454483695652174,0.8423442391022095,0.27027110094111156,0.36154060833254414,0.8196892440425254,0.514586183756298,109079.99999999999,109079.99999999999,1.0,8.6,10.0,1538.22754968886,0.01
480,5.453144073486328,0.8502038043478262,0.8480016926882733,0.27027110094111156,0.3615406083325442,0.8196892440425254,0.5247988466404467,109080.0,109080.0,1.0,8.6,10.0,1538.22754968886,0.01
481,5.661717414855957,0.8522418478260869,0.8500824061011031,0.27027110094111156,0.3615406083325442,0.8196892440425254,0.5224033109965339,109079.99999999997,109079.99999999997,1.0,8.6,10.0,1538.22754968886,0.01
482,5.700128078460693,0.8410326086956522,0.836898680085623,0.27027110094111156,0.3615406083325442,0.8196892440425254,0.517853154289061,109080.0,109080.0,1.0,8.6,10.0,1538.22754968886,0.01
483,5.096813678741455,0.8542798913043478,0.8511280873926718,0.27027110094111156,0.3615406083325442,0.8196892440425254,0.5146552106047351,109080.0,109080.0,1.0,8.6,10.0,1538.22754968886,0.01
484,5.056846618652344,0.8617527173913043,0.8595091427070262,0.27027110094111156,0.3615406083325442,0.8196892440425254,0.5189457919055411,109079.99999999999,109079.99999999999,1.0,8.6,10.0,1538.22754968886,0.01
485,5.101675510406494,0.8369565217391305,0.831801233162901,0.27027110094111156,0.36154060833254414,0.8196892440425254,0.5158352322300837,109079.99999999999,109079.99999999999,1.0,8.6,10.0,1538.22754968886,0.01
486,5.12516975402832,0.8546195652173914,0.8525547647815193,0.27027110094111156,0.3615406083325442,0.8196892440425254,0.5162795574867428,109079.99999999999,109079.99999999999,1.0,8.6,10.0,1538.2693112843444,0.01
487,5.374059200286865,0.8539402173913043,0.8511463519152632,0.2702711009411116,0.3615406083325442,0.8196892440425254,0.5184318946352202,109079.99999999999,109079.99999999999,1.0,8.6,10.0,1538.2693112843444,0.01
488,5.068863868713379,0.8525815217391305,0.8495891386461217,0.27027110094111156,0.3615406083325442,0.8196892440425254,0.5097167861604327,109079.99999999999,109079.99999999999,1.0,8.6,10.0,1538.2693112843444,0.01
489,5.232991695404053,0.8542798913043478,0.8516347275173696,0.27027110094111156,0.36154060833254414,0.8196892440425254,0.51855129136484,109080.0,109080.0,1.0,8.6,10.0,1538.2693112843444,0.01
490,5.2154364585876465,0.859375,0.8568519892493686,0.27027110094111156,0.3615406083325442,0.8196892440425254,0.51628384503239,109080.0,109080.0,1.0,8.6,10.0,1538.2693112843444,0.01
491,4.807456016540527,0.8335597826086957,0.8303967166164972,0.27027110094111156,0.3615406083325442,0.8196892440425254,0.5207608488425856,109079.99999999999,109079.99999999999,1.0,8.6,10.0,1538.2693112843444,0.01
492,4.7133684158325195,0.8542798913043478,0.8517452559848763,0.27027110094111156,0.36154060833254414,0.8196892440425254,0.5164122967063667,109080.0,109080.0,1.0,8.6,10.0,1538.2693112843444,0.01
493,4.838833808898926,0.8590353260869565,0.8568925536106391,0.27027110094111156,0.3615406083325442,0.8196892440425254,0.5176036162008009,109080.0,109080.0,1.0,8.6,10.0,1538.2693112843442,0.01
494,4.677498817443848,0.8661684782608695,0.8642990237348541,0.27027110094111156,0.3615406083325442,0.8196892440425254,0.5110416938353155,109079.99999999999,109079.99999999999,1.0,8.6,10.0,1538.2693112843444,0.01
495,4.8076887130737305,0.8624320652173914,0.8595224242164502,0.27027110094111156,0.3615406083325442,0.8196892440425254,0.5163974059224777,109080.0,109080.0,1.0,8.6,10.0,1538.2905002465316,0.01
496,5.074707984924316,0.8610733695652174,0.8583652199780123,0.27027110094111156,0.3615406083325442,0.8196892440425254,0.5137480633562355,109080.0,109080.0,1.0,8.6,10.0,1538.2905002465313,0.01
497,4.847742557525635,0.853600543478261,0.8508321591495059,0.27027110094111156,0.3615406083325442,0.8196892440425254,0.5216189534347646,109079.99999999999,109079.99999999999,1.0,8.6,10.0,1538.2905002465318,0.01
498,5.541516304016113,0.8413722826086957,0.8340006799720395,0.27027110094111156,0.3615406083325442,0.8196892440425254,0.514300736788178,109080.0,109080.0,1.0,8.6,10.0,1538.2905002465316,0.01
499,5.201774597167969,0.8420516304347826,0.8364254852163822,0.27027110094111156,0.3615406083325442,0.8196892440425254,0.5112592440434975,109079.99999999999,109079.99999999999,1.0,8.6,10.0,1538.2905002465313,0.01
500,4.972420692443848,0.8498641304347826,0.8451515812668963,0.27027110094111156,0.36154060833254414,0.8196892440425254,0.517500217708073,109080.0,109080.0,1.0,8.6,10.0,1538.2905002465316,0.01
