round,loss,accuracy,f1,dp_epsilon,dp_epsilon_mean,dp_epsilon_max,fit_wall_s,comm_bytes_down,comm_bytes_up,dp_clip_norm,dp_noise_multiplier,dp_target_epsilon,memory_usage_mb,prox_mu
1,1.665822982788086,0.4616168478260869,0.3613051613983147,0.17373089162778196,0.22304320393686075,0.4886839574607923,2.215065600174166,109080.0,109080.0,1.0,9.99,6.0,874.9626754412064,0.01
2,1.380663275718689,0.47927989130434784,0.3402665975012675,0.173730891627782,0.22304320393686072,0.4886839574607923,0.5993762935012157,109079.99999999999,109079.99999999999,1.0,9.99,6.0,1541.170043015506,0.01
3,1.1306942701339722,0.5203804347826086,0.480125369699026,0.17373089162778194,0.22304320393686075,0.4886839574607923,0.6041314768259362,109080.0,109080.0,1.0,9.99,6.0,1542.6743094991157,0.01
4,0.9850946664810181,0.576766304347826,0.5179219686604015,0.173730891627782,0.22304320393686075,0.4886839574607923,0.5565857464392894,109079.99999999999,109079.99999999999,1.0,9.99,6.0,1543.3509536095623,0.01
5,0.9295293688774109,0.584578804347826,0.48403186739782855,0.17373089162778196,0.22304320393686075,0.4886839574607923,0.5910772655941586,109079.99999999999,109079.99999999999,1.0,9.99,6.0,1544.1003808487487,0.01
6,0.9066909551620483,0.561141304347826,0.47724570368611335,0.173730891627782,0.22304320393686072,0.4886839574607923,0.5921739800969976,109079.99999999999,109079.99999999999,1.0,9.99,6.0,1544.7483019076442,0.01
7,0.8270263671875,0.5859375,0.5013801008600326,0.17373089162778196,0.22304320393686075,0.4886839574607923,0.5889284088315849,109079.99999999999,109079.99999999999,1.0,9.99,6.0,1545.1633675360447,0.01
8,0.7564952969551086,0.6338315217391305,0.5503746666832171,0.17373089162778196,0.22304320393686072,0.4886839574607923,0.5834674711974582,109080.0,109080.0,1.0,9.99,6.0,1545.4368900469258,0.01
9,0.7044970393180847,0.6990489130434783,0.687014726225586,0.173730891627782,0.22304320393686075,0.4886839574607923,0.5876319147362672,109080.0,109080.0,1.0,9.99,6.0,1545.7489649925192,0.01
10,0.6687368154525757,0.7058423913043478,0.6829113994702958,0.173730891627782,0.22304320393686072,0.4886839574607923,0.5834953410386781,109080.0,109080.0,1.0,9.99,6.0,1545.965379849871,0.01
11,0.7104296088218689,0.6338315217391305,0.5619088802766498,0.173730891627782,0.22304320393686075,0.4886839574607923,0.5814128602744446,109080.0,109080.0,1.0,9.99,6.0,1546.324147022069,0.01
12,0.6614564657211304,0.6902173913043478,0.6776828495846204,0.17373089162778196,0.22304320393686072,0.4886839574607923,0.5855391884913771,109079.99999999999,109079.99999999999,1.0,9.99,6.0,1546.5027123784346,0.01
13,0.6656478047370911,0.664741847826087,0.6511552126689354,0.173730891627782,0.22304320393686075,0.4886839574607923,0.5948599873351843,109080.0,109080.0,1.0,9.99,6.0,1546.661003170906,0.01
14,0.7547335028648376,0.6504755434782609,0.5880633294048295,0.17373089162778196,0.22304320393686075,0.4886839574607923,0.6004512834730553,109079.99999999999,109079.99999999999,1.0,9.99,6.0,1546.809134631733,0.01
15,0.6776147484779358,0.6963315217391305,0.635326528829892,0.17373089162778196,0.22304320393686075,0.4886839574607923,0.6012301869179661,109079.99999999999,109079.99999999999,1.0,9.99,6.0,1547.0364324758568,0.01
16,0.7133724093437195,0.647078804347826,0.5757093928734368,0.173730891627782,0.22304320393686072,0.4886839574607923,0.6010516007979104,109080.0,109080.0,1.0,9.99,6.0,1547.232786359154,0.01
17,0.6338585019111633,0.7296195652173914,0.7201841824709333,0.17373089162778196,0.22304320393686075,0.4886839574607923,0.5795852852918378,109080.0,109080.0,1.0,9.99,6.0,1547.4465462204162,0.01
18,0.7372740507125854,0.6572690217391305,0.593715395635266,0.17373089162778196,0.22304320393686072,0.4886839574607923,0.5646306812698355,109079.99999999999,109079.99999999999,1.0,9.99,6.0,1547.5300694113846,0.01
19,0.7011352777481079,0.6997282608695651,0.6665454150935138,0.173730891627782,0.22304320393686075,0.4886839574607923,0.6062744816317263,109079.99999999999,109079.99999999999,1.0,9.99,6.0,1547.6721225941922,0.01
20,0.6853832602500916,0.7146739130434783,0.6796532576049806,0.17373089162778196,0.22304320393686072,0.4886839574607923,0.5892841254925443,109079.99999999999,109079.99999999999,1.0,9.99,6.0,1547.7682486483272,0.01
21,0.7926236391067505,0.6786684782608695,0.6158100251248041,0.17373089162778196,0.22304320393686072,0.4886839574607923,0.5944075755312861,109079.99999999999,109079.99999999999,1.0,9.99,6.0,1547.865352327598,0.01
22,0.6702900528907776,0.7102581521739131,0.6773285178049431,0.173730891627782,0.22304320393686075,0.4886839574607923,0.6116209830501005,109079.99999999999,109079.99999999999,1.0,9.99,6.0,1547.976270275095,0.01
23,0.7650375962257385,0.662703804347826,0.6056386424902191,0.173730891627782,0.22304320393686072,0.4886839574607923,0.5761682757615265,109080.0,109080.0,1.0,9.99,6.0,1548.1157518787404,0.01
24,0.7375633120536804,0.7112771739130435,0.6584472095708548,0.17373089162778196,0.22304320393686075,0.4886839574607923,0.6128753300784591,109080.0,109080.0,1.0,9.99,6.0,1548.2585701594803,0.01
25,0.7708700895309448,0.6708559782608695,0.6213279862462353,0.173730891627782,0.22304320393686072,0.4886839574607923,0.6354496347372368,109080.0,109080.0,1.0,9.99,6.0,1548.3586279668796,0.01
26,0.8765831589698792,0.720788043478261,0.6537336089861348,0.17373089162778196,0.22304320393686075,0.4886839574607923,0.6452248838443362,109080.0,109080.0,1.0,9.99,6.0,1548.3722934660636,0.01
27,0.6601801514625549,0.7421875,0.7353465801973287,0.173730891627782,0.22304320393686075,0.4886839574607923,0.6413363023408739,109079.99999999999,109079.99999999999,1.0,9.99,6.0,1548.4222798643227,0.01
28,0.940813422203064,0.703125,0.6427966541396404,0.17373089162778196,0.22304320393686072,0.4886839574607923,0.7192011027717488,109080.0,109080.0,1.0,9.99,6.0,1548.478812100449,0.01
29,0.7365890741348267,0.7313179347826086,0.7163173781517709,0.17373089162778196,0.22304320393686072,0.4886839574607923,0.7054441777160301,109080.0,109080.0,1.0,9.99,6.0,1548.4997672827121,0.01
30,0.7784217596054077,0.7340353260869565,0.7030158932683376,0.17373089162778196,0.22304320393686072,0.4886839574607923,0.7279009063108961,109080.0,109080.0,1.0,9.99,6.0,1548.6159984102967,0.01
31,0.704450786113739,0.7663043478260869,0.748057514035812,0.173730891627782,0.22304320393686075,0.4886839574607923,0.7081072511429106,109080.0,109080.0,1.0,9.99,6.0,1548.6899578771086,0.01
32,0.7560395002365112,0.7394701086956522,0.7092147058095437,0.17373089162778194,0.22304320393686075,0.4886839574607923,0.7323018759975497,109080.0,109080.0,1.0,9.99,6.0,1548.7501455811343,0.01
33,0.7361085414886475,0.7527173913043478,0.7431429605018389,0.17373089162778196,0.22304320393686072,0.4886839574607923,0.7302003152287435,109079.99999999999,109079.99999999999,1.0,9.99,6.0,1548.8520098697632,0.01
34,0.7593404054641724,0.7584918478260869,0.7458512632581393,0.173730891627782,0.22304320393686075,0.4886839574607923,0.7197572060002336,109080.0,109080.0,1.0,9.99,6.0,1548.8762592236806,0.01
35,0.7042376399040222,0.7798913043478262,0.7714341960923464,0.173730891627782,0.22304320393686075,0.4886839574607923,0.6673767789792961,109079.99999999999,109079.99999999999,1.0,9.99,6.0,1549.0027341624725,0.01
36,0.7701861262321472,0.7734375,0.7619372174236364,0.173730891627782,0.22304320393686075,0.4886839574607923,0.6306204494895562,109079.99999999999,109079.99999999999,1.0,9.99,6.0,1549.0372485803182,0.01
37,0.800652801990509,0.7649456521739131,0.756237727533755,0.173730891627782,0.22304320393686075,0.4886839574607923,0.6064060492860609,109080.0,109080.0,1.0,9.99,6.0,1549.0620292522442,0.01
38,1.0291534662246704,0.716711956521739,0.678369149372347,0.17373089162778196,0.22304320393686072,0.4886839574607923,0.5909844249065346,109079.99999999999,109079.99999999999,1.0,9.99,6.0,1549.151758237554,0.01
39,0.926234245300293,0.7493206521739131,0.743221205100801,0.17373089162778194,0.22304320393686072,0.4886839574607923,0.6022777912147157,109080.0,109080.0,1.0,9.99,6.0,1549.2157076730819,0.01
40,0.9241353869438171,0.7462635869565217,0.7412356534875437,0.17373089162778196,0.22304320393686075,0.4886839574607923,0.6122878865461484,109080.0,109080.0,1.0,9.99,6.0,1549.2363653172606,0.01
41,1.0368343591690063,0.697350543478261,0.6640210546352442,0.17373089162778196,0.22304320393686075,0.4886839574607923,0.5881018695686016,109079.99999999999,109079.99999999999,1.0,9.99,6.0,1543.9375945746053,0.01
42,0.9243057370185852,0.7421875,0.7377228786194195,0.17373089162778196,0.22304320393686075,0.4886839574607923,0.5995673621894225,109079.99999999997,109079.99999999997,1.0,9.99,6.0,1543.960207469056,0.01
43,0.8907343149185181,0.7476222826086957,0.7424812400528255,0.17373089162778196,0.22304320393686072,0.4886839574607923,0.5946149239083498,109080.0,109080.0,1.0,9.99,6.0,1543.9828203635066,0.01
44,0.8632146716117859,0.7730978260869565,0.764254992591939,0.173730891627782,0.22304320393686072,0.4886839574607923,0.616060308747245,109079.99999999999,109079.99999999999,1.0,9.99,6.0,1543.9828203635066,0.01
45,1.1433920860290527,0.7201086956521738,0.6952529774220956,0.17373089162778194,0.22304320393686072,0.4886839574607923,0.5808020110877476,109080.0,109080.0,1.0,9.99,6.0,1544.006474641254,0.01
46,0.8563507795333862,0.7595108695652174,0.7497687687006745,0.17373089162778194,0.22304320393686072,0.4886839574607923,0.575777569066194,109079.99999999999,109079.99999999999,1.0,9.99,6.0,1544.006474641254,0.01
47,1.019145131111145,0.7340353260869565,0.7127468464554075,0.17373089162778196,0.22304320393686075,0.4886839574607923,0.585948629335169,109079.99999999999,109079.99999999999,1.0,9.99,6.0,1544.006474641254,0.01
48,1.0216929912567139,0.7387907608695651,0.7264388125322304,0.173730891627782,0.22304320393686072,0.4886839574607923,0.614329976180692,109080.0,109080.0,1.0,9.99,6.0,1544.006474641254,0.01
49,1.0313520431518555,0.7353940217391305,0.7184109399424408,0.17373089162778196,0.22304320393686072,0.4886839574607923,0.5990916697128035,109079.99999999999,109079.99999999999,1.0,9.99,6.0,1544.006474641254,0.01
50,1.0900132656097412,0.7292798913043478,0.6966338363088277,0.17373089162778196,0.22304320393686075,0.4886839574607923,0.5918310553127326,109079.99999999999,109079.99999999999,1.0,9.99,6.0,1544.006474641254,0.01
51,1.1529971361160278,0.680366847826087,0.6628037970490038,0.173730891627782,0.22304320393686072,0.4886839574607923,0.602199227006962,109080.0,109080.0,1.0,9.99,6.0,1544.006474641254,0.01
52,1.0671759843826294,0.7258831521739131,0.7171999456489525,0.173730891627782,0.22304320393686075,0.4886839574607923,0.592568560899666,109079.99999999999,109079.99999999999,1.0,9.99,6.0,1544.0390763142682,0.01
53,1.0440617799758911,0.720788043478261,0.7017148204537909,0.17373089162778196,0.22304320393686075,0.4886839574607923,0.5779618895871077,109079.99999999999,109079.99999999999,1.0,9.99,6.0,1544.0390763142684,0.01
54,0.9555203914642334,0.7571331521739131,0.750299595651784,0.17373089162778196,0.22304320393686075,0.4886839574607923,0.5939405397375208,109079.99999999999,109079.99999999999,1.0,9.99,6.0,1544.0390763142682,0.01
55,0.9637892246246338,0.7680027173913043,0.7619581076429687,0.17373089162778196,0.22304320393686075,0.4886839574607923,0.5903928172860753,109079.99999999999,109079.99999999999,1.0,9.99,6.0,1544.1326732946818,0.01
56,1.0667589902877808,0.7299592391304349,0.7132912093857655,0.17373089162778196,0.22304320393686075,0.4886839574607923,0.5940383720384979,109080.0,109080.0,1.0,9.99,6.0,1544.1326732946818,0.01
57,1.0349879264831543,0.7618885869565217,0.7539802324794797,0.17373089162778194,0.22304320393686075,0.4886839574607923,0.6106729595977671,109080.0,109080.0,1.0,9.99,6.0,1544.1362650044205,0.01
58,1.264318585395813,0.7309782608695651,0.7174951043214248,0.173730891627782,0.22304320393686072,0.4886839574607923,0.5807590489807793,109080.0,109080.0,1.0,9.99,6.0,1544.1362650044205,0.01
59,1.0778547525405884,0.7663043478260869,0.7609531814932295,0.17373089162778196,0.22304320393686072,0.4886839574607923,0.5853991145926799,109079.99999999999,109079.99999999999,1.0,9.99,6.0,1544.1362650044205,0.01
60,0.9941266775131226,0.7805706521739131,0.7708309426907874,0.173730891627782,0.22304320393686075,0.4886839574607923,0.5755007010808577,109080.0,109080.0,1.0,9.99,6.0,1544.1362650044207,0.01
61,1.1889123916625977,0.7483016304347826,0.7282860342272746,0.173730891627782,0.22304320393686072,0.4886839574607923,0.5737006058500952,109079.99999999999,109079.99999999999,1.0,9.99,6.0,1544.1362650044205,0.01
62,1.2225340604782104,0.7275815217391305,0.7030528734604933,0.17373089162778196,0.22304320393686072,0.4886839574607923,0.5847922801906577,109080.0,109080.0,1.0,9.99,6.0,1544.1471889026798,0.01
63,1.347065806388855,0.7007472826086957,0.6766611473171878,0.173730891627782,0.22304320393686075,0.4886839574607923,0.5934365341790482,109079.99999999999,109079.99999999999,1.0,9.99,6.0,1544.1471889026793,0.01
64,1.0870100259780884,0.7370923913043478,0.7294847566124356,0.17373089162778196,0.22304320393686075,0.4886839574607923,0.5969448585115916,109079.99999999999,109079.99999999999,1.0,9.99,6.0,1544.1471889026795,0.01
65,1.1393883228302002,0.7214673913043478,0.7082314010191224,0.17373089162778196,0.22304320393686075,0.4886839574607923,0.5897947330599382,109079.99999999999,109079.99999999999,1.0,9.99,6.0,1544.1569226485992,0.01
66,1.1711981296539307,0.7211277173913043,0.6974763419638191,0.173730891627782,0.22304320393686075,0.4886839574607923,0.5894861945454781,109079.99999999999,109079.99999999999,1.0,9.99,6.0,1544.2107132838005,0.01
67,1.0699779987335205,0.7819293478260869,0.7761933291486356,0.17373089162778196,0.22304320393686075,0.4886839574607923,0.5881471375451385,109079.99999999999,109079.99999999999,1.0,9.99,6.0,1544.2216371820593,0.01
68,1.0811036825180054,0.7567934782608695,0.7507028947096887,0.173730891627782,0.22304320393686075,0.4886839574607923,0.5833974770544921,109080.0,109080.0,1.0,9.99,6.0,1544.2216371820593,0.01
69,1.05771803855896,0.7761548913043478,0.7702702859003822,0.173730891627782,0.22304320393686075,0.4886839574607923,0.5811460711167349,109080.0,109080.0,1.0,9.99,6.0,1544.225228891798,0.01
70,1.1132572889328003,0.7730978260869565,0.765716042962739,0.17373089162778196,0.22304320393686075,0.4886839574607923,0.5676586348097264,109079.99999999999,109079.99999999999,1.0,9.99,6.0,1544.2288206015369,0.01
71,1.2352795600891113,0.752038043478261,0.7403336899163506,0.17373089162778196,0.22304320393686072,0.4886839574607923,0.5602193066811795,109080.0,109080.0,1.0,9.99,6.0,1544.2324123112758,0.01
72,1.395579218864441,0.7248641304347826,0.7181066793344488,0.17373089162778194,0.22304320393686075,0.4886839574607923,0.5968738021866152,109079.99999999999,109079.99999999999,1.0,9.99,6.0,1544.2324123112758,0.01
73,1.3089998960494995,0.7309782608695651,0.7250190086664294,0.173730891627782,0.22304320393686075,0.4886839574607923,0.5853011522186723,109080.0,109080.0,1.0,9.99,6.0,1544.273748852353,0.01
74,1.2120306491851807,0.7435461956521738,0.7400261800404536,0.173730891627782,0.22304320393686072,0.4886839574607923,0.5908122105165198,109079.99999999999,109079.99999999999,1.0,9.99,6.0,1544.2737488523533,0.01
75,1.2109978199005127,0.755774456521739,0.7461407508636252,0.173730891627782,0.22304320393686075,0.4886839574607923,0.5703472802830988,109080.0,109080.0,1.0,9.99,6.0,1544.2834825982727,0.01
76,1.2334904670715332,0.747961956521739,0.7285287793614091,0.17373089162778194,0.22304320393686072,0.4886839574607923,0.5901414114126573,109080.0,109080.0,1.0,9.99,6.0,1544.2834825982725,0.01
77,1.3200488090515137,0.7744565217391305,0.7651049411793386,0.173730891627782,0.22304320393686072,0.4886839574607923,0.5942288678670475,109080.0,109080.0,1.0,9.99,6.0,1544.2834825982727,0.01
78,1.3151260614395142,0.744225543478261,0.7305612562781253,0.17373089162778194,0.22304320393686075,0.4886839574607923,0.5726745109498436,109079.99999999999,109079.99999999999,1.0,9.99,6.0,1544.2834825982725,0.01
79,1.5577366352081299,0.7466032608695651,0.7161083434699043,0.173730891627782,0.22304320393686072,0.4886839574607923,0.5869753635098288,109080.0,109080.0,1.0,9.99,6.0,1544.2834825982725,0.01
80,1.2046442031860352,0.7798913043478262,0.7732200041051523,0.17373089162778196,0.22304320393686075,0.4886839574607923,0.5862003610883886,109080.0,109080.0,1.0,9.99,6.0,1544.2837801363573,0.01
81,1.2584432363510132,0.7693614130434783,0.7625945778596747,0.17373089162778196,0.22304320393686075,0.4886839574607923,0.591177657587095,109080.0,109080.0,1.0,9.99,6.0,1544.2840776744422,0.01
82,1.3278021812438965,0.7503396739130435,0.7425940481525406,0.17373089162778196,0.22304320393686075,0.4886839574607923,0.574595589340706,109080.0,109080.0,1.0,9.99,6.0,1544.2979982062704,0.01
83,1.2700990438461304,0.7747961956521738,0.762472460951534,0.173730891627782,0.22304320393686072,0.4886839574607923,0.580196094071904,109080.0,109080.0,1.0,9.99,6.0,1544.2979982062704,0.01
84,1.318117380142212,0.7455842391304349,0.7338134674637192,0.17373089162778196,0.22304320393686075,0.4886839574607923,0.5788552946896496,109080.0,109080.0,1.0,9.99,6.0,1544.2979982062702,0.01
85,1.318267583847046,0.765625,0.755860869166454,0.173730891627782,0.22304320393686072,0.4886839574607923,0.5886730577338637,109080.0,109080.0,1.0,9.99,6.0,1544.2979982062704,0.01
86,1.33417546749115,0.7516983695652174,0.7359759344082265,0.173730891627782,0.22304320393686075,0.4886839574607923,0.5863649829233042,109080.0,109080.0,1.0,9.99,6.0,1544.2979982062704,0.01
87,1.222575068473816,0.7781929347826086,0.7697276189974342,0.17373089162778196,0.22304320393686075,0.4886839574607923,0.591047988071535,109080.00000000001,109080.00000000001,1.0,9.99,6.0,1544.2979982062702,0.01
88,1.3129682540893555,0.775475543478261,0.7664039599167735,0.173730891627782,0.22304320393686075,0.4886839574607923,0.598397523910618,109079.99999999999,109079.99999999999,1.0,9.99,6.0,1544.2979982062702,0.01
89,1.4214146137237549,0.7591711956521738,0.739049574018233,0.17373089162778196,0.22304320393686072,0.4886839574607923,0.5952667933164147,109080.0,109080.0,1.0,9.99,6.0,1544.3538503553455,0.01
90,1.3356329202651978,0.7741168478260869,0.7657713464318362,0.173730891627782,0.22304320393686075,0.4886839574607923,0.6041473602638929,109079.99999999999,109079.99999999999,1.0,9.99,6.0,1544.376463249796,0.01
91,1.4131664037704468,0.7809103260869565,0.7705584638950689,0.17373089162778196,0.22304320393686072,0.4886839574607923,0.5855407565994283,109079.99999999999,109079.99999999999,1.0,9.99,6.0,1544.397652211983,0.01
92,1.381778597831726,0.7890625,0.7771535338521458,0.17373089162778196,0.22304320393686072,0.4886839574607923,0.5839183633423475,109079.99999999999,109079.99999999999,1.0,9.99,6.0,1544.397652211983,0.01
93,1.3498026132583618,0.7944972826086957,0.7857036940084381,0.173730891627782,0.22304320393686075,0.4886839574607923,0.5987032921062589,109079.99999999999,109079.99999999999,1.0,9.99,6.0,1544.3976522119833,0.01
94,1.7212353944778442,0.7533967391304349,0.7371382057331064,0.173730891627782,0.22304320393686075,0.4886839574607923,0.6044369376263499,109079.99999999999,109079.99999999999,1.0,9.99,6.0,1544.4302538849975,0.01
95,1.5162584781646729,0.7710597826086957,0.7598612592462917,0.17373089162778196,0.22304320393686075,0.4886839574607923,0.5808985695421242,109080.0,109080.0,1.0,9.99,6.0,1544.4302538849972,0.01
96,1.598555326461792,0.7567934782608695,0.7450217705273854,0.17373089162778196,0.22304320393686072,0.4886839574607923,0.5737249381653762,109079.99999999999,109079.99999999999,1.0,9.99,6.0,1544.4302538849975,0.01
97,1.638230323791504,0.7608695652173914,0.7459055423768528,0.17373089162778194,0.22304320393686075,0.4886839574607923,0.6034687032377889,109079.99999999999,109079.99999999999,1.0,9.99,6.0,1544.4412627941376,0.01
98,1.6325302124023438,0.7564538043478262,0.741502189326376,0.173730891627782,0.22304320393686075,0.4886839574607923,0.5705081610347552,109079.99999999999,109079.99999999999,1.0,9.99,6.0,1544.4412627941374,0.01
99,1.8711003065109253,0.7231657608695651,0.6967487022411563,0.173730891627782,0.22304320393686072,0.4886839574607923,0.5834152453677308,109079.99999999999,109079.99999999999,1.0,9.99,6.0,1544.4935657389146,0.01
100,1.4331870079040527,0.7703804347826086,0.7601277426148778,0.17373089162778196,0.22304320393686075,0.4886839574607923,0.5938697827005024,109080.0,109080.0,1.0,9.99,6.0,1544.516178633365,0.01
101,1.477469563484192,0.7761548913043478,0.7680368241424066,0.17373089162778196,0.22304320393686075,0.4886839574607923,0.5741295567080299,109079.99999999999,109079.99999999999,1.0,9.99,6.0,1544.5259123792846,0.01
102,1.5720809698104858,0.7663043478260869,0.7576090562881097,0.17373089162778196,0.22304320393686072,0.4886839574607923,0.6031245631089797,109080.0,109080.0,1.0,9.99,6.0,1544.5262099173694,0.01
103,1.5150713920593262,0.7822690217391305,0.773090374917444,0.17373089162778196,0.22304320393686072,0.4886839574607923,0.5709770107165514,109080.0,109080.0,1.0,9.99,6.0,1544.5262099173694,0.01
104,1.5330500602722168,0.7849864130434783,0.7792967233376965,0.17373089162778196,0.22304320393686075,0.4886839574607923,0.5985594726166604,109079.99999999999,109079.99999999999,1.0,9.99,6.0,1544.5262099173694,0.01
105,1.5813946723937988,0.7795516304347826,0.7736087525611443,0.17373089162778196,0.22304320393686075,0.4886839574607923,0.5773974148570777,109080.0,109080.0,1.0,9.99,6.0,1544.5588115903836,0.01
106,1.785398244857788,0.7523777173913043,0.7449011853012695,0.17373089162778196,0.22304320393686075,0.4886839574607923,0.5924541598694628,109079.99999999999,109079.99999999999,1.0,9.99,6.0,1544.5800005525707,0.01
107,1.521262288093567,0.7877038043478262,0.7804172168431558,0.17373089162778196,0.22304320393686072,0.4886839574607923,0.5914291139525869,109080.0,109080.0,1.0,9.99,6.0,1544.5800005525707,0.01
108,1.5660905838012695,0.787024456521739,0.7766386669886146,0.173730891627782,0.22304320393686072,0.4886839574607923,0.5805993845789683,109080.0,109080.0,1.0,9.99,6.0,1544.5800005525707,0.01
109,1.4900425672531128,0.7944972826086957,0.7881075451601656,0.17373089162778196,0.22304320393686075,0.4886839574607923,0.5773393998532612,109079.99999999999,109079.99999999999,1.0,9.99,6.0,1544.5939210843985,0.01
110,1.4694336652755737,0.7985733695652174,0.7913935195119731,0.17373089162778196,0.22304320393686075,0.4886839574607923,0.5944092627513395,109079.99999999999,109079.99999999999,1.0,9.99,6.0,1544.6048449826576,0.01
111,1.4763458967208862,0.8057065217391305,0.8001558354188644,0.17373089162778196,0.22304320393686075,0.4886839574607923,0.5792993346677123,109079.99999999999,109079.99999999999,1.0,9.99,6.0,1544.604844982658,0.01
112,1.7313681840896606,0.747961956521739,0.7394682440239592,0.17373089162778196,0.22304320393686072,0.4886839574607923,0.5833928868482628,109080.0,109080.0,1.0,9.99,6.0,1544.6157688809167,0.01
113,1.7206356525421143,0.7669836956521738,0.7589112663845301,0.17373089162778196,0.22304320393686075,0.4886839574607923,0.5677489479426072,109080.0,109080.0,1.0,9.99,6.0,1544.6157688809167,0.01
114,1.4768882989883423,0.8162364130434783,0.8109446946403468,0.173730891627782,0.22304320393686072,0.4886839574607923,0.5900513369577882,109079.99999999999,109079.99999999999,1.0,9.99,6.0,1544.6157688809167,0.01
115,1.5104492902755737,0.7985733695652174,0.7903075210031608,0.173730891627782,0.22304320393686072,0.4886839574607923,0.6084242646660458,109080.0,109080.0,1.0,9.99,6.0,1544.615768880917,0.01
116,1.641333818435669,0.8016304347826086,0.7884498818980495,0.17373089162778196,0.22304320393686072,0.4886839574607923,0.5840490554115848,109080.0,109080.0,1.0,9.99,6.0,1544.615768880917,0.01
117,1.696376085281372,0.7955163043478262,0.7746185131666077,0.173730891627782,0.22304320393686075,0.4886839574607923,0.5859731107593491,109080.0,109080.0,1.0,9.99,6.0,1544.6157688809167,0.01
118,1.5886399745941162,0.8128396739130435,0.799406795570541,0.17373089162778196,0.22304320393686075,0.4886839574607923,0.5921662137220424,109080.0,109080.0,1.0,9.99,6.0,1544.6157688809167,0.01
119,1.6324503421783447,0.8012907608695651,0.7905652027623565,0.17373089162778196,0.22304320393686072,0.4886839574607923,0.5815749142777025,109080.0,109080.0,1.0,9.99,6.0,1544.6157688809167,0.01
120,1.7895116806030273,0.8002717391304349,0.7966140886011194,0.173730891627782,0.22304320393686075,0.4886839574607923,0.5906509127917824,109079.99999999999,109079.99999999999,1.0,9.99,6.0,1544.6157688809167,0.01
121,1.6563785076141357,0.8271059782608695,0.82267523783839,0.17373089162778196,0.22304320393686072,0.4886839574607923,0.5872219556433851,109079.99999999999,109079.99999999999,1.0,9.99,6.0,1544.6266927791758,0.01
122,1.6439129114151,0.8308423913043478,0.825979431984651,0.17373089162778196,0.22304320393686075,0.4886839574607923,0.5994691176500102,109079.99999999999,109079.99999999999,1.0,9.99,6.0,1544.6266927791758,0.01
123,1.7138863801956177,0.8033288043478262,0.7901352683299955,0.17373089162778196,0.22304320393686072,0.4886839574607923,0.6013533881296919,109080.0,109080.0,1.0,9.99,6.0,1544.6266927791758,0.01
124,1.4002525806427002,0.8396739130434783,0.8343791741779717,0.17373089162778196,0.22304320393686075,0.4886839574607923,0.5895385351417113,109079.99999999999,109079.99999999999,1.0,9.99,6.0,1544.6266927791758,0.01
125,1.3807297945022583,0.8491847826086957,0.8453520908788835,0.173730891627782,0.22304320393686072,0.4886839574607923,0.5921510799146451,109079.99999999999,109079.99999999999,1.0,9.99,6.0,1544.6266927791755,0.01
126,1.5100709199905396,0.8254076086956522,0.8197745123441553,0.173730891627782,0.22304320393686075,0.4886839574607923,0.5909714270403388,109079.99999999999,109079.99999999999,1.0,9.99,6.0,1544.6266927791755,0.01
127,1.465390682220459,0.8335597826086957,0.8304726542099566,0.173730891627782,0.22304320393686075,0.4886839574607923,0.5730504137387863,109079.99999999999,109079.99999999999,1.0,9.99,6.0,1544.6266927791758,0.01
128,1.622318983078003,0.7924592391304349,0.7745893542486193,0.17373089162778196,0.22304320393686072,0.4886839574607923,0.5861920759779066,109079.99999999999,109079.99999999999,1.0,9.99,6.0,1544.65929445219,0.01
129,1.3737194538116455,0.8311820652173914,0.8261518197142361,0.173730891627782,0.22304320393686075,0.4886839574607923,0.6001818461244331,109079.99999999999,109079.99999999999,1.0,9.99,6.0,1544.6593369576303,0.01
130,1.2852784395217896,0.841711956521739,0.8372172587376154,0.17373089162778196,0.22304320393686075,0.4886839574607923,0.5849454570906207,109080.0,109080.0,1.0,9.99,6.0,1544.6819498520813,0.01
131,1.5013861656188965,0.7985733695652174,0.7931079660946514,0.17373089162778196,0.22304320393686072,0.4886839574607923,0.5762769949254586,109080.0,109080.0,1.0,9.99,6.0,1544.6819498520813,0.01
132,1.5579650402069092,0.8138586956521738,0.8088480113669344,0.17373089162778196,0.22304320393686072,0.4886839574607923,0.5759449161110817,109079.99999999999,109079.99999999999,1.0,9.99,6.0,1544.6928737503401,0.01
133,1.6379364728927612,0.7781929347826086,0.7689500211459206,0.17373089162778196,0.22304320393686072,0.4886839574607923,0.5980692176032766,109080.0,109080.0,1.0,9.99,6.0,1535.0687706151386,0.01
134,1.3990129232406616,0.8315217391304349,0.8277261545757947,0.173730891627782,0.22304320393686075,0.4886839574607923,0.5855703361989105,109080.0,109080.0,1.0,9.99,6.0,1535.0796945133977,0.01
135,1.6044559478759766,0.8216711956521738,0.81743383852902,0.17373089162778196,0.22304320393686072,0.4886839574607923,0.5822168171600367,109080.0,109080.0,1.0,9.99,6.0,1535.0796945133977,0.01
136,1.5975881814956665,0.8291440217391305,0.8252838540058596,0.17373089162778196,0.22304320393686072,0.4886839574607923,0.5826355140733253,109080.0,109080.0,1.0,9.99,6.0,1535.0796945133977,0.01
137,1.7926629781723022,0.8233695652173914,0.8192513000703814,0.173730891627782,0.22304320393686075,0.4886839574607923,0.5911940129654192,109079.99999999999,109079.99999999999,1.0,9.99,6.0,1535.0796945133977,0.01
138,1.7017292976379395,0.8158967391304349,0.8088972068834716,0.17373089162778196,0.22304320393686075,0.4886839574607923,0.5871664727668118,109079.99999999999,109079.99999999999,1.0,9.99,6.0,1535.0796945133975,0.01
139,1.6258039474487305,0.8233695652173914,0.8194067816965308,0.17373089162778196,0.22304320393686075,0.4886839574607923,0.5855588732333904,109080.0,109080.0,1.0,9.99,6.0,1535.0894282593172,0.01
140,1.6132704019546509,0.8294836956521738,0.8266657404832302,0.17373089162778196,0.22304320393686075,0.4886839574607923,0.5718288980059577,109080.0,109080.0,1.0,9.99,6.0,1535.0894282593172,0.01
141,1.9443814754486084,0.7887228260869565,0.7823175970879396,0.17373089162778194,0.22304320393686072,0.4886839574607923,0.5672724862482654,109079.99999999999,109079.99999999999,1.0,9.99,6.0,1535.0894282593172,0.01
142,1.8891385793685913,0.8019701086956522,0.7891835459116636,0.17373089162778196,0.22304320393686075,0.4886839574607923,0.589811811314833,109080.0,109080.0,1.0,9.99,6.0,1535.1033487911452,0.01
143,1.7064964771270752,0.8271059782608695,0.8217407180936065,0.17373089162778196,0.22304320393686075,0.4886839574607923,0.5874458880561998,109079.99999999999,109079.99999999999,1.0,9.99,6.0,1535.1033912965859,0.01
144,1.9537161588668823,0.7931385869565217,0.7796233178684988,0.17373089162778196,0.22304320393686072,0.4886839574607923,0.5993819008454664,109079.99999999999,109079.99999999999,1.0,9.99,6.0,1535.1033912965859,0.01
145,1.830456018447876,0.8053668478260869,0.7972143457673072,0.17373089162778194,0.22304320393686075,0.4886839574607923,0.6228006664375745,109079.99999999999,109079.99999999999,1.0,9.99,6.0,1535.135737936956,0.01
146,1.821063756942749,0.8131793478260869,0.807083981793313,0.17373089162778196,0.22304320393686072,0.4886839574607923,0.5985077788832398,109080.0,109080.0,1.0,9.99,6.0,1535.1466618352151,0.01
147,1.9550803899765015,0.7982336956521738,0.7805204222906585,0.17373089162778196,0.22304320393686072,0.4886839574607923,0.5967967235873392,109079.99999999999,109079.99999999999,1.0,9.99,6.0,1535.1466618352151,0.01
148,1.9561604261398315,0.8247282608695651,0.8196532243177528,0.17373089162778194,0.22304320393686072,0.4886839574607923,0.5803710235215894,109079.99999999999,109079.99999999999,1.0,9.99,6.0,1535.146661835215,0.01
149,1.6747957468032837,0.8359375,0.8321878575397782,0.17373089162778196,0.22304320393686072,0.4886839574607923,0.5920721642081186,109079.99999999999,109079.99999999999,1.0,9.99,6.0,1535.146661835215,0.01
150,1.6494626998901367,0.8220108695652174,0.8139581619907411,0.173730891627782,0.22304320393686072,0.4886839574607923,0.595378497576947,109080.0,109080.0,1.0,9.99,6.0,1535.1605823670432,0.01
151,1.6657634973526,0.8451086956521738,0.8419960597926487,0.17373089162778194,0.22304320393686072,0.4886839574607923,0.5813725825168103,109080.0,109080.0,1.0,9.99,6.0,1535.160582367043,0.01
152,1.831325650215149,0.8060461956521738,0.8000128702381785,0.17373089162778196,0.22304320393686075,0.4886839574607923,0.5800132042240915,109079.99999999999,109079.99999999999,1.0,9.99,6.0,1534.7718063537131,0.01
153,1.66239333152771,0.8291440217391305,0.8246537634078018,0.17373089162778196,0.22304320393686075,0.4886839574607923,0.5978228272434417,109079.99999999999,109079.99999999999,1.0,9.99,6.0,1534.7827302519722,0.01
154,1.5814223289489746,0.8335597826086957,0.8299644861731134,0.173730891627782,0.22304320393686075,0.4886839574607923,0.5725853149338308,109079.99999999999,109079.99999999999,1.0,9.99,6.0,1534.7827302519722,0.01
155,1.4652482271194458,0.8427309782608695,0.8389387740389199,0.173730891627782,0.22304320393686072,0.4886839574607923,0.5796820117612658,109080.0,109080.0,1.0,9.99,6.0,1534.7863219617109,0.01
156,1.679078221321106,0.8288043478260869,0.8244548842215766,0.173730891627782,0.22304320393686075,0.4886839574607923,0.5923153529099723,109080.0,109080.0,1.0,9.99,6.0,1534.786321961711,0.01
157,2.2168595790863037,0.7700407608695651,0.7573500843748696,0.173730891627782,0.22304320393686075,0.4886839574607923,0.5901877145902117,109079.99999999999,109079.99999999999,1.0,9.99,6.0,1534.8214314557263,0.01
158,2.0131845474243164,0.8097826086956522,0.8037413138538557,0.17373089162778196,0.22304320393686075,0.4886839574607923,0.5953204778709141,109080.0,109080.0,1.0,9.99,6.0,1534.8214314557263,0.01
159,1.8460776805877686,0.8366168478260869,0.8338224298838637,0.17373089162778196,0.22304320393686072,0.4886839574607923,0.585545424181437,109080.0,109080.0,1.0,9.99,6.0,1534.8214314557263,0.01
160,1.8843920230865479,0.828125,0.8238769476819159,0.17373089162778196,0.22304320393686075,0.4886839574607923,0.5932862284199069,109079.99999999999,109079.99999999999,1.0,9.99,6.0,1534.821431455726,0.01
161,1.9494893550872803,0.8308423913043478,0.8268568117341584,0.173730891627782,0.22304320393686075,0.4886839574607923,0.5841261585596726,109079.99999999999,109079.99999999999,1.0,9.99,6.0,1534.8214314557263,0.01
162,1.9072706699371338,0.8209918478260869,0.8160551675438957,0.17373089162778196,0.22304320393686072,0.4886839574607923,0.5789828781399297,109079.99999999999,109079.99999999999,1.0,9.99,6.0,1534.8214314557263,0.01
163,2.08146071434021,0.7995923913043478,0.7905887382319702,0.17373089162778196,0.22304320393686072,0.4886839574607923,0.5908904396670427,109079.99999999999,109079.99999999999,1.0,9.99,6.0,1534.821431455726,0.01
164,1.8156516551971436,0.828125,0.8247916486321384,0.17373089162778196,0.22304320393686072,0.4886839574607923,0.5718403906116548,109080.0,109080.0,1.0,9.99,6.0,1534.8426204179136,0.01
165,1.8385783433914185,0.8203125,0.8163262041168146,0.173730891627782,0.22304320393686072,0.4886839574607923,0.5870357052026818,109079.99999999999,109079.99999999999,1.0,9.99,6.0,1534.8426204179134,0.01
166,1.8496475219726562,0.8131793478260869,0.8093104576589725,0.173730891627782,0.22304320393686072,0.4886839574607923,0.5971819251873028,109079.99999999999,109079.99999999999,1.0,9.99,6.0,1534.8426204179134,0.01
167,1.9209998846054077,0.8033288043478262,0.7984189808603577,0.173730891627782,0.22304320393686075,0.4886839574607923,0.5773567293362207,109080.0,109080.0,1.0,9.99,6.0,1534.8936907049101,0.01
168,1.7279531955718994,0.8366168478260869,0.8340454374009584,0.173730891627782,0.22304320393686072,0.4886839574607923,0.5881455253011124,109080.0,109080.0,1.0,9.99,6.0,1534.8936907049101,0.01
169,2.103219747543335,0.791100543478261,0.778078209744714,0.17373089162778196,0.22304320393686072,0.4886839574607923,0.5769826827552555,109079.99999999999,109079.99999999999,1.0,9.99,6.0,1534.8936907049101,0.01
170,1.7881748676300049,0.837975543478261,0.8355186028726993,0.17373089162778196,0.22304320393686075,0.4886839574607923,0.567073779312389,109079.99999999999,109079.99999999999,1.0,9.99,6.0,1534.8936907049103,0.01
171,1.9096087217330933,0.814538043478261,0.807861326520213,0.17373089162778194,0.22304320393686072,0.4886839574607923,0.6026535842312303,109080.0,109080.0,1.0,9.99,6.0,1534.8936907049101,0.01
172,1.8952336311340332,0.8141983695652174,0.8088923786825407,0.17373089162778196,0.22304320393686072,0.4886839574607923,0.5757747101511348,109079.99999999999,109079.99999999999,1.0,9.99,6.0,1534.8936907049101,0.01
173,1.6509770154953003,0.8444293478260869,0.8419522170127917,0.17373089162778196,0.22304320393686075,0.4886839574607923,0.5959549874424027,109079.99999999999,109079.99999999999,1.0,9.99,6.0,1534.8936907049101,0.01
174,1.7243984937667847,0.8352581521739131,0.8337833444722786,0.17373089162778196,0.22304320393686075,0.4886839574607923,0.574978014881904,109080.0,109080.0,1.0,9.99,6.0,1534.8936907049101,0.01
175,1.857876181602478,0.8169157608695651,0.8113181914123884,0.17373089162778196,0.22304320393686075,0.4886839574607923,0.5731365341486429,109080.0,109080.0,1.0,9.99,6.0,1534.8936907049101,0.01
176,2.019225597381592,0.8080842391304349,0.8036491247792403,0.173730891627782,0.22304320393686072,0.4886839574607923,0.5802527991355568,109079.99999999999,109079.99999999999,1.0,9.99,6.0,1534.89369070491,0.01
177,1.8567142486572266,0.8186141304347826,0.8124192603388457,0.17373089162778194,0.22304320393686075,0.4886839574607923,0.5815860403375346,109080.0,109080.0,1.0,9.99,6.0,1534.8936907049101,0.01
178,1.9898607730865479,0.8036684782608695,0.7939014022340519,0.173730891627782,0.22304320393686075,0.4886839574607923,0.5769547166321041,109080.0,109080.0,1.0,9.99,6.0,1534.8936907049101,0.01
179,1.860525369644165,0.8192934782608695,0.814251188339272,0.173730891627782,0.22304320393686075,0.4886839574607923,0.5791282206611612,109079.99999999999,109079.99999999999,1.0,9.99,6.0,1534.8936907049101,0.01
180,1.9429185390472412,0.8305027173913043,0.8283132619981273,0.17373089162778194,0.22304320393686075,0.4886839574607923,0.5888840355733015,109080.0,109080.0,1.0,9.99,6.0,1534.8936907049103,0.01
181,1.8015832901000977,0.8430706521739131,0.8402442503496695,0.173730891627782,0.22304320393686072,0.4886839574607923,0.5921397708899567,109080.0,109080.0,1.0,9.99,6.0,1534.8936907049101,0.01
182,1.7274887561798096,0.8515625,0.8492734730778024,0.17373089162778196,0.22304320393686075,0.4886839574607923,0.5894151753193666,109079.99999999999,109079.99999999999,1.0,9.99,6.0,1534.8936907049101,0.01
183,1.6883037090301514,0.8512228260869565,0.848963811948949,0.17373089162778196,0.22304320393686072,0.4886839574607923,0.5735168330233557,109080.0,109080.0,1.0,9.99,6.0,1534.8936907049101,0.01
184,1.8823050260543823,0.8430706521739131,0.838650013821653,0.173730891627782,0.22304320393686075,0.4886839574607923,0.5815580700634613,109079.99999999999,109079.99999999999,1.0,9.99,6.0,1534.8936907049101,0.01
185,1.78559410572052,0.8461277173913043,0.843326315820308,0.173730891627782,0.22304320393686075,0.4886839574607923,0.5851650414127001,109080.0,109080.0,1.0,9.99,6.0,1534.89369070491,0.01
186,1.6675113439559937,0.8325407608695651,0.8304866976600306,0.17373089162778196,0.22304320393686072,0.4886839574607923,0.5883216537186579,109080.0,109080.0,1.0,9.99,6.0,1534.9262923779243,0.01
187,1.6958986520767212,0.8226902173913043,0.8178509505475763,0.173730891627782,0.22304320393686075,0.4886839574607923,0.5876137596738481,109080.0,109080.0,1.0,9.99,6.0,1534.9262923779243,0.01
188,1.6409368515014648,0.8400135869565217,0.8377633721676854,0.17373089162778196,0.22304320393686072,0.4886839574607923,0.5495379769503745,109080.0,109080.0,1.0,9.99,6.0,1534.9262923779245,0.01
189,1.4304031133651733,0.8451086956521738,0.8413988610904453,0.17373089162778194,0.22304320393686075,0.4886839574607923,0.6096773915503567,109079.99999999999,109079.99999999999,1.0,9.99,6.0,1534.9262923779243,0.01
190,1.4743766784667969,0.8627717391304349,0.8610189006368545,0.17373089162778196,0.22304320393686072,0.4886839574607923,0.5998313928000686,109080.0,109080.0,1.0,9.99,6.0,1534.9262923779243,0.01
191,1.8005694150924683,0.8216711956521738,0.8207122765834557,0.173730891627782,0.22304320393686072,0.4886839574607923,0.5836194975137451,109079.99999999999,109079.99999999999,1.0,9.99,6.0,1534.9262923779243,0.01
192,1.589032530784607,0.8461277173913043,0.8431491669343627,0.173730891627782,0.22304320393686075,0.4886839574607923,0.5659339363414134,109080.0,109080.0,1.0,9.99,6.0,1534.9262923779243,0.01
193,1.668654203414917,0.837975543478261,0.8343340575810978,0.17373089162778196,0.22304320393686072,0.4886839574607923,0.5881772447657144,109079.99999999999,109079.99999999999,1.0,9.99,6.0,1534.9262923779245,0.01
194,2.0561609268188477,0.8131793478260869,0.8079520781153952,0.17373089162778196,0.22304320393686072,0.4886839574607923,0.5746318147283643,109080.0,109080.0,1.0,9.99,6.0,1534.9262923779245,0.01
195,2.2684874534606934,0.822350543478261,0.8160967543482971,0.173730891627782,0.22304320393686075,0.4886839574607923,0.579491363483622,109079.99999999999,109079.99999999999,1.0,9.99,6.0,1534.9262923779243,0.01
196,1.950009822845459,0.8349184782608695,0.8313929187583798,0.17373089162778196,0.22304320393686075,0.4886839574607923,0.5942332664174276,109080.0,109080.0,1.0,9.99,6.0,1534.9262923779243,0.01
197,2.2412185668945312,0.8158967391304349,0.8095833391937437,0.173730891627782,0.22304320393686072,0.4886839574607923,0.5678001474893132,109079.99999999999,109079.99999999999,1.0,9.99,6.0,1534.9262923779243,0.01
198,2.1359493732452393,0.8359375,0.8320614938177918,0.17373089162778196,0.22304320393686075,0.4886839574607923,0.5987558646028267,109080.0,109080.0,1.0,9.99,6.0,1534.9262923779245,0.01
199,2.1333165168762207,0.8372961956521738,0.833649600418402,0.17373089162778194,0.22304320393686072,0.4886839574607923,0.5679920557663412,109079.99999999999,109079.99999999999,1.0,9.99,6.0,1534.9262923779243,0.01
200,2.000981092453003,0.8389945652173914,0.835647925806255,0.17373089162778194,0.22304320393686075,0.4886839574607923,0.6004154373758895,109080.0,109080.0,1.0,9.99,6.0,1534.9474813401116,0.01
201,2.315788984298706,0.814538043478261,0.8091163371875759,0.17373089162778196,0.22304320393686075,0.4886839574607923,0.5776063456758451,109079.99999999999,109079.99999999999,1.0,9.99,6.0,1534.9474813401116,0.01
202,2.093581199645996,0.8243885869565217,0.8198561069312709,0.173730891627782,0.22304320393686075,0.4886839574607923,0.5841522985690307,109080.0,109080.0,1.0,9.99,6.0,1534.9474813401114,0.01
203,2.0511367321014404,0.8345788043478262,0.8314385609422802,0.17373089162778194,0.22304320393686075,0.4886839574607923,0.5953049947374923,109079.99999999999,109079.99999999999,1.0,9.99,6.0,1534.9474813401114,0.01
204,2.0145325660705566,0.8342391304347826,0.8325041310843533,0.17373089162778196,0.22304320393686072,0.4886839574607923,0.5658720689901718,109080.0,109080.0,1.0,9.99,6.0,1534.9474813401116,0.01
205,2.5000381469726562,0.8254076086956522,0.8220907726507418,0.17373089162778196,0.22304320393686072,0.4886839574607923,0.5818770830402956,109079.99999999999,109079.99999999999,1.0,9.99,6.0,1534.6986518336848,0.01
206,2.677003860473633,0.8254076086956522,0.8214883930349052,0.173730891627782,0.22304320393686075,0.4886839574607923,0.5874129454316459,109079.99999999999,109079.99999999999,1.0,9.99,6.0,1531.9312368233134,0.01
207,2.4753201007843018,0.8271059782608695,0.8255927409842599,0.17373089162778196,0.22304320393686075,0.4886839574607923,0.6101303391150473,109080.0,109080.0,1.0,9.99,6.0,1532.5921326679813,0.01
208,2.5935826301574707,0.841711956521739,0.8393068954472509,0.173730891627782,0.22304320393686072,0.4886839574607923,0.5925674563004221,109080.0,109080.0,1.0,9.99,6.0,1532.6670697599293,0.01
209,2.5165772438049316,0.8277853260869565,0.8234666289734465,0.173730891627782,0.22304320393686072,0.4886839574607923,0.5885024654138854,109080.0,109080.0,1.0,9.99,6.0,1532.7310191954568,0.01
210,2.470452070236206,0.8332201086956522,0.8313054840923239,0.173730891627782,0.22304320393686075,0.4886839574607923,0.5838414031092048,109080.00000000001,109080.00000000001,1.0,9.99,6.0,1532.744939727285,0.01
211,2.49373197555542,0.8423913043478262,0.8392426640098544,0.173730891627782,0.22304320393686072,0.4886839574607923,0.5824416633918315,109079.99999999999,109079.99999999999,1.0,9.99,6.0,1532.8439986568278,0.01
212,2.8075931072235107,0.8155570652173914,0.8094277545040374,0.17373089162778196,0.22304320393686075,0.4886839574607923,0.6010731433044968,109080.0,109080.0,1.0,9.99,6.0,1532.876111517274,0.01
213,2.5051181316375732,0.8226902173913043,0.8200880835390854,0.17373089162778196,0.22304320393686072,0.4886839574607923,0.5880579363404732,109079.99999999999,109079.99999999999,1.0,9.99,6.0,1532.879703227013,0.01
214,2.9322400093078613,0.806725543478261,0.8026594744284767,0.17373089162778196,0.22304320393686072,0.4886839574607923,0.5862627076441107,109080.0,109080.0,1.0,9.99,6.0,1532.9635813384114,0.01
215,3.299809694290161,0.7724184782608695,0.7739121060524109,0.173730891627782,0.22304320393686075,0.4886839574607923,0.5802544621310894,109080.0,109080.0,1.0,9.99,6.0,1532.9782244627313,0.01
216,3.1656734943389893,0.8074048913043478,0.8028867341823847,0.17373089162778196,0.22304320393686075,0.4886839574607923,0.5874351550043602,109079.99999999999,109079.99999999999,1.0,9.99,6.0,1533.019603509249,0.01
217,3.1784870624542236,0.7894021739130435,0.7872416104655922,0.173730891627782,0.22304320393686075,0.4886839574607923,0.5961292213208008,109080.0,109080.0,1.0,9.99,6.0,1533.1022765914036,0.01
218,3.374471664428711,0.791100543478261,0.7848126041610941,0.173730891627782,0.22304320393686072,0.4886839574607923,0.5794339570763061,109080.0,109080.0,1.0,9.99,6.0,1533.1238055971164,0.01
219,3.170628786087036,0.7744565217391305,0.775427578336561,0.17373089162778196,0.22304320393686072,0.4886839574607923,0.599162703142851,109079.99999999999,109079.99999999999,1.0,9.99,6.0,1533.1676287064747,0.01
220,2.7845845222473145,0.7924592391304349,0.791621914227536,0.17373089162778196,0.22304320393686072,0.4886839574607923,0.5914122040046053,109080.0,109080.0,1.0,9.99,6.0,1533.2111542777475,0.01
221,2.8179984092712402,0.7992527173913043,0.7993271387911615,0.17373089162778196,0.22304320393686072,0.4886839574607923,0.581653541073576,109079.99999999999,109079.99999999999,1.0,9.99,6.0,1533.2435009181174,0.01
222,2.8225338459014893,0.8033288043478262,0.8023830699757477,0.173730891627782,0.22304320393686075,0.4886839574607923,0.5839338602256983,109080.0,109080.0,1.0,9.99,6.0,1533.4247866226876,0.01
223,2.7400293350219727,0.8311820652173914,0.825390946505471,0.173730891627782,0.22304320393686075,0.4886839574607923,0.5897617552174058,109080.0,109080.0,1.0,9.99,6.0,1533.4357105209467,0.01
224,2.5610673427581787,0.828125,0.8242039233373775,0.173730891627782,0.22304320393686072,0.4886839574607923,0.5908668445944137,109079.99999999999,109079.99999999999,1.0,9.99,6.0,1533.4666332290535,0.01
225,2.7325661182403564,0.7975543478260869,0.7919214523940145,0.173730891627782,0.22304320393686075,0.4886839574607923,0.5917564762170477,109080.0,109080.0,1.0,9.99,6.0,1533.4878221912406,0.01
226,2.6236934661865234,0.8053668478260869,0.7995638989117151,0.173730891627782,0.22304320393686072,0.4886839574607923,0.5661358403627709,109079.99999999999,109079.99999999999,1.0,9.99,6.0,1533.487864696681,0.01
227,2.6442418098449707,0.8091032608695651,0.8087771266511141,0.17373089162778196,0.22304320393686072,0.4886839574607923,0.6103547535861018,109079.99999999999,109079.99999999999,1.0,9.99,6.0,1533.4878646966815,0.01
228,2.523630380630493,0.7975543478260869,0.7962711451031182,0.17373089162778196,0.22304320393686072,0.4886839574607923,0.6004140755167724,109079.99999999999,109079.99999999999,1.0,9.99,6.0,1533.552898020947,0.01
229,2.676633358001709,0.8006114130434783,0.795687524630019,0.17373089162778196,0.22304320393686075,0.4886839574607923,0.5659622494556957,109080.0,109080.0,1.0,9.99,6.0,1533.5528980209465,0.01
230,2.5717504024505615,0.8019701086956522,0.7977568845304509,0.17373089162778194,0.22304320393686072,0.4886839574607923,0.5876606956075662,109080.0,109080.0,1.0,9.99,6.0,1533.5755109153974,0.01
231,2.785423755645752,0.8006114130434783,0.7987484792466546,0.173730891627782,0.22304320393686072,0.4886839574607923,0.5997302207580978,109080.0,109080.0,1.0,9.99,6.0,1533.585244661317,0.01
232,2.7442739009857178,0.7897418478260869,0.7872098691680889,0.17373089162778196,0.22304320393686072,0.4886839574607923,0.6041857593726282,109080.0,109080.0,1.0,9.99,6.0,1533.6175913016866,0.01
233,2.699218511581421,0.7972146739130435,0.7933910642251769,0.17373089162778196,0.22304320393686072,0.4886839574607923,0.5869384419023018,109079.99999999999,109079.99999999999,1.0,9.99,6.0,1533.6175913016866,0.01
234,2.669536828994751,0.7975543478260869,0.7915122797658972,0.17373089162778196,0.22304320393686075,0.4886839574607923,0.5871466390780448,109080.0,109080.0,1.0,9.99,6.0,1533.6175913016866,0.01
235,2.4789605140686035,0.7873641304347826,0.7826425495559248,0.17373089162778196,0.22304320393686072,0.4886839574607923,0.5802635751883534,109080.0,109080.0,1.0,9.99,6.0,1533.6176338071275,0.01
236,2.337533473968506,0.8111413043478262,0.8072873378008036,0.17373089162778196,0.22304320393686075,0.4886839574607923,0.5801388861629727,109079.99999999999,109079.99999999999,1.0,9.99,6.0,1533.640246701578,0.01
237,2.4513051509857178,0.8138586956521738,0.8108473316342346,0.17373089162778196,0.22304320393686072,0.4886839574607923,0.5974788605129109,109079.99999999999,109079.99999999999,1.0,9.99,6.0,1533.6825821205118,0.01
238,2.3975143432617188,0.8040081521739131,0.7998665459340918,0.17373089162778196,0.22304320393686072,0.4886839574607923,0.5999993642344178,109080.0,109080.0,1.0,9.99,6.0,1533.7261076917846,0.01
239,2.9863810539245605,0.7914402173913043,0.780679456845745,0.173730891627782,0.22304320393686075,0.4886839574607923,0.5836876116133618,109079.99999999999,109079.99999999999,1.0,9.99,6.0,1533.72644773531,0.01
240,2.3026463985443115,0.7995923913043478,0.7962626316376407,0.17373089162778196,0.22304320393686075,0.4886839574607923,0.6047984584436323,109079.99999999999,109079.99999999999,1.0,9.99,6.0,1533.7361814812298,0.01
241,2.761847496032715,0.7768342391304349,0.7694219534709626,0.173730891627782,0.22304320393686075,0.4886839574607923,0.5997173822483897,109079.99999999999,109079.99999999999,1.0,9.99,6.0,1533.73618148123,0.01
242,2.594754457473755,0.7917798913043478,0.7866627747830043,0.173730891627782,0.22304320393686072,0.4886839574607923,0.5809728578786985,109080.0,109080.0,1.0,9.99,6.0,1533.7689531760066,0.01
243,2.8003883361816406,0.7887228260869565,0.7815701891131974,0.173730891627782,0.22304320393686075,0.4886839574607923,0.5815517997391466,109080.0,109080.0,1.0,9.99,6.0,1533.7689531760066,0.01
244,2.939830780029297,0.7707201086956522,0.7621848741837486,0.17373089162778196,0.22304320393686075,0.4886839574607923,0.604879637764639,109080.0,109080.0,1.0,9.99,6.0,1533.7725448857454,0.01
245,2.8441596031188965,0.7900815217391305,0.7828449321628775,0.173730891627782,0.22304320393686075,0.4886839574607923,0.5733577768937548,109079.99999999999,109079.99999999999,1.0,9.99,6.0,1533.7725448857457,0.01
246,3.134558916091919,0.7771739130434783,0.7658502160245074,0.173730891627782,0.22304320393686075,0.4886839574607923,0.5835690487974746,109080.0,109080.0,1.0,9.99,6.0,1533.7731399619151,0.01
247,2.8080241680145264,0.7815896739130435,0.7737725802632768,0.173730891627782,0.22304320393686075,0.4886839574607923,0.5881737831562466,109079.99999999999,109079.99999999999,1.0,9.99,6.0,1533.8057416349295,0.01
248,3.223531484603882,0.7741168478260869,0.7650915966543511,0.17373089162778194,0.22304320393686075,0.4886839574607923,0.601155662789568,109080.0,109080.0,1.0,9.99,6.0,1533.8923039649076,0.01
249,2.9516029357910156,0.7843070652173914,0.7785670873020182,0.173730891627782,0.22304320393686075,0.4886839574607923,0.5755623570918,109080.0,109080.0,1.0,9.99,6.0,1533.902037710827,0.01
250,3.0017874240875244,0.7890625,0.7820824815547457,0.17373089162778196,0.22304320393686072,0.4886839574607923,0.5879971749829261,109080.0,109080.0,1.0,9.99,6.0,1533.9056294205657,0.01
251,2.7746517658233643,0.7897418478260869,0.7852891997219498,0.173730891627782,0.22304320393686072,0.4886839574607923,0.5915342318025845,109080.0,109080.0,1.0,9.99,6.0,1533.9059269586508,0.01
252,2.9790866374969482,0.7866847826086957,0.7815053022411051,0.173730891627782,0.22304320393686075,0.4886839574607923,0.5949548013646144,109080.0,109080.0,1.0,9.99,6.0,1533.9059269586508,0.01
253,3.1582508087158203,0.794836956521739,0.7885710115886111,0.17373089162778196,0.22304320393686072,0.4886839574607923,0.5686636085868271,109080.0,109080.0,1.0,9.99,6.0,1533.9062244967354,0.01
254,3.4752562046051025,0.7809103260869565,0.77496326681799,0.17373089162778196,0.22304320393686072,0.4886839574607923,0.6002490859361157,109079.99999999999,109079.99999999999,1.0,9.99,6.0,1533.9062244967354,0.01
255,3.126710891723633,0.787024456521739,0.7822670443752346,0.17373089162778196,0.22304320393686072,0.4886839574607923,0.587129096633332,109079.99999999999,109079.99999999999,1.0,9.99,6.0,1533.9098162064745,0.01
256,3.482213258743286,0.7646059782608695,0.7576759198916047,0.173730891627782,0.22304320393686075,0.4886839574607923,0.5738717427515749,109079.99999999999,109079.99999999999,1.0,9.99,6.0,1533.9533417777475,0.01
257,3.0755743980407715,0.7985733695652174,0.79528585630205,0.17373089162778196,0.22304320393686075,0.4886839574607923,0.586097217066633,109080.0,109080.0,1.0,9.99,6.0,1533.9533417777475,0.01
258,3.3605966567993164,0.7975543478260869,0.7915887115698791,0.173730891627782,0.22304320393686072,0.4886839574607923,0.5869714395265713,109079.99999999999,109079.99999999999,1.0,9.99,6.0,1533.9745307399348,0.01
259,3.515361785888672,0.779211956521739,0.7750627139216469,0.173730891627782,0.22304320393686075,0.4886839574607923,0.5647720730538208,109079.99999999999,109079.99999999999,1.0,9.99,6.0,1533.9745307399346,0.01
260,3.78743839263916,0.7775135869565217,0.7699686955978011,0.173730891627782,0.22304320393686075,0.4886839574607923,0.5953694810610471,109079.99999999999,109079.99999999999,1.0,9.99,6.0,1533.9745307399348,0.01
261,3.4827182292938232,0.791100543478261,0.7857180880364611,0.173730891627782,0.22304320393686072,0.4886839574607923,0.5954704052475772,109079.99999999999,109079.99999999999,1.0,9.99,6.0,1533.9745307399348,0.01
262,3.407902956008911,0.7849864130434783,0.7808413996478546,0.17373089162778196,0.22304320393686075,0.4886839574607923,0.5917818774595873,109080.0,109080.0,1.0,9.99,6.0,1533.995719702122,0.01
263,3.617595911026001,0.7856657608695651,0.7818492192455214,0.17373089162778196,0.22304320393686075,0.4886839574607923,0.5921172888481319,109079.99999999999,109079.99999999999,1.0,9.99,6.0,1534.0169086643089,0.01
264,3.185096025466919,0.8016304347826086,0.79723534629274,0.173730891627782,0.22304320393686072,0.4886839574607923,0.57643833574844,109080.0,109080.0,1.0,9.99,6.0,1534.0266424102283,0.01
265,3.0554776191711426,0.8050271739130435,0.8012810543323224,0.173730891627782,0.22304320393686072,0.4886839574607923,0.5897626276893119,109080.0,109080.0,1.0,9.99,6.0,1534.036376156148,0.01
266,3.352064371109009,0.7975543478260869,0.7906993446440322,0.17373089162778196,0.22304320393686075,0.4886839574607923,0.5938857569074475,109079.99999999999,109079.99999999999,1.0,9.99,6.0,1534.036376156148,0.01
267,2.9298369884490967,0.8125,0.80960556019114,0.173730891627782,0.22304320393686072,0.4886839574607923,0.5819473438799965,109080.0,109080.0,1.0,9.99,6.0,1534.036376156148,0.01
268,3.116939067840576,0.8097826086956522,0.805532497397353,0.173730891627782,0.22304320393686075,0.4886839574607923,0.5895756351415947,109079.99999999999,109079.99999999999,1.0,9.99,6.0,1534.0790516186069,0.01
269,2.953373908996582,0.8084239130434783,0.8055342522690493,0.17373089162778196,0.22304320393686072,0.4886839574607923,0.6008215661406906,109079.99999999999,109079.99999999999,1.0,9.99,6.0,1534.079349156692,0.01
270,2.970888614654541,0.8121603260869565,0.8078140823494699,0.173730891627782,0.22304320393686075,0.4886839574607923,0.6053152021762465,109079.99999999999,109079.99999999999,1.0,9.99,6.0,1534.079349156692,0.01
271,3.160029888153076,0.8121603260869565,0.8067684823232092,0.17373089162778196,0.22304320393686075,0.4886839574607923,0.6020360026707198,109080.0,109080.0,1.0,9.99,6.0,1534.079349156692,0.01
272,3.7163257598876953,0.7917798913043478,0.7862474747178303,0.17373089162778194,0.22304320393686075,0.4886839574607923,0.598232497068951,109079.99999999997,109079.99999999997,1.0,9.99,6.0,1534.0932696885202,0.01
273,3.5013768672943115,0.7944972826086957,0.7868640810811631,0.17373089162778196,0.22304320393686075,0.4886839574607923,0.5805396492774391,109079.99999999999,109079.99999999999,1.0,9.99,6.0,1534.0932696885202,0.01
274,3.3375661373138428,0.8002717391304349,0.796417844484667,0.173730891627782,0.22304320393686075,0.4886839574607923,0.5963797927291921,109080.0,109080.0,1.0,9.99,6.0,1534.0932696885202,0.01
275,3.2986810207366943,0.802649456521739,0.7990159438049177,0.173730891627782,0.22304320393686072,0.4886839574607923,0.596586768398866,109079.99999999999,109079.99999999999,1.0,9.99,6.0,1534.0932696885202,0.01
276,3.073828935623169,0.8060461956521738,0.8021343511027436,0.173730891627782,0.22304320393686072,0.4886839574607923,0.5727414053269906,109080.0,109080.0,1.0,9.99,6.0,1534.09326968852,0.01
277,3.5907700061798096,0.7761548913043478,0.7642506477141923,0.17373089162778196,0.22304320393686072,0.4886839574607923,0.567549242904578,109079.99999999999,109079.99999999999,1.0,9.99,6.0,1534.09326968852,0.01
278,3.1386494636535645,0.8135190217391305,0.8107769371155072,0.173730891627782,0.22304320393686072,0.4886839574607923,0.5817088195172436,109080.0,109080.0,1.0,9.99,6.0,1534.0932696885202,0.01
279,3.3414735794067383,0.7999320652173914,0.794015109867321,0.17373089162778196,0.22304320393686075,0.4886839574607923,0.5701160994201282,109080.0,109080.0,1.0,9.99,6.0,1534.0932696885202,0.01
280,3.401221990585327,0.7992527173913043,0.7950939828350433,0.173730891627782,0.22304320393686075,0.4886839574607923,0.5994240227474611,109080.0,109080.0,1.0,9.99,6.0,1534.0932696885202,0.01
281,3.802469491958618,0.7737771739130435,0.7643612937665375,0.173730891627782,0.22304320393686075,0.4886839574607923,0.5807609785757595,109080.0,109080.0,1.0,9.99,6.0,1534.0932696885197,0.01
282,3.8664684295654297,0.7809103260869565,0.7763953040660918,0.17373089162778196,0.22304320393686075,0.4886839574607923,0.546486266516757,109080.0,109080.0,1.0,9.99,6.0,1534.0932696885202,0.01
283,4.311516284942627,0.7588315217391305,0.7495410515024394,0.17373089162778196,0.22304320393686072,0.4886839574607923,0.5852040827793188,109080.0,109080.0,1.0,9.99,6.0,1534.09326968852,0.01
284,4.070295333862305,0.7649456521739131,0.7567779076008048,0.173730891627782,0.22304320393686075,0.4886839574607923,0.608419255540991,109079.99999999999,109079.99999999999,1.0,9.99,6.0,1534.0932696885197,0.01
285,4.093366622924805,0.7764945652173914,0.7717515084787326,0.17373089162778194,0.22304320393686072,0.4886839574607923,0.5926761351874397,109080.0,109080.0,1.0,9.99,6.0,1534.09326968852,0.01
286,4.435542583465576,0.765625,0.7569251159030997,0.17373089162778196,0.22304320393686072,0.4886839574607923,0.5890798033321514,109079.99999999999,109079.99999999999,1.0,9.99,6.0,1534.096861398259,0.01
287,4.235947608947754,0.7727581521739131,0.7629827062420643,0.17373089162778194,0.22304320393686075,0.4886839574607923,0.5867703901735561,109079.99999999999,109079.99999999999,1.0,9.99,6.0,1534.096861398259,0.01
288,3.855320692062378,0.7697010869565217,0.7647381879138879,0.173730891627782,0.22304320393686072,0.4886839574607923,0.5809640961904909,109079.99999999999,109079.99999999999,1.0,9.99,6.0,1534.096861398259,0.01
289,4.11470365524292,0.771399456521739,0.7627451749899001,0.173730891627782,0.22304320393686075,0.4886839574607923,0.589470151426743,109079.99999999999,109079.99999999999,1.0,9.99,6.0,1534.1381979393364,0.01
290,4.162144660949707,0.7629076086956522,0.7554975710521239,0.173730891627782,0.22304320393686075,0.4886839574607923,0.5906016325600388,109079.99999999999,109079.99999999999,1.0,9.99,6.0,1534.138197939336,0.01
291,3.8913800716400146,0.7883831521739131,0.7829166237367624,0.173730891627782,0.22304320393686075,0.4886839574607923,0.5735680370452744,109079.99999999999,109079.99999999999,1.0,9.99,6.0,1534.1381979393361,0.01
292,4.823250770568848,0.7533967391304349,0.7425135612924328,0.17373089162778196,0.22304320393686075,0.4886839574607923,0.5760819874663345,109079.99999999997,109079.99999999997,1.0,9.99,6.0,1534.1381979393364,0.01
293,4.733828544616699,0.75,0.7360163288584036,0.173730891627782,0.22304320393686072,0.4886839574607923,0.5951570129433446,109079.99999999999,109079.99999999999,1.0,9.99,6.0,1524.776650911317,0.01
294,4.0203351974487305,0.787024456521739,0.7826773173583295,0.17373089162778194,0.22304320393686075,0.4886839574607923,0.5921221663111312,109079.99999999997,109079.99999999997,1.0,9.99,6.0,1524.7766509113164,0.01
295,4.531783103942871,0.7622282608695651,0.7540800455950247,0.17373089162778196,0.22304320393686075,0.4886839574607923,0.5864953203805772,109079.99999999999,109079.99999999999,1.0,9.99,6.0,1524.7978398735038,0.01
296,4.310174942016602,0.7632472826086957,0.7556987587234337,0.17373089162778196,0.22304320393686072,0.4886839574607923,0.5892480055318174,109080.0,109080.0,1.0,9.99,6.0,1524.8087637717629,0.01
297,4.040371894836426,0.7853260869565217,0.7804262816688272,0.17373089162778196,0.22304320393686075,0.4886839574607923,0.6042299381213037,109080.0,109080.0,1.0,9.99,6.0,1524.8196876700217,0.01
298,3.9018707275390625,0.7927989130434783,0.7874856941415281,0.17373089162778194,0.22304320393686072,0.4886839574607923,0.5698138548059224,109079.99999999999,109079.99999999999,1.0,9.99,6.0,1524.8196876700217,0.01
299,4.102147579193115,0.7632472826086957,0.7574742032943655,0.173730891627782,0.22304320393686075,0.4886839574607923,0.594751789047098,109079.99999999999,109079.99999999999,1.0,9.99,6.0,1524.8196876700217,0.01
300,5.373007297515869,0.7391304347826086,0.7218699133951046,0.17373089162778196,0.22304320393686072,0.4886839574607923,0.5779038127410399,109079.99999999999,109079.99999999999,1.0,9.99,6.0,1524.8196876700217,0.01
301,3.9133858680725098,0.7747961956521738,0.7703357491018603,0.173730891627782,0.22304320393686075,0.4886839574607923,0.5799165856462049,109079.99999999999,109079.99999999999,1.0,9.99,6.0,1524.8196876700217,0.01
302,4.317344665527344,0.7710597826086957,0.7654573512990567,0.173730891627782,0.22304320393686072,0.4886839574607923,0.5757635738112852,109079.99999999999,109079.99999999999,1.0,9.99,6.0,1524.819687670022,0.01
303,4.622754096984863,0.7646059782608695,0.7510500801564097,0.173730891627782,0.22304320393686072,0.4886839574607923,0.5736639389729733,109080.0,109080.0,1.0,9.99,6.0,1524.8196876700217,0.01
304,3.823592185974121,0.7775135869565217,0.7726937206391932,0.17373089162778196,0.22304320393686075,0.4886839574607923,0.5948580828727396,109079.99999999999,109079.99999999999,1.0,9.99,6.0,1524.8196876700217,0.01
305,3.7168209552764893,0.7856657608695651,0.7807423727903916,0.173730891627782,0.22304320393686072,0.4886839574607923,0.5822468078629366,109079.99999999999,109079.99999999999,1.0,9.99,6.0,1524.8196876700217,0.01
306,3.7738518714904785,0.7805706521739131,0.7754155203705609,0.17373089162778196,0.22304320393686075,0.4886839574607923,0.5921855444358145,109079.99999999999,109079.99999999999,1.0,9.99,6.0,1524.8196876700217,0.01
307,3.6146013736724854,0.7904211956521738,0.7855998683277761,0.173730891627782,0.22304320393686075,0.4886839574607923,0.5974328866526404,109079.99999999999,109079.99999999999,1.0,9.99,6.0,1524.8196876700215,0.01
308,3.4712753295898438,0.7931385869565217,0.7878294126160571,0.173730891627782,0.22304320393686075,0.4886839574607923,0.6032297469845793,109079.99999999999,109079.99999999999,1.0,9.99,6.0,1524.8155008841131,0.01
309,3.6484220027923584,0.783288043478261,0.775918782275681,0.17373089162778196,0.22304320393686075,0.4886839574607923,0.5873962650815343,109079.99999999999,109079.99999999999,1.0,9.99,6.0,1524.815500884113,0.01
310,4.04649019241333,0.775475543478261,0.7673803428528488,0.173730891627782,0.22304320393686075,0.4886839574607923,0.5945815397943325,109079.99999999999,109079.99999999999,1.0,9.99,6.0,1524.8155008841131,0.01
311,3.8170361518859863,0.7761548913043478,0.7700609212929351,0.173730891627782,0.22304320393686072,0.4886839574607923,0.590710978059177,109080.0,109080.0,1.0,9.99,6.0,1524.8155008841131,0.01
312,4.338039875030518,0.7571331521739131,0.7499836542230369,0.173730891627782,0.22304320393686075,0.4886839574607923,0.5895570916761121,109080.0,109080.0,1.0,9.99,6.0,1524.815500884113,0.01
313,4.364263534545898,0.747961956521739,0.7406885701480631,0.173730891627782,0.22304320393686075,0.4886839574607923,0.5704451972888266,109080.0,109080.0,1.0,9.99,6.0,1524.8155008841131,0.01
314,4.038995742797852,0.7584918478260869,0.7514925777403832,0.173730891627782,0.22304320393686072,0.4886839574607923,0.5772598457803404,109079.99999999999,109079.99999999999,1.0,9.99,6.0,1524.815500884113,0.01
315,3.9017107486724854,0.7768342391304349,0.7703236807804364,0.17373089162778194,0.22304320393686072,0.4886839574607923,0.570400073005533,109079.99999999999,109079.99999999999,1.0,9.99,6.0,1524.815500884113,0.01
316,3.8378899097442627,0.7860054347826086,0.780129344395073,0.173730891627782,0.22304320393686072,0.4886839574607923,0.5542480804196379,109080.0,109080.0,1.0,9.99,6.0,1524.8155008841131,0.01
317,4.002312660217285,0.7591711956521738,0.7521730141403297,0.17373089162778196,0.22304320393686072,0.4886839574607923,0.5797227860405084,109079.99999999999,109079.99999999999,1.0,9.99,6.0,1524.7999013873775,0.01
318,3.9844930171966553,0.7781929347826086,0.7704447496693787,0.17373089162778196,0.22304320393686072,0.4886839574607923,0.5690156360834805,109080.0,109080.0,1.0,9.99,6.0,1524.7999013873775,0.01
319,4.427490234375,0.7567934782608695,0.7417661195909379,0.17373089162778196,0.22304320393686072,0.4886839574607923,0.5900521866320527,109080.0,109080.0,1.0,9.99,6.0,1524.7999013873775,0.01
320,3.7620344161987305,0.7819293478260869,0.7757196138910145,0.17373089162778196,0.22304320393686072,0.4886839574607923,0.590267912283037,109080.0,109080.0,1.0,9.99,6.0,1524.8210903495647,0.01
321,4.193985939025879,0.7880434782608695,0.7776056547798346,0.17373089162778194,0.22304320393686075,0.4886839574607923,0.5860902373562441,109080.0,109080.0,1.0,9.99,6.0,1524.8210903495647,0.01
322,4.179126739501953,0.7795516304347826,0.768642083759771,0.173730891627782,0.22304320393686072,0.4886839574607923,0.5947720855636617,109079.99999999999,109079.99999999999,1.0,9.99,6.0,1524.8210903495649,0.01
323,3.8197410106658936,0.791100543478261,0.7857277032223895,0.17373089162778196,0.22304320393686072,0.4886839574607923,0.5693833446606458,109080.0,109080.0,1.0,9.99,6.0,1524.8210903495649,0.01
324,3.7395143508911133,0.7924592391304349,0.7874224783345345,0.173730891627782,0.22304320393686075,0.4886839574607923,0.5941661753903534,109079.99999999997,109079.99999999997,1.0,9.99,6.0,1524.830824095484,0.01
325,3.8763203620910645,0.798913043478261,0.7938599818343114,0.173730891627782,0.22304320393686072,0.4886839574607923,0.5928873708704739,109079.99999999999,109079.99999999999,1.0,9.99,6.0,1524.8308240954843,0.01
326,3.974339008331299,0.7927989130434783,0.7876799786238199,0.17373089162778196,0.22304320393686072,0.4886839574607923,0.5847592585040124,109079.99999999999,109079.99999999999,1.0,9.99,6.0,1524.830824095484,0.01
327,3.9610424041748047,0.7877038043478262,0.7827167030000264,0.17373089162778196,0.22304320393686075,0.4886839574607923,0.5799371823263115,109079.99999999997,109079.99999999997,1.0,9.99,6.0,1524.830824095484,0.01
328,4.290062427520752,0.7894021739130435,0.7833171049602348,0.17373089162778196,0.22304320393686072,0.4886839574607923,0.5843038119870249,109080.0,109080.0,1.0,9.99,6.0,1524.8308240954843,0.01
329,4.339733123779297,0.7955163043478262,0.787846564828983,0.17373089162778196,0.22304320393686075,0.4886839574607923,0.5960308342880212,109079.99999999999,109079.99999999999,1.0,9.99,6.0,1524.830824095484,0.01
330,4.838009834289551,0.7863451086956522,0.7737218825905179,0.17373089162778194,0.22304320393686072,0.4886839574607923,0.5912717109600788,109079.99999999999,109079.99999999999,1.0,9.99,6.0,1524.8308240954843,0.01
331,4.332104682922363,0.7985733695652174,0.7913849770440419,0.17373089162778196,0.22304320393686072,0.4886839574607923,0.6011096136938371,109080.0,109080.0,1.0,9.99,6.0,1524.8308240954843,0.01
332,4.1940131187438965,0.7934782608695651,0.7875410651212325,0.17373089162778194,0.22304320393686075,0.4886839574607923,0.583817485367253,109080.0,109080.0,1.0,9.99,6.0,1524.8308240954843,0.01
333,3.888922929763794,0.8101222826086957,0.8043713404041307,0.17373089162778196,0.22304320393686075,0.4886839574607923,0.5929845996663151,109079.99999999999,109079.99999999999,1.0,9.99,6.0,1524.830824095484,0.01
334,3.6834347248077393,0.814538043478261,0.8096313597989386,0.17373089162778196,0.22304320393686075,0.4886839574607923,0.5826013749779502,109080.0,109080.0,1.0,9.99,6.0,1524.830824095484,0.01
335,3.8974149227142334,0.814538043478261,0.8089561006057814,0.17373089162778196,0.22304320393686075,0.4886839574607923,0.5807702425903801,109080.0,109080.0,1.0,9.99,6.0,1524.8308240954843,0.01
336,4.055868148803711,0.8029891304347826,0.797617384187617,0.17373089162778196,0.22304320393686072,0.4886839574607923,0.5794338825542856,109079.99999999999,109079.99999999999,1.0,9.99,6.0,1524.8308240954843,0.01
337,3.9082963466644287,0.8118206521739131,0.8070978589877678,0.17373089162778194,0.22304320393686075,0.4886839574607923,0.5851537093633666,109079.99999999997,109079.99999999997,1.0,9.99,6.0,1524.8308240954843,0.01
338,3.8935599327087402,0.8060461956521738,0.8019252205799753,0.17373089162778194,0.22304320393686075,0.4886839574607923,0.5688762689765312,109079.99999999999,109079.99999999999,1.0,9.99,6.0,1524.830824095484,0.01
339,3.993502616882324,0.7686820652173914,0.763779051605424,0.173730891627782,0.22304320393686072,0.4886839574607923,0.6030062327447213,109079.99999999999,109079.99999999999,1.0,9.99,6.0,1524.830824095484,0.01
340,4.414072036743164,0.7856657608695651,0.7760478459639852,0.17373089162778196,0.22304320393686072,0.4886839574607923,0.5870763855673155,109080.0,109080.0,1.0,9.99,6.0,1524.830824095484,0.01
341,4.4278883934021,0.7877038043478262,0.7803428823708889,0.17373089162778194,0.22304320393686072,0.4886839574607923,0.5899464270754659,109079.99999999999,109079.99999999999,1.0,9.99,6.0,1524.830824095484,0.01
342,3.9278275966644287,0.802649456521739,0.7984061440389189,0.17373089162778196,0.22304320393686075,0.4886839574607923,0.6082259011865311,109080.0,109080.0,1.0,9.99,6.0,1524.8308240954843,0.01
343,4.0932111740112305,0.8158967391304349,0.8106835724014733,0.17373089162778196,0.22304320393686072,0.4886839574607923,0.5954265144042533,109080.0,109080.0,1.0,9.99,6.0,1524.8447446273121,0.01
344,4.685398101806641,0.7843070652173914,0.775257840935381,0.173730891627782,0.22304320393686072,0.4886839574607923,0.5929136787975964,109080.0,109080.0,1.0,9.99,6.0,1524.8447446273121,0.01
345,4.466609954833984,0.7877038043478262,0.7807753628302888,0.17373089162778196,0.22304320393686072,0.4886839574607923,0.5567316720029086,109079.99999999999,109079.99999999999,1.0,9.99,6.0,1524.8447446273121,0.01
346,3.7231175899505615,0.7978940217391305,0.7936499624458728,0.173730891627782,0.22304320393686072,0.4886839574607923,0.5802737515950748,109079.99999999999,109079.99999999999,1.0,9.99,6.0,1524.8447446273121,0.01
347,4.245643615722656,0.7951766304347826,0.7879130765698683,0.17373089162778196,0.22304320393686072,0.4886839574607923,0.591002634384946,109079.99999999999,109079.99999999999,1.0,9.99,6.0,1524.8447446273121,0.01
348,4.03819465637207,0.7815896739130435,0.7756747780876188,0.173730891627782,0.22304320393686072,0.4886839574607923,0.5740046285182011,109080.0,109080.0,1.0,9.99,6.0,1524.8447446273124,0.01
349,3.9560437202453613,0.7612092391304349,0.7557730754223394,0.173730891627782,0.22304320393686072,0.4886839574607923,0.5733018287572041,109080.0,109080.0,1.0,9.99,6.0,1524.8447446273124,0.01
350,3.9740118980407715,0.7839673913043478,0.7792942217143554,0.17373089162778196,0.22304320393686072,0.4886839574607923,0.5706947453652425,109079.99999999999,109079.99999999999,1.0,9.99,6.0,1524.8447446273121,0.01
351,4.005321025848389,0.814538043478261,0.8080226014311932,0.173730891627782,0.22304320393686075,0.4886839574607923,0.5952960042945709,109080.0,109080.0,1.0,9.99,6.0,1524.8447446273124,0.01
352,3.920032262802124,0.8199728260869565,0.8141419053249344,0.173730891627782,0.22304320393686075,0.4886839574607923,0.566562134630662,109079.99999999999,109079.99999999999,1.0,9.99,6.0,1524.8447446273121,0.01
353,4.197361469268799,0.8050271739130435,0.7981104772730243,0.173730891627782,0.22304320393686075,0.4886839574607923,0.5825359425360541,109079.99999999999,109079.99999999999,1.0,9.99,6.0,1524.8447446273121,0.01
354,3.774254322052002,0.8169157608695651,0.8118754238097761,0.173730891627782,0.22304320393686075,0.4886839574607923,0.5643953639807197,109079.99999999999,109079.99999999999,1.0,9.99,6.0,1524.8447446273121,0.01
355,3.4790189266204834,0.8128396739130435,0.808418230167017,0.17373089162778194,0.22304320393686075,0.4886839574607923,0.6006818567772555,109079.99999999999,109079.99999999999,1.0,9.99,6.0,1524.8447446273124,0.01
356,5.461728096008301,0.7659646739130435,0.7524814560324865,0.173730891627782,0.22304320393686075,0.4886839574607923,0.5507714662445512,109080.0,109080.0,1.0,9.99,6.0,1524.8447446273124,0.01
357,3.8619256019592285,0.810461956521739,0.8052483871650468,0.17373089162778196,0.22304320393686075,0.4886839574607923,0.5661524793333793,109079.99999999997,109079.99999999997,1.0,9.99,6.0,1524.8447446273124,0.01
358,3.908148765563965,0.8084239130434783,0.8027834204260361,0.173730891627782,0.22304320393686075,0.4886839574607923,0.6003235657339646,109079.99999999999,109079.99999999999,1.0,9.99,6.0,1524.8447446273124,0.01
359,4.714033603668213,0.794836956521739,0.7832044768438141,0.173730891627782,0.22304320393686072,0.4886839574607923,0.6006417009205243,109079.99999999999,109079.99999999999,1.0,9.99,6.0,1524.8447446273124,0.01
360,4.070923328399658,0.8121603260869565,0.8063190740594015,0.173730891627782,0.22304320393686075,0.4886839574607923,0.5950942914426263,109080.0,109080.0,1.0,9.99,6.0,1524.8447446273124,0.01
361,3.9283807277679443,0.8175951086956522,0.8129239852419013,0.17373089162778196,0.22304320393686072,0.4886839574607923,0.5750762268949515,109079.99999999999,109079.99999999999,1.0,9.99,6.0,1524.8447446273124,0.01
362,3.9628396034240723,0.8070652173913043,0.8002868172573631,0.17373089162778196,0.22304320393686075,0.4886839574607923,0.5911445986070104,109080.0,109080.0,1.0,9.99,6.0,1524.8447446273121,0.01
363,3.6827125549316406,0.8206521739130435,0.8154311798913073,0.173730891627782,0.22304320393686075,0.4886839574607923,0.5894996270910311,109079.99999999999,109079.99999999999,1.0,9.99,6.0,1524.8447446273124,0.01
364,4.011855602264404,0.8162364130434783,0.8100716562683012,0.173730891627782,0.22304320393686072,0.4886839574607923,0.5795471048523734,109079.99999999999,109079.99999999999,1.0,9.99,6.0,1524.8483363370513,0.01
365,4.626086235046387,0.8101222826086957,0.8030554749510456,0.173730891627782,0.22304320393686075,0.4886839574607923,0.6346134175673144,109079.99999999999,109079.99999999999,1.0,9.99,6.0,1524.8483363370515,0.01
366,5.380360126495361,0.7955163043478262,0.7814813267449514,0.17373089162778196,0.22304320393686075,0.4886839574607923,0.5947067098402226,109079.99999999999,109079.99999999999,1.0,9.99,6.0,1524.8483363370513,0.01
367,4.503245830535889,0.8070652173913043,0.7990543811715283,0.17373089162778194,0.22304320393686072,0.4886839574607923,0.5854150219957249,109080.0,109080.0,1.0,9.99,6.0,1524.848336337051,0.01
368,4.345016956329346,0.8141983695652174,0.8063011346904064,0.17373089162778194,0.22304320393686075,0.4886839574607923,0.564527857387935,109080.0,109080.0,1.0,9.99,6.0,1524.8483363370513,0.01
369,4.224077224731445,0.8138586956521738,0.8092987828128256,0.173730891627782,0.22304320393686075,0.4886839574607923,0.5880746119883686,109080.0,109080.0,1.0,9.99,6.0,1524.848336337051,0.01
370,4.289891242980957,0.8155570652173914,0.8093939760933306,0.17373089162778196,0.22304320393686075,0.4886839574607923,0.5831581944026157,109079.99999999999,109079.99999999999,1.0,9.99,6.0,1524.8483363370513,0.01
371,4.707359313964844,0.8063858695652174,0.7981907445953585,0.17373089162778196,0.22304320393686075,0.4886839574607923,0.5834745379150627,109079.99999999999,109079.99999999999,1.0,9.99,6.0,1524.8483363370513,0.01
372,4.273149490356445,0.818274456521739,0.8119826169669958,0.173730891627782,0.22304320393686072,0.4886839574607923,0.5888253705610517,109079.99999999999,109079.99999999999,1.0,9.99,6.0,1524.8483363370513,0.01
373,4.758902549743652,0.8172554347826086,0.8084573362477075,0.173730891627782,0.22304320393686075,0.4886839574607923,0.5895966328721052,109079.99999999999,109079.99999999999,1.0,9.99,6.0,1524.848336337051,0.01
374,4.501798152923584,0.8230298913043478,0.8156076151640954,0.173730891627782,0.22304320393686075,0.4886839574607923,0.575612522572506,109080.0,109080.0,1.0,9.99,6.0,1524.8483363370513,0.01
375,4.367477893829346,0.8247282608695651,0.8190051278317959,0.173730891627782,0.22304320393686075,0.4886839574607923,0.5939667911731898,109079.99999999999,109079.99999999999,1.0,9.99,6.0,1524.848336337051,0.01
376,4.60222864151001,0.8216711956521738,0.8159686609096232,0.173730891627782,0.22304320393686072,0.4886839574607923,0.5825823275321717,109080.0,109080.0,1.0,9.99,6.0,1524.848336337051,0.01
377,4.796099662780762,0.8091032608695651,0.802038859105283,0.17373089162778196,0.22304320393686072,0.4886839574607923,0.5870744898607214,109080.0,109080.0,1.0,9.99,6.0,1524.8483363370513,0.01
378,5.179754734039307,0.8101222826086957,0.8027912277500228,0.17373089162778196,0.22304320393686075,0.4886839574607923,0.5810934868808411,109080.0,109080.0,1.0,9.99,6.0,1524.8483363370513,0.01
379,4.84560489654541,0.8162364130434783,0.8086764852138284,0.17373089162778196,0.22304320393686075,0.4886839574607923,0.5813116317085912,109079.99999999999,109079.99999999999,1.0,9.99,6.0,1524.85192804679,0.01
380,4.339028835296631,0.8165760869565217,0.8119480569700444,0.17373089162778196,0.22304320393686075,0.4886839574607923,0.5848282178675389,109080.0,109080.0,1.0,9.99,6.0,1524.85192804679,0.01
381,4.438755512237549,0.8186141304347826,0.8129589606809002,0.173730891627782,0.22304320393686072,0.4886839574607923,0.5891878213145658,109080.0,109080.0,1.0,9.99,6.0,1524.85192804679,0.01
382,4.638242244720459,0.8206521739130435,0.8132668490686704,0.173730891627782,0.22304320393686072,0.4886839574607923,0.5892059828628005,109079.99999999999,109079.99999999999,1.0,9.99,6.0,1524.85192804679,0.01
383,5.149260997772217,0.8040081521739131,0.7911881764467449,0.17373089162778196,0.22304320393686075,0.4886839574607923,0.5862813504074292,109080.0,109080.0,1.0,9.99,6.0,1524.85192804679,0.01
384,4.036304473876953,0.8294836956521738,0.8245887552674747,0.17373089162778196,0.22304320393686072,0.4886839574607923,0.5775835570819489,109079.99999999999,109079.99999999999,1.0,9.99,6.0,1524.85192804679,0.01
385,4.462845325469971,0.8220108695652174,0.8142897192189558,0.173730891627782,0.22304320393686072,0.4886839574607923,0.5749163641244724,109080.0,109080.0,1.0,9.99,6.0,1524.8519280467901,0.01
386,4.405541896820068,0.8206521739130435,0.8148436494980213,0.173730891627782,0.22304320393686075,0.4886839574607923,0.6009003571898426,109079.99999999999,109079.99999999999,1.0,9.99,6.0,1524.85192804679,0.01
387,4.228212833404541,0.8226902173913043,0.8178657151015651,0.173730891627782,0.22304320393686075,0.4886839574607923,0.6012281292929873,109080.0,109080.0,1.0,9.99,6.0,1524.85192804679,0.01
388,5.090860366821289,0.8084239130434783,0.8006146841909446,0.173730891627782,0.22304320393686072,0.4886839574607923,0.6012519188427952,109080.0,109080.0,1.0,9.99,6.0,1524.8519280467901,0.01
389,5.043341159820557,0.802649456521739,0.7964328963470507,0.17373089162778196,0.22304320393686075,0.4886839574607923,0.5934532157614649,109080.0,109080.0,1.0,9.99,6.0,1524.85192804679,0.01
390,5.671344757080078,0.7999320652173914,0.7904398955425987,0.173730891627782,0.22304320393686072,0.4886839574607923,0.5665404848811156,109079.99999999999,109079.99999999999,1.0,9.99,6.0,1524.85192804679,0.01
391,4.905603885650635,0.8111413043478262,0.8060001896722621,0.173730891627782,0.22304320393686072,0.4886839574607923,0.5683537701852174,109080.0,109080.0,1.0,9.99,6.0,1524.85192804679,0.01
392,5.250166416168213,0.798913043478261,0.7925853488632055,0.173730891627782,0.22304320393686072,0.4886839574607923,0.5957217619909426,109080.0,109080.0,1.0,9.99,6.0,1524.85192804679,0.01
393,5.257874488830566,0.8070652173913043,0.8015416394174024,0.173730891627782,0.22304320393686072,0.4886839574607923,0.5956589271181685,109079.99999999999,109079.99999999999,1.0,9.99,6.0,1524.85192804679,0.01
394,5.185944557189941,0.8077445652173914,0.8015013631102428,0.173730891627782,0.22304320393686072,0.4886839574607923,0.5956530582658354,109079.99999999999,109079.99999999999,1.0,9.99,6.0,1524.8519280467904,0.01
395,5.467476844787598,0.802649456521739,0.7968140665788487,0.17373089162778196,0.22304320393686075,0.4886839574607923,0.5744121614620658,109079.99999999999,109079.99999999999,1.0,9.99,6.0,1524.8519280467901,0.01
396,6.438744068145752,0.7873641304347826,0.7802745857974672,0.17373089162778196,0.22304320393686072,0.4886839574607923,0.5910745331525025,109080.0,109080.0,1.0,9.99,6.0,1524.8519280467901,0.01
397,6.2407145500183105,0.7921195652173914,0.7837434441915662,0.17373089162778196,0.22304320393686075,0.4886839574607923,0.5947667995915709,109080.0,109080.0,1.0,9.99,6.0,1524.85192804679,0.01
398,5.97762393951416,0.8012907608695651,0.7957273556727432,0.17373089162778196,0.22304320393686075,0.4886839574607923,0.5740384360586858,109080.0,109080.0,1.0,9.99,6.0,1524.85192804679,0.01
399,6.6505584716796875,0.7877038043478262,0.7790010213282915,0.17373089162778194,0.22304320393686072,0.4886839574607923,0.5890314209318525,109080.0,109080.0,1.0,9.99,6.0,1524.85192804679,0.01
400,7.15983247756958,0.7747961956521738,0.7632512894105877,0.17373089162778196,0.22304320393686075,0.4886839574607923,0.5680913523374626,109079.99999999999,109079.99999999999,1.0,9.99,6.0,1524.8519280467901,0.01
401,6.4943718910217285,0.7809103260869565,0.7715462211686089,0.17373089162778196,0.22304320393686075,0.4886839574607923,0.593367857143072,109080.0,109080.0,1.0,9.99,6.0,1524.85192804679,0.01
402,6.296164512634277,0.7880434782608695,0.779789482091435,0.173730891627782,0.22304320393686072,0.4886839574607923,0.5864158119029397,109079.99999999999,109079.99999999999,1.0,9.99,6.0,1524.85192804679,0.01
403,6.362481117248535,0.7900815217391305,0.7816042839956953,0.17373089162778196,0.22304320393686072,0.4886839574607923,0.5828759841158808,109079.99999999999,109079.99999999999,1.0,9.99,6.0,1524.85192804679,0.01
404,6.283865928649902,0.7921195652173914,0.7842820350141952,0.17373089162778196,0.22304320393686072,0.4886839574607923,0.5990935466753904,109079.99999999999,109079.99999999999,1.0,9.99,6.0,1524.85192804679,0.01
405,6.191195011138916,0.7961956521739131,0.7876335674930737,0.17373089162778196,0.22304320393686072,0.4886839574607923,0.592674633688714,109080.0,109080.0,1.0,9.99,6.0,1524.8519280467904,0.01
406,5.9676971435546875,0.7965353260869565,0.7890542257376424,0.17373089162778196,0.22304320393686072,0.4886839574607923,0.5867272957883799,109079.99999999999,109079.99999999999,1.0,9.99,6.0,1524.8519280467901,0.01
407,6.029127597808838,0.7965353260869565,0.7895386643454799,0.173730891627782,0.22304320393686072,0.4886839574607923,0.5624743383519668,109080.0,109080.0,1.0,9.99,6.0,1524.8519280467901,0.01
408,6.698124885559082,0.7866847826086957,0.7745630617769782,0.17373089162778194,0.22304320393686075,0.4886839574607923,0.5947611956523733,109079.99999999999,109079.99999999999,1.0,9.99,6.0,1524.85192804679,0.01
409,6.03334379196167,0.8016304347826086,0.7941455811852262,0.173730891627782,0.22304320393686075,0.4886839574607923,0.5767368932089427,109080.0,109080.0,1.0,9.99,6.0,1524.641728016186,0.01
410,6.3924689292907715,0.7975543478260869,0.7868831937244206,0.17373089162778196,0.22304320393686075,0.4886839574607923,0.5975223863345366,109079.99999999999,109079.99999999999,1.0,9.99,6.0,1522.0277348000543,0.01
411,6.498515605926514,0.7890625,0.7783710649825013,0.17373089162778196,0.22304320393686075,0.4886839574607923,0.58532843003465,109079.99999999999,109079.99999999999,1.0,9.99,6.0,1522.420846368335,0.01
412,6.593966484069824,0.775475543478261,0.7646748056612679,0.17373089162778196,0.22304320393686075,0.4886839574607923,0.5754021543348705,109079.99999999999,109079.99999999999,1.0,9.99,6.0,1522.5282788696954,0.01
413,6.09302282333374,0.7904211956521738,0.7815113115737158,0.17373089162778196,0.22304320393686075,0.4886839574607923,0.5624348743047497,109080.0,109080.0,1.0,9.99,6.0,1522.583004624592,0.01
414,5.2103729248046875,0.8053668478260869,0.7996164496859456,0.17373089162778196,0.22304320393686075,0.4886839574607923,0.5774923506901235,109080.0,109080.0,1.0,9.99,6.0,1522.6693969328073,0.01
415,5.40272331237793,0.8131793478260869,0.8055157251597963,0.173730891627782,0.22304320393686072,0.4886839574607923,0.6130826766070656,109079.99999999999,109079.99999999999,1.0,9.99,6.0,1522.729138329706,0.01
416,4.86765718460083,0.8165760869565217,0.8110467400182748,0.173730891627782,0.22304320393686072,0.4886839574607923,0.5853513646242539,109080.0,109080.0,1.0,9.99,6.0,1522.7684346096298,0.01
417,5.114847183227539,0.8040081521739131,0.7958332049489019,0.17373089162778194,0.22304320393686075,0.4886839574607923,0.5800741277918852,109079.99999999997,109079.99999999997,1.0,9.99,6.0,1522.8681098680631,0.01
418,4.934986591339111,0.8043478260869565,0.7978381679619285,0.173730891627782,0.22304320393686075,0.4886839574607923,0.59410706749419,109079.99999999999,109079.99999999999,1.0,9.99,6.0,1522.9559686139826,0.01
419,4.811637878417969,0.8070652173913043,0.80200135564494,0.173730891627782,0.22304320393686075,0.4886839574607923,0.604785438233802,109079.99999999997,109079.99999999997,1.0,9.99,6.0,1523.075876462187,0.01
420,4.6462721824646,0.8206521739130435,0.8160658383003906,0.173730891627782,0.22304320393686075,0.4886839574607923,0.5981321469095248,109080.0,109080.0,1.0,9.99,6.0,1523.0897969940154,0.01
421,4.993105411529541,0.8070652173913043,0.8012797101950508,0.17373089162778194,0.22304320393686075,0.4886839574607923,0.5932245978009324,109080.0,109080.0,1.0,9.99,6.0,1523.1693034208379,0.01
422,5.234751224517822,0.7995923913043478,0.7906727654680891,0.17373089162778194,0.22304320393686075,0.4886839574607923,0.5826560405769078,109079.99999999999,109079.99999999999,1.0,9.99,6.0,1523.2153368131123,0.01
423,5.445815086364746,0.8006114130434783,0.7938778965654097,0.173730891627782,0.22304320393686072,0.4886839574607923,0.5715269928593371,109079.99999999999,109079.99999999999,1.0,9.99,6.0,1523.2566733541892,0.01
424,5.6491618156433105,0.7961956521739131,0.7883568974135011,0.173730891627782,0.22304320393686072,0.4886839574607923,0.6017268007221886,109079.99999999999,109079.99999999999,1.0,9.99,6.0,1523.2664071001086,0.01
425,4.978321552276611,0.8006114130434783,0.7953544741082497,0.17373089162778196,0.22304320393686072,0.4886839574607923,0.5930322343817991,109080.0,109080.0,1.0,9.99,6.0,1523.2664071001088,0.01
426,5.653057098388672,0.7999320652173914,0.7949922899552839,0.17373089162778196,0.22304320393686075,0.4886839574607923,0.5864961455060296,109079.99999999999,109079.99999999999,1.0,9.99,6.0,1523.277330998368,0.01
427,5.286545276641846,0.7975543478260869,0.7913348261812023,0.17373089162778196,0.22304320393686075,0.4886839574607923,0.5857555376562382,109079.99999999999,109079.99999999999,1.0,9.99,6.0,1523.3000830981366,0.01
428,5.2363433837890625,0.8094429347826086,0.8055309425225711,0.173730891627782,0.22304320393686075,0.4886839574607923,0.5832128195300845,109080.0,109080.0,1.0,9.99,6.0,1523.300423141662,0.01
429,5.406824588775635,0.8097826086956522,0.8056046988534806,0.173730891627782,0.22304320393686075,0.4886839574607923,0.5833825610732097,109079.99999999999,109079.99999999999,1.0,9.99,6.0,1523.300465647103,0.01
430,5.813199520111084,0.7917798913043478,0.7865052341395004,0.173730891627782,0.22304320393686072,0.4886839574607923,0.5911345306431248,109080.0,109080.0,1.0,9.99,6.0,1523.3046524330116,0.01
431,6.311050891876221,0.7856657608695651,0.7801691156762182,0.173730891627782,0.22304320393686072,0.4886839574607923,0.5922156917711596,109079.99999999999,109079.99999999999,1.0,9.99,6.0,1523.3185729648396,0.01
432,6.376973628997803,0.794836956521739,0.7920670488705469,0.173730891627782,0.22304320393686072,0.4886839574607923,0.5995498763983085,109079.99999999999,109079.99999999999,1.0,9.99,6.0,1523.3185729648396,0.01
433,6.696492671966553,0.7856657608695651,0.7810085530041827,0.173730891627782,0.22304320393686075,0.4886839574607923,0.5858575134204704,109080.0,109080.0,1.0,9.99,6.0,1523.3185729648396,0.01
434,7.23637056350708,0.7856657608695651,0.780722818847825,0.173730891627782,0.22304320393686072,0.4886839574607923,0.5729000967916129,109080.0,109080.0,1.0,9.99,6.0,1523.3623748214773,0.01
435,6.6793317794799805,0.7927989130434783,0.7896006886797284,0.173730891627782,0.22304320393686075,0.4886839574607923,0.5707529412584543,109080.0,109080.0,1.0,9.99,6.0,1523.3992057858406,0.01
436,6.9091057777404785,0.7849864130434783,0.7802798350212695,0.17373089162778196,0.22304320393686075,0.4886839574607923,0.5864875421041502,109080.0,109080.0,1.0,9.99,6.0,1523.4101296840995,0.01
437,6.175615310668945,0.7900815217391305,0.7859198933641011,0.173730891627782,0.22304320393686072,0.4886839574607923,0.5749406158210664,109080.0,109080.0,1.0,9.99,6.0,1523.4101296840995,0.01
438,6.19856595993042,0.7955163043478262,0.7924415181941625,0.17373089162778196,0.22304320393686075,0.4886839574607923,0.5932008192445818,109079.99999999997,109079.99999999997,1.0,9.99,6.0,1523.4101296840997,0.01
439,6.028552055358887,0.7958559782608695,0.7929359145102737,0.17373089162778194,0.22304320393686072,0.4886839574607923,0.5701224612268712,109080.0,109080.0,1.0,9.99,6.0,1523.4101296840993,0.01
440,6.4816131591796875,0.796875,0.7940089949588637,0.173730891627782,0.22304320393686072,0.4886839574607923,0.5946463445065718,109079.99999999999,109079.99999999999,1.0,9.99,6.0,1523.4101296840993,0.01
441,6.278301239013672,0.8077445652173914,0.8058949956396029,0.173730891627782,0.22304320393686075,0.4886839574607923,0.6011178248660219,109079.99999999999,109079.99999999999,1.0,9.99,6.0,1523.4101296840993,0.01
442,5.9647746086120605,0.8057065217391305,0.8030350839824462,0.173730891627782,0.22304320393686072,0.4886839574607923,0.5709400200026598,109079.99999999999,109079.99999999999,1.0,9.99,6.0,1523.4101296840995,0.01
443,5.716046333312988,0.8036684782608695,0.8015196869347934,0.173730891627782,0.22304320393686075,0.4886839574607923,0.5998408418550066,109079.99999999999,109079.99999999999,1.0,9.99,6.0,1523.4316161843717,0.01
444,6.09732723236084,0.8040081521739131,0.8021409470233513,0.17373089162778196,0.22304320393686075,0.4886839574607923,0.5735949399162558,109079.99999999999,109079.99999999999,1.0,9.99,6.0,1523.4642178573858,0.01
445,6.185617446899414,0.7904211956521738,0.7855736519390869,0.17373089162778194,0.22304320393686075,0.4886839574607923,0.5997273121616916,109079.99999999999,109079.99999999999,1.0,9.99,6.0,1523.464217857386,0.01
446,5.367197513580322,0.8165760869565217,0.811928726900967,0.173730891627782,0.22304320393686072,0.4886839574607923,0.5880075697346273,109080.0,109080.0,1.0,9.99,6.0,1523.4642603628265,0.01
447,6.511773586273193,0.7815896739130435,0.7738763753872635,0.173730891627782,0.22304320393686072,0.4886839574607923,0.6077698525588582,109079.99999999999,109079.99999999999,1.0,9.99,6.0,1523.464557900911,0.01
448,6.832324028015137,0.7883831521739131,0.7823170259019867,0.17373089162778196,0.22304320393686075,0.4886839574607923,0.5780005582463366,109079.99999999999,109079.99999999999,1.0,9.99,6.0,1523.4645579009114,0.01
449,6.904187202453613,0.7894021739130435,0.7829165328604069,0.173730891627782,0.22304320393686075,0.4886839574607923,0.5707880725214608,109079.99999999999,109079.99999999999,1.0,9.99,6.0,1523.4645579009111,0.01
450,6.638579368591309,0.7944972826086957,0.7899230747082205,0.17373089162778196,0.22304320393686072,0.4886839574607923,0.5893733266972094,109079.99999999999,109079.99999999999,1.0,9.99,6.0,1523.5270834041758,0.01
451,7.338401794433594,0.7866847826086957,0.7829026784677946,0.17373089162778194,0.22304320393686075,0.4886839574607923,0.5911278609547185,109079.99999999999,109079.99999999999,1.0,9.99,6.0,1523.548272366363,0.01
452,7.40400505065918,0.7669836956521738,0.7632262587933433,0.17373089162778196,0.22304320393686072,0.4886839574607923,0.5759931249509568,109080.0,109080.0,1.0,9.99,6.0,1523.5518640761018,0.01
453,7.219878196716309,0.7697010869565217,0.7650283708530027,0.17373089162778196,0.22304320393686075,0.4886839574607923,0.5897213967113681,109079.99999999999,109079.99999999999,1.0,9.99,6.0,1523.5518640761018,0.01
454,7.464361667633057,0.7805706521739131,0.7758235023769314,0.173730891627782,0.22304320393686072,0.4886839574607923,0.5655044158991585,109079.99999999999,109079.99999999999,1.0,9.99,6.0,1523.551864076102,0.01
455,6.519546031951904,0.8006114130434783,0.7967393269097353,0.17373089162778196,0.22304320393686072,0.4886839574607923,0.5896054510517661,109080.0,109080.0,1.0,9.99,6.0,1523.551864076102,0.01
456,6.378667831420898,0.8189538043478262,0.815813191784262,0.173730891627782,0.22304320393686075,0.4886839574607923,0.6063655481893687,109080.0,109080.0,1.0,9.99,6.0,1523.5942420004762,0.01
457,6.736920356750488,0.8125,0.8091073257386826,0.17373089162778196,0.22304320393686072,0.4886839574607923,0.5816388447020078,109080.0,109080.0,1.0,9.99,6.0,1523.5942845059167,0.01
458,6.677289962768555,0.8094429347826086,0.8060698963365898,0.17373089162778196,0.22304320393686075,0.4886839574607923,0.5755445714938627,109079.99999999999,109079.99999999999,1.0,9.99,6.0,1523.6494990733815,0.01
459,6.390864372253418,0.8060461956521738,0.8034433662505284,0.17373089162778196,0.22304320393686072,0.4886839574607923,0.6105151611975149,109079.99999999999,109079.99999999999,1.0,9.99,6.0,1523.6497966114662,0.01
460,7.052682399749756,0.7972146739130435,0.7938084098609028,0.173730891627782,0.22304320393686075,0.4886839574607923,0.5821763182360926,109080.0,109080.0,1.0,9.99,6.0,1523.6497966114662,0.01
461,7.340607643127441,0.7887228260869565,0.7836417962802745,0.173730891627782,0.22304320393686075,0.4886839574607923,0.5889644859859293,109080.0,109080.0,1.0,9.99,6.0,1523.6501366549917,0.01
462,6.353860855102539,0.8057065217391305,0.8032151785124749,0.17373089162778196,0.22304320393686072,0.4886839574607923,0.5849958803824943,109080.0,109080.0,1.0,9.99,6.0,1523.6501366549917,0.01
463,7.3195109367370605,0.783288043478261,0.7722604698669959,0.17373089162778196,0.22304320393686072,0.4886839574607923,0.5824161206612259,109079.99999999999,109079.99999999999,1.0,9.99,6.0,1523.6501366549917,0.01
464,7.487096309661865,0.7781929347826086,0.7687060816697483,0.17373089162778196,0.22304320393686072,0.4886839574607923,0.5690177044100548,109079.99999999999,109079.99999999999,1.0,9.99,6.0,1523.6501366549917,0.01
465,6.451087474822998,0.787024456521739,0.7838756153377031,0.17373089162778196,0.22304320393686072,0.4886839574607923,0.5985317577215741,109080.0,109080.0,1.0,9.99,6.0,1523.650136654992,0.01
466,6.367916107177734,0.7853260869565217,0.782045681857791,0.173730891627782,0.22304320393686075,0.4886839574607923,0.5833533425715076,109079.99999999999,109079.99999999999,1.0,9.99,6.0,1523.6501366549917,0.01
467,6.316954135894775,0.7961956521739131,0.793137165469071,0.173730891627782,0.22304320393686075,0.4886839574607923,0.5768122228107722,109080.0,109080.0,1.0,9.99,6.0,1523.6501366549917,0.01
468,6.684192657470703,0.7853260869565217,0.7826958896920843,0.17373089162778196,0.22304320393686072,0.4886839574607923,0.5912097913331642,109080.0,109080.0,1.0,9.99,6.0,1523.6501366549917,0.01
469,5.6397504806518555,0.8121603260869565,0.8106262087046362,0.173730891627782,0.22304320393686072,0.4886839574607923,0.5764258108927713,109080.0,109080.0,1.0,9.99,6.0,1523.6501366549917,0.01
470,6.112001419067383,0.8057065217391305,0.8037260505629504,0.17373089162778196,0.22304320393686075,0.4886839574607923,0.5921663285209773,109079.99999999999,109079.99999999999,1.0,9.99,6.0,1523.6501366549917,0.01
471,6.193767547607422,0.8033288043478262,0.8014744271916546,0.173730891627782,0.22304320393686075,0.4886839574607923,0.5814911762700377,109080.0,109080.0,1.0,9.99,6.0,1523.650136654992,0.01
472,6.150507926940918,0.8060461956521738,0.8038823303757648,0.17373089162778196,0.22304320393686072,0.4886839574607923,0.574605257129773,109080.0,109080.0,1.0,9.99,6.0,1523.6501366549917,0.01
473,6.103064060211182,0.7938179347826086,0.7908506755610651,0.17373089162778194,0.22304320393686075,0.4886839574607923,0.5887715430916068,109080.0,109080.0,1.0,9.99,6.0,1523.650136654992,0.01
474,5.914307117462158,0.8053668478260869,0.803655469665461,0.17373089162778194,0.22304320393686072,0.4886839574607923,0.6024304385478402,109079.99999999999,109079.99999999999,1.0,9.99,6.0,1523.6501366549917,0.01
475,6.002337455749512,0.7904211956521738,0.7870750570341742,0.17373089162778194,0.22304320393686072,0.4886839574607923,0.5963185750945219,109079.99999999999,109079.99999999999,1.0,9.99,6.0,1523.650136654992,0.01
476,5.931697368621826,0.7938179347826086,0.7913446126469225,0.17373089162778194,0.22304320393686072,0.4886839574607923,0.5804644342799701,109079.99999999999,109079.99999999999,1.0,9.99,6.0,1523.6501791604326,0.01
477,6.12729024887085,0.7938179347826086,0.7908076384443463,0.173730891627782,0.22304320393686075,0.4886839574607923,0.5945800644334435,109079.99999999999,109079.99999999999,1.0,9.99,6.0,1523.6501791604326,0.01
478,6.231173992156982,0.8029891304347826,0.8000196189811294,0.173730891627782,0.22304320393686072,0.4886839574607923,0.59414698395947,109079.99999999999,109079.99999999999,1.0,9.99,6.0,1523.6501791604326,0.01
479,6.600306987762451,0.8074048913043478,0.8046445228250453,0.173730891627782,0.22304320393686075,0.4886839574607923,0.6121585879868081,109079.99999999999,109079.99999999999,1.0,9.99,6.0,1523.6501791604326,0.01
480,6.3112382888793945,0.8131793478260869,0.8087907999089098,0.173730891627782,0.22304320393686072,0.4886839574607923,0.5985832516594474,109080.0,109080.0,1.0,9.99,6.0,1523.6713681226197,0.01
481,6.587081432342529,0.8138586956521738,0.8101050370827769,0.17373089162778196,0.22304320393686075,0.4886839574607923,0.6121132456503963,109080.0,109080.0,1.0,9.99,6.0,1523.6713681226197,0.01
482,6.189452171325684,0.8186141304347826,0.8134864324792516,0.173730891627782,0.22304320393686075,0.4886839574607923,0.5836294417606993,109080.0,109080.0,1.0,9.99,6.0,1523.6713681226197,0.01
483,6.704892635345459,0.8074048913043478,0.8012849825179869,0.173730891627782,0.22304320393686072,0.4886839574607923,0.5797692655673873,109080.0,109080.0,1.0,9.99,6.0,1523.6852886544477,0.01
484,6.793703556060791,0.8063858695652174,0.799550276057648,0.173730891627782,0.22304320393686072,0.4886839574607923,0.589709790506612,109079.99999999999,109079.99999999999,1.0,9.99,6.0,1523.6950224003672,0.01
485,7.372318267822266,0.7965353260869565,0.7893132220176813,0.17373089162778196,0.22304320393686072,0.4886839574607923,0.5971052761435898,109080.0,109080.0,1.0,9.99,6.0,1523.7699594923151,0.01
486,6.744450092315674,0.806725543478261,0.8017737670648061,0.17373089162778196,0.22304320393686075,0.4886839574607923,0.5751106249365115,109079.99999999999,109079.99999999999,1.0,9.99,6.0,1523.7771429117927,0.01
487,7.048340320587158,0.7944972826086957,0.7898757170044468,0.17373089162778196,0.22304320393686075,0.4886839574607923,0.5969184359801087,109079.99999999999,109079.99999999999,1.0,9.99,6.0,1523.7771429117927,0.01
488,6.7890214920043945,0.7982336956521738,0.792524194075782,0.173730891627782,0.22304320393686072,0.4886839574607923,0.582899935843506,109079.99999999999,109079.99999999999,1.0,9.99,6.0,1523.7868766577121,0.01
489,6.6404242515563965,0.8118206521739131,0.8074700214450724,0.173730891627782,0.22304320393686072,0.4886839574607923,0.58177406419478,109080.0,109080.0,1.0,9.99,6.0,1523.7868766577121,0.01
490,6.532528877258301,0.8186141304347826,0.8135902180107056,0.173730891627782,0.22304320393686072,0.4886839574607923,0.5658761986710691,109079.99999999999,109079.99999999999,1.0,9.99,6.0,1523.7868766577121,0.01
491,6.880425930023193,0.8087635869565217,0.8038075538569286,0.17373089162778196,0.22304320393686075,0.4886839574607923,0.58624715485303,109079.99999999999,109079.99999999999,1.0,9.99,6.0,1523.790468367451,0.01
492,7.11429500579834,0.8094429347826086,0.804932029715546,0.173730891627782,0.22304320393686075,0.4886839574607923,0.586164718840405,109079.99999999999,109079.99999999999,1.0,9.99,6.0,1523.7904683674508,0.01
493,7.107101917266846,0.8097826086956522,0.8057747548755169,0.17373089162778196,0.22304320393686072,0.4886839574607923,0.5767194500944949,109079.99999999999,109079.99999999999,1.0,9.99,6.0,1523.790468367451,0.01
494,7.072722434997559,0.8121603260869565,0.8073897888388055,0.173730891627782,0.22304320393686072,0.4886839574607923,0.5968330144168763,109079.99999999999,109079.99999999999,1.0,9.99,6.0,1523.7904683674508,0.01
495,7.073666095733643,0.8172554347826086,0.8129667609469907,0.173730891627782,0.22304320393686072,0.4886839574607923,0.5770571974792211,109080.0,109080.0,1.0,9.99,6.0,1523.801689803795,0.01
496,7.075919151306152,0.8158967391304349,0.811118158793613,0.17373089162778196,0.22304320393686075,0.4886839574607923,0.5639100512236325,109080.0,109080.0,1.0,9.99,6.0,1523.8243026982452,0.01
497,7.185044288635254,0.8033288043478262,0.7993957607135889,0.173730891627782,0.22304320393686075,0.4886839574607923,0.5718662375918669,109079.99999999997,109079.99999999997,1.0,9.99,6.0,1523.824302698245,0.01
498,7.160231590270996,0.8009510869565217,0.7965944622565783,0.173730891627782,0.22304320393686072,0.4886839574607923,0.5933286262609235,109080.0,109080.0,1.0,9.99,6.0,1523.8382232300733,0.01
499,7.146351337432861,0.8050271739130435,0.8002815121265576,0.17373089162778196,0.22304320393686075,0.4886839574607923,0.5847833879105543,109080.0,109080.0,1.0,9.99,6.0,1523.8382232300733,0.01
500,7.299739360809326,0.8101222826086957,0.8064836345691848,0.17373089162778196,0.22304320393686075,0.4886839574607923,0.5530634968337866,109079.99999999999,109079.99999999999,1.0,9.99,6.0,1523.8382232300735,0.01
