round,loss,accuracy,f1,dp_epsilon,dp_epsilon_mean,dp_epsilon_max,fit_wall_s,comm_bytes_down,comm_bytes_up,dp_clip_norm,dp_noise_multiplier,dp_target_epsilon,memory_usage_mb,prox_mu
1,1.7392797470092773,0.3882472826086957,0.2749192901983075,0.11167413376716201,0.11932512796551001,0.16458500294451484,1.766216317736934,109080.0,109080.0,1.0,8.6,10.0,871.9978651642409,0.01
2,1.6293975114822388,0.4031929347826087,0.2819702378265055,0.11167413376716201,0.11932512796551001,0.16458500294451484,0.5293183160360024,109079.99999999999,109079.99999999999,1.0,8.6,10.0,1531.4913001989253,0.01
3,1.563737154006958,0.43002717391304346,0.3019358916820445,0.11167413376716201,0.11932512796551001,0.16458500294451484,0.5282215786382345,109079.99999999999,109079.99999999999,1.0,8.6,10.0,1532.8061805036045,0.01
4,1.3944730758666992,0.5180027173913043,0.45251791730050384,0.11167413376716201,0.11932512796551001,0.16458500294451484,0.5221550717901223,109079.99999999999,109079.99999999999,1.0,8.6,10.0,1533.8497528308624,0.01
5,1.3110758066177368,0.6083559782608695,0.5354598450097322,0.11167413376716201,0.11932512796551001,0.16458500294451484,0.5194203073363568,109079.99999999999,109079.99999999999,1.0,8.6,10.0,1534.138001882991,0.01
6,1.3263742923736572,0.5506114130434783,0.4440665899803851,0.11167413376716201,0.11932512796551001,0.16458500294451484,0.5168506149303926,109079.99999999999,109079.99999999999,1.0,8.6,10.0,1534.2633291748843,0.01
7,1.197327733039856,0.5213994565217391,0.4648981143667543,0.111674133767162,0.11932512796551001,0.16458500294451484,0.5195793681357449,109079.99999999999,109079.99999999999,1.0,8.6,10.0,1534.591935017682,0.01
8,1.1779184341430664,0.5387228260869565,0.4734996038037964,0.11167413376716201,0.11932512796551001,0.16458500294451484,0.5186133946376215,109079.99999999999,109079.99999999999,1.0,8.6,10.0,1534.7568348748641,0.01
9,1.0770113468170166,0.5706521739130435,0.5105617282960137,0.11167413376716201,0.11932512796551001,0.16458500294451484,0.5243752720047263,109080.0,109080.0,1.0,8.6,10.0,1534.8329621191513,0.01
10,1.1606132984161377,0.5509510869565217,0.46827785594614446,0.11167413376716201,0.11932512796551001,0.16458500294451484,0.5180273236984526,109079.99999999999,109079.99999999999,1.0,8.6,10.0,1535.0064895181583,0.01
11,1.026756763458252,0.5567255434782609,0.5183754809473694,0.11167413376716201,0.11932512796551001,0.16458500294451484,0.51995395021807,109080.0,109080.0,1.0,8.6,10.0,1535.097897468376,0.01
12,1.01334547996521,0.608016304347826,0.5532904119999814,0.11167413376716201,0.11932512796551001,0.16458500294451484,0.5182446992111933,109079.99999999999,109079.99999999999,1.0,8.6,10.0,1535.239036784208,0.01
13,0.9469057321548462,0.5842391304347826,0.532348357466183,0.11167413376716201,0.11932512796551001,0.16458500294451484,0.5179124479065522,109079.99999999999,109079.99999999999,1.0,8.6,10.0,1535.2602257463957,0.01
14,0.8885345458984375,0.6351902173913042,0.5839947464264498,0.11167413376716201,0.11932512796551001,0.16458500294451484,0.5216197304030368,109080.0,109080.0,1.0,8.6,10.0,1535.3472981416621,0.01
15,0.8781283497810364,0.623641304347826,0.5813654041000272,0.11167413376716201,0.11932512796551001,0.16458500294451484,0.5224848263152146,109079.99999999999,109079.99999999999,1.0,8.6,10.0,1535.448686900673,0.01
16,0.8628950119018555,0.6171875,0.5601251708724254,0.11167413376716202,0.11932512796551001,0.16458500294451484,0.5275706576834047,109079.99999999999,109079.99999999999,1.0,8.6,10.0,1535.5112124039374,0.01
17,0.8204200267791748,0.641304347826087,0.6268812167648579,0.11167413376716202,0.11932512796551001,0.16458500294451484,0.5241091449190665,109080.0,109080.0,1.0,8.6,10.0,1535.660849620001,0.01
18,0.9589764475822449,0.5927309782608695,0.530481459082644,0.11167413376716201,0.11932512796551001,0.16458500294451484,0.5195671014479636,109080.0,109080.0,1.0,8.6,10.0,1535.8435560689268,0.01
19,0.8015488982200623,0.6684782608695651,0.6380094110512237,0.11167413376716201,0.11932512796551001,0.16458500294451484,0.5231221622429683,109079.99999999999,109079.99999999999,1.0,8.6,10.0,1535.8646600202326,0.01
20,0.8137196898460388,0.6463994565217391,0.6053630657380709,0.111674133767162,0.11932512796551001,0.16458500294451484,0.5248555330898089,109079.99999999999,109079.99999999999,1.0,8.6,10.0,1535.8646600202326,0.01
21,0.8801262378692627,0.6063179347826086,0.5657055966148788,0.11167413376716201,0.11932512796551001,0.16458500294451484,0.5221932021266619,109079.99999999999,109079.99999999999,1.0,8.6,10.0,1535.8647025256732,0.01
22,0.8641921877861023,0.6351902173913042,0.58167349508488,0.111674133767162,0.11932512796551001,0.16458500294451484,0.5167120978544275,109079.99999999999,109079.99999999999,1.0,8.6,10.0,1535.8982393183828,0.01
23,0.7840362787246704,0.6328125,0.6136933219813793,0.11167413376716201,0.11932512796551001,0.16458500294451484,0.5194957521586995,109079.99999999999,109079.99999999999,1.0,8.6,10.0,1535.8982393183826,0.01
24,0.7915862798690796,0.6525135869565217,0.6144083111342454,0.11167413376716201,0.11932512796551001,0.16458500294451484,0.5255212930068616,109079.99999999999,109079.99999999999,1.0,8.6,10.0,1535.9503084832356,0.01
25,0.7896697521209717,0.649116847826087,0.6085434920534718,0.11167413376716202,0.11932512796551001,0.16458500294451484,0.5262942856686419,109079.99999999999,109079.99999999999,1.0,8.6,10.0,1535.9962781173488,0.01
26,0.7785466909408569,0.7075407608695651,0.683399238867068,0.11167413376716201,0.11932512796551001,0.16458500294451484,0.5247579548706557,109079.99999999999,109079.99999999999,1.0,8.6,10.0,1536.0298149100583,0.01
27,0.7836276292800903,0.6514945652173914,0.605136603908658,0.11167413376716201,0.11932512796551001,0.16458500294451484,0.5309703959409507,109079.99999999999,109079.99999999999,1.0,8.6,10.0,1536.0534691878058,0.01
28,0.7886753678321838,0.6749320652173914,0.6416513651170762,0.11167413376716202,0.11932512796551001,0.16458500294451484,0.5205778904397028,109079.99999999999,109079.99999999999,1.0,8.6,10.0,1536.0534691878058,0.01
29,1.1005408763885498,0.6290760869565217,0.5488759209963027,0.11167413376716201,0.11932512796551001,0.16458500294451484,0.5258408801405162,109079.99999999999,109079.99999999999,1.0,8.6,10.0,1536.0632029337255,0.01
30,0.7633221745491028,0.7095788043478262,0.6937510201126925,0.11167413376716201,0.11932512796551001,0.16458500294451484,0.520410534995684,109080.0,109080.0,1.0,8.6,10.0,1536.1067285049987,0.01
31,0.9329757690429688,0.6287364130434783,0.5705252362157606,0.11167413376716201,0.11932512796551001,0.16458500294451484,0.5237292105471867,109080.0,109080.0,1.0,8.6,10.0,1536.1279174671859,0.01
32,0.7915952801704407,0.6766304347826086,0.6518115163973476,0.11167413376716201,0.11932512796551001,0.16458500294451484,0.5220144384249769,109080.0,109080.0,1.0,8.6,10.0,1536.1351008866636,0.01
33,0.9072055816650391,0.6630434782608695,0.6171017161101172,0.11167413376716201,0.11932512796551001,0.16458500294451484,0.5312982201251942,109079.99999999999,109079.99999999999,1.0,8.6,10.0,1536.157713781114,0.01
34,0.8459367156028748,0.6684782608695651,0.6394392178228739,0.11167413376716201,0.11932512796551001,0.16458500294451484,0.5185699530018816,109080.0,109080.0,1.0,8.6,10.0,1536.2513107615273,0.01
35,0.8969457745552063,0.6535326086956522,0.6063556489828716,0.111674133767162,0.11932512796551001,0.16458500294451484,0.5257997121074124,109080.0,109080.0,1.0,8.6,10.0,1536.2610445074467,0.01
36,0.9195217490196228,0.6525135869565217,0.6226657948415922,0.11167413376716201,0.11932512796551001,0.16458500294451484,0.5260346328537664,109079.99999999999,109079.99999999999,1.0,8.6,10.0,1536.2610445074467,0.01
37,0.7783920764923096,0.7058423913043478,0.6990425667698914,0.11167413376716202,0.11932512796551001,0.16458500294451484,0.5296441872763297,109079.99999999999,109079.99999999999,1.0,8.6,10.0,1536.2682279269245,0.01
38,0.958903968334198,0.6504755434782609,0.6159694660446184,0.11167413376716201,0.11932512796551001,0.16458500294451484,0.5247496692737377,109080.0,109080.0,1.0,8.6,10.0,1536.2682279269245,0.01
39,0.8865358829498291,0.688179347826087,0.6552808234332052,0.11167413376716201,0.11932512796551001,0.16458500294451484,0.5246302375855721,109079.99999999999,109079.99999999999,1.0,8.6,10.0,1536.2794493632684,0.01
40,0.7820431590080261,0.6644021739130435,0.6552804321389992,0.111674133767162,0.11932512796551001,0.16458500294451484,0.5293837845390328,109080.0,109080.0,1.0,8.6,10.0,1536.3145588572834,0.01
41,0.7722337245941162,0.693953804347826,0.6870391291062482,0.111674133767162,0.11932512796551001,0.16458500294451484,0.5218170527794416,109080.0,109080.0,1.0,8.6,10.0,1536.3284793891119,0.01
42,0.9320721626281738,0.665421195652174,0.6242693399476679,0.11167413376716201,0.11932512796551001,0.16458500294451484,0.5225358717589436,109080.0,109080.0,1.0,8.6,10.0,1536.3382131350313,0.01
43,0.7795596718788147,0.7058423913043478,0.6842145427747984,0.11167413376716201,0.11932512796551001,0.16458500294451484,0.5243442474304009,109079.99999999999,109079.99999999999,1.0,8.6,10.0,1536.3795496761084,0.01
44,0.7595551013946533,0.7078804347826086,0.694118410702158,0.11167413376716201,0.11932512796551001,0.16458500294451484,0.5199953938010469,109079.99999999999,109079.99999999999,1.0,8.6,10.0,1536.3934702079366,0.01
45,0.9242801070213318,0.6749320652173914,0.6517578313762046,0.111674133767162,0.11932512796551001,0.16458500294451484,0.5204020860535017,109080.0,109080.0,1.0,8.6,10.0,1536.3934702079366,0.01
46,0.7909896373748779,0.7078804347826086,0.6878029200661852,0.11167413376716201,0.11932512796551001,0.16458500294451484,0.5096807460076661,109080.0,109080.0,1.0,8.6,10.0,1536.3934702079366,0.01
47,0.6871166825294495,0.7394701086956522,0.7274990361093303,0.11167413376716201,0.11932512796551001,0.16458500294451484,0.5161751340405856,109080.0,109080.0,1.0,8.6,10.0,1536.3934702079364,0.01
48,0.9171678423881531,0.7014266304347826,0.6503021914432122,0.11167413376716201,0.11932512796551001,0.16458500294451484,0.5179491868410847,109080.0,109080.0,1.0,8.6,10.0,1536.3934702079366,0.01
49,0.7433285117149353,0.7330163043478262,0.7150284034671505,0.11167413376716201,0.11932512796551001,0.16458500294451484,0.5234768624793459,109080.0,109080.0,1.0,8.6,10.0,1536.3934702079366,0.01
50,0.8085049390792847,0.7177309782608695,0.7007004441995164,0.111674133767162,0.11932512796551001,0.16458500294451484,0.5208483907810623,109079.99999999999,109079.99999999999,1.0,8.6,10.0,1536.3934702079366,0.01
51,0.9892192482948303,0.6976902173913043,0.6840967664472533,0.11167413376716201,0.11932512796551001,0.16458500294451484,0.5226890208023287,109079.99999999999,109079.99999999999,1.0,8.6,10.0,1536.3934702079364,0.01
52,0.9974984526634216,0.6932744565217391,0.6663339002848474,0.111674133767162,0.11932512796551001,0.16458500294451484,0.5181372942680633,109079.99999999999,109079.99999999999,1.0,8.6,10.0,1536.3934702079364,0.01
53,1.0599440336227417,0.6739130434782609,0.636722257994185,0.111674133767162,0.11932512796551001,0.16458500294451484,0.5209508712714593,109080.0,109080.0,1.0,8.6,10.0,1536.3934702079366,0.01
54,1.0300124883651733,0.6908967391304349,0.6811097561256197,0.111674133767162,0.11932512796551001,0.16458500294451484,0.5223496688592681,109080.0,109080.0,1.0,8.6,10.0,1536.3934702079366,0.01
55,1.1478817462921143,0.6593070652173914,0.6395718148350285,0.11167413376716201,0.11932512796551001,0.16458500294451484,0.5249222979776489,109079.99999999999,109079.99999999999,1.0,8.6,10.0,1536.4073907397647,0.01
56,1.1314067840576172,0.678328804347826,0.6621788250894992,0.111674133767162,0.11932512796551001,0.16458500294451484,0.514313422946079,109080.0,109080.0,1.0,8.6,10.0,1536.4073907397647,0.01
57,1.2162928581237793,0.6847826086956522,0.654888544268615,0.11167413376716201,0.11932512796551001,0.16458500294451484,0.5186429743992491,109080.0,109080.0,1.0,8.6,10.0,1536.4073907397647,0.01
58,1.035499930381775,0.7272418478260869,0.7186832344482587,0.11167413376716201,0.11932512796551001,0.16458500294451484,0.5208964890702116,109080.0,109080.0,1.0,8.6,10.0,1536.4073907397644,0.01
59,1.1613482236862183,0.7119565217391305,0.7015551412688544,0.11167413376716201,0.11932512796551001,0.16458500294451484,0.5221314006388771,109079.99999999999,109079.99999999999,1.0,8.6,10.0,1536.4074332452053,0.01
60,1.1902546882629395,0.6708559782608695,0.6568951361857627,0.11167413376716201,0.11932512796551001,0.16458500294451484,0.5194647617321927,109080.0,109080.0,1.0,8.6,10.0,1536.4852607071205,0.01
61,1.1766242980957031,0.7027853260869565,0.6932894048861286,0.11167413376716201,0.11932512796551002,0.16458500294451484,0.5193071512260168,109079.99999999999,109079.99999999999,1.0,8.6,10.0,1536.4852607071202,0.01
62,1.0720223188400269,0.7292798913043478,0.7225116817391591,0.11167413376716201,0.11932512796551001,0.16458500294451484,0.5221200245508562,109079.99999999999,109079.99999999999,1.0,8.6,10.0,1536.4852607071207,0.01
63,1.2471709251403809,0.673233695652174,0.6449303464066861,0.11167413376716201,0.11932512796551001,0.16458500294451484,0.5251461273308548,109080.0,109080.0,1.0,8.6,10.0,1536.4852607071205,0.01
64,1.0708911418914795,0.7075407608695651,0.700543439700755,0.11167413376716201,0.11932512796551001,0.16458500294451484,0.5222625716855918,109079.99999999999,109079.99999999999,1.0,8.6,10.0,1536.4991812389485,0.01
65,1.4293956756591797,0.6640625,0.6553800288224937,0.11167413376716201,0.11932512796551001,0.16458500294451484,0.520340790556616,109080.0,109080.0,1.0,8.6,10.0,1536.4991812389485,0.01
66,1.3687925338745117,0.6671195652173914,0.6579202177848408,0.111674133767162,0.11932512796551001,0.16458500294451484,0.5267766425152988,109079.99999999997,109079.99999999997,1.0,8.6,10.0,1536.4991812389487,0.01
67,1.2030969858169556,0.686141304347826,0.6751472883289648,0.11167413376716201,0.11932512796551001,0.16458500294451484,0.5118241174241793,109080.0,109080.0,1.0,8.6,10.0,1536.5186487307874,0.01
68,1.174124002456665,0.7075407608695651,0.700839368966551,0.11167413376716201,0.11932512796551001,0.16458500294451484,0.521200767474024,109079.99999999999,109079.99999999999,1.0,8.6,10.0,1536.5186487307874,0.01
69,1.194534420967102,0.720788043478261,0.7140718026869425,0.111674133767162,0.11932512796551001,0.16458500294451484,0.5240181904687455,109079.99999999999,109079.99999999999,1.0,8.6,10.0,1536.5186487307876,0.01
70,1.448187232017517,0.662703804347826,0.6412683438823374,0.11167413376716201,0.11932512796551001,0.16458500294451484,0.5174096378135993,109079.99999999999,109079.99999999999,1.0,8.6,10.0,1536.5186487307874,0.01
71,1.5280734300613403,0.6762907608695651,0.6533187550289122,0.11167413376716201,0.11932512796551001,0.16458500294451484,0.5214078700711081,109080.0,109080.0,1.0,8.6,10.0,1536.522240440526,0.01
72,1.298827052116394,0.7184103260869565,0.7071920203355379,0.11167413376716201,0.11932512796551001,0.16458500294451484,0.5245777867953328,109079.99999999999,109079.99999999999,1.0,8.6,10.0,1536.5222404405263,0.01
73,1.3617169857025146,0.6987092391304349,0.6867589848248907,0.11167413376716201,0.11932512796551001,0.16458500294451484,0.5189642242365745,109080.0,109080.0,1.0,8.6,10.0,1536.5222404405263,0.01
74,1.4599610567092896,0.6929347826086958,0.684361419735795,0.11167413376716202,0.11932512796551001,0.16458500294451484,0.5249284476009364,109080.0,109080.0,1.0,8.6,10.0,1536.5548421135404,0.01
75,1.528220295906067,0.6885190217391305,0.6831625506583782,0.11167413376716201,0.11932512796551001,0.16458500294451484,0.5248567863763741,109079.99999999999,109079.99999999999,1.0,8.6,10.0,1536.5548421135404,0.01
76,1.619694709777832,0.6912364130434783,0.6731807263660622,0.11167413376716201,0.11932512796551001,0.16458500294451484,0.526180513470684,109079.99999999999,109079.99999999999,1.0,8.6,10.0,1536.5548421135404,0.01
77,1.4475054740905762,0.7034646739130435,0.694737264612087,0.11167413376716201,0.11932512796551001,0.16458500294451484,0.5172178004265351,109079.99999999999,109079.99999999999,1.0,8.6,10.0,1536.56457585946,0.01
78,1.800049066543579,0.6616847826086958,0.6370758190171364,0.11167413376716201,0.11932512796551001,0.16458500294451484,0.5237540599116822,109079.99999999999,109079.99999999999,1.0,8.6,10.0,1536.5645758594599,0.01
79,1.9072641134262085,0.6762907608695651,0.6624998164145706,0.111674133767162,0.11932512796551001,0.16458500294451484,0.5170527467011627,109079.99999999999,109079.99999999999,1.0,8.6,10.0,1536.6277601970553,0.01
80,1.9797446727752686,0.6766304347826086,0.6578853174907384,0.11167413376716201,0.11932512796551001,0.16458500294451484,0.5267183324393043,109079.99999999999,109079.99999999999,1.0,8.6,10.0,1536.627760197055,0.01
81,2.0685665607452393,0.6694972826086958,0.6477838955315761,0.111674133767162,0.11932512796551001,0.16458500294451484,0.5256851562932214,109080.0,109080.0,1.0,8.6,10.0,1536.627760197055,0.01
82,2.168102264404297,0.6559103260869565,0.6483169394919384,0.11167413376716201,0.11932512796551001,0.16458500294451484,0.5167147885598606,109079.99999999999,109079.99999999999,1.0,8.6,10.0,1536.6313519067942,0.01
83,1.9921125173568726,0.6817255434782609,0.6736256811558339,0.11167413376716201,0.11932512796551001,0.16458500294451484,0.5152125964681005,109079.99999999999,109079.99999999999,1.0,8.6,10.0,1536.6313519067942,0.01
84,2.2651479244232178,0.6362092391304349,0.6194070628374112,0.11167413376716201,0.11932512796551001,0.16458500294451484,0.519641468392622,109079.99999999999,109079.99999999999,1.0,8.6,10.0,1536.645272438622,0.01
85,2.0088653564453125,0.6987092391304349,0.6878701328982798,0.11167413376716201,0.11932512796551001,0.16458500294451484,0.5190486072910234,109079.99999999999,109079.99999999999,1.0,8.6,10.0,1536.645272438622,0.01
86,1.8808424472808838,0.7139945652173914,0.7017362918137201,0.11167413376716201,0.11932512796551001,0.16458500294451484,0.520243008326135,109079.99999999999,109079.99999999999,1.0,8.6,10.0,1536.6452724386222,0.01
87,2.2223312854766846,0.716711956521739,0.6852572382789702,0.11167413376716201,0.11932512796551001,0.16458500294451484,0.5139796377784929,109080.0,109080.0,1.0,8.6,10.0,1536.645272438622,0.01
88,1.9096567630767822,0.7184103260869565,0.6940805473749339,0.111674133767162,0.11932512796551001,0.16458500294451484,0.513189538583662,109080.0,109080.0,1.0,8.6,10.0,1536.6778741116364,0.01
89,1.738845705986023,0.7408288043478262,0.7261973048509981,0.111674133767162,0.11932512796551001,0.16458500294451484,0.5260161747416163,109080.0,109080.0,1.0,8.6,10.0,1536.6876078575556,0.01
90,1.9589035511016846,0.7024456521739131,0.6812334265996564,0.11167413376716201,0.11932512796551001,0.16458500294451484,0.5223648803018771,109079.99999999999,109079.99999999999,1.0,8.6,10.0,1536.6876078575556,0.01
91,1.8028112649917603,0.7374320652173914,0.7338552086246947,0.11167413376716202,0.11932512796551001,0.16458500294451484,0.5163963749372401,109079.99999999999,109079.99999999999,1.0,8.6,10.0,1536.6876078575558,0.01
92,1.9986107349395752,0.7218070652173914,0.7002504645989086,0.11167413376716201,0.11932512796551001,0.16458500294451484,0.5234782491467075,109080.0,109080.0,1.0,8.6,10.0,1536.6876078575558,0.01
93,1.940435767173767,0.7133152173913043,0.6990207776820951,0.111674133767162,0.11932512796551001,0.16458500294451484,0.528967099752727,109079.99999999999,109079.99999999999,1.0,8.6,10.0,1536.6876078575558,0.01
94,1.8006086349487305,0.7126358695652174,0.6960404122757138,0.11167413376716201,0.11932512796551001,0.16458500294451484,0.5164583896462105,109079.99999999999,109079.99999999999,1.0,8.6,10.0,1536.6876078575558,0.01
95,1.797686219215393,0.7197690217391305,0.7084007774025433,0.11167413376716201,0.11932512796551001,0.16458500294451484,0.5201271015814262,109079.99999999999,109079.99999999999,1.0,8.6,10.0,1536.6876078575556,0.01
96,2.3193604946136475,0.657608695652174,0.6071767836078432,0.111674133767162,0.11932512796551002,0.16458500294451484,0.5163851408237212,109079.99999999999,109079.99999999999,1.0,8.6,10.0,1536.6876078575556,0.01
97,2.185713291168213,0.6844429347826086,0.6470137958959589,0.11167413376716201,0.11932512796551001,0.16458500294451484,0.5266121447864632,109080.0,109080.0,1.0,8.6,10.0,1536.6876078575556,0.01
98,1.6987065076828003,0.7235054347826086,0.7105424397227953,0.11167413376716201,0.11932512796551001,0.16458500294451484,0.5189880428104068,109079.99999999999,109079.99999999999,1.0,8.6,10.0,1536.6876078575558,0.01
99,1.825083613395691,0.7092391304347826,0.6932936730010736,0.11167413376716201,0.11932512796551001,0.16458500294451484,0.5326047814385286,109079.99999999999,109079.99999999999,1.0,8.6,10.0,1536.6876078575558,0.01
100,1.607079267501831,0.728600543478261,0.7206689247708713,0.11167413376716201,0.11932512796551001,0.16458500294451484,0.5241871582865067,109079.99999999999,109079.99999999999,1.0,8.6,10.0,1536.7087968197427,0.01
101,1.5810550451278687,0.75,0.7432489219560567,0.11167413376716201,0.11932512796551001,0.16458500294451484,0.5279031394939299,109079.99999999999,109079.99999999999,1.0,8.6,10.0,1536.7197207180018,0.01
102,1.673999547958374,0.7170516304347826,0.7085944302643568,0.11167413376716201,0.11932512796551001,0.16458500294451484,0.527639131551209,109079.99999999999,109079.99999999999,1.0,8.6,10.0,1536.719720718002,0.01
103,1.648569107055664,0.7374320652173914,0.7289890009435712,0.11167413376716201,0.11932512796551001,0.16458500294451484,0.5215700035904645,109079.99999999999,109079.99999999999,1.0,8.6,10.0,1536.73364124983,0.01
104,1.98191499710083,0.7102581521739131,0.6899134031930482,0.11167413376716201,0.11932512796551001,0.16458500294451484,0.521466210857439,109080.0,109080.0,1.0,8.6,10.0,1536.7336412498298,0.01
105,2.01174259185791,0.7262228260869565,0.7158126900778727,0.11167413376716201,0.11932512796551001,0.16458500294451484,0.5207645537998524,109079.99999999999,109079.99999999999,1.0,8.6,10.0,1536.73364124983,0.01
106,1.8840994834899902,0.7411684782608695,0.7323583916016666,0.11167413376716201,0.11932512796551001,0.16458500294451484,0.5243467916536901,109080.0,109080.0,1.0,8.6,10.0,1536.73364124983,0.01
107,1.9925248622894287,0.7228260869565217,0.7137880226304513,0.111674133767162,0.11932512796551001,0.16458500294451484,0.5212241886295094,109079.99999999999,109079.99999999999,1.0,8.6,10.0,1536.7336412498298,0.01
108,2.078806161880493,0.7102581521739131,0.6968788746483483,0.11167413376716201,0.11932512796551001,0.16458500294451484,0.5213202609720117,109080.0,109080.0,1.0,8.6,10.0,1536.7336412498298,0.01
109,2.5538485050201416,0.6708559782608695,0.6432556973313005,0.11167413376716201,0.11932512796551001,0.16458500294451484,0.5220981965062408,109080.0,109080.0,1.0,8.6,10.0,1536.7469667054881,0.01
110,2.472259759902954,0.6837635869565217,0.6667691005391609,0.11167413376716201,0.11932512796551001,0.16458500294451484,0.5213675629327295,109079.99999999999,109079.99999999999,1.0,8.6,10.0,1536.7469667054881,0.01
111,2.501696825027466,0.6844429347826086,0.6686202796811354,0.11167413376716201,0.11932512796551001,0.16458500294451484,0.5173102408096242,109079.99999999999,109079.99999999999,1.0,8.6,10.0,1536.7469667054884,0.01
112,2.3130300045013428,0.6963315217391305,0.682391072291833,0.11167413376716201,0.11932512796551001,0.16458500294451484,0.5297961751317303,109079.99999999999,109079.99999999999,1.0,8.6,10.0,1536.7795683785025,0.01
113,2.5152640342712402,0.6722146739130435,0.6523034979635839,0.111674133767162,0.11932512796551001,0.16458500294451484,0.5215162107228455,109079.99999999999,109079.99999999999,1.0,8.6,10.0,1536.8121700515167,0.01
114,2.2753002643585205,0.6827445652173914,0.6637051854043937,0.11167413376716201,0.11932512796551001,0.16458500294451484,0.5229076636109959,109080.0,109080.0,1.0,8.6,10.0,1536.8121700515167,0.01
115,2.242725133895874,0.7041440217391305,0.6968954119664477,0.111674133767162,0.11932512796551001,0.16458500294451484,0.5234543626663863,109080.0,109080.0,1.0,8.6,10.0,1536.8121700515167,0.01
116,2.4805550575256348,0.6925951086956522,0.6713288312288117,0.111674133767162,0.11932512796551001,0.16458500294451484,0.5184662234082704,109080.0,109080.0,1.0,8.6,10.0,1536.8121700515164,0.01
117,2.679288864135742,0.6487771739130435,0.6236079318659603,0.11167413376716201,0.11932512796551001,0.16458500294451484,0.5195973668900097,109079.99999999999,109079.99999999999,1.0,8.6,10.0,1536.812170051517,0.01
118,2.4627187252044678,0.680366847826087,0.6657229058990143,0.11167413376716201,0.11932512796551001,0.16458500294451484,0.5123273108288305,109079.99999999999,109079.99999999999,1.0,8.6,10.0,1536.8260905833447,0.01
119,2.4011621475219727,0.6858016304347826,0.676137174156557,0.11167413376716201,0.11932512796551001,0.16458500294451484,0.5155822196904412,109079.99999999999,109079.99999999999,1.0,8.6,10.0,1536.8260905833445,0.01
120,2.692598819732666,0.6389266304347826,0.6130096241803005,0.11167413376716202,0.11932512796551001,0.16458500294451484,0.516965371318429,109080.0,109080.0,1.0,8.6,10.0,1536.826090583345,0.01
121,2.6959850788116455,0.6582880434782609,0.6384416976501599,0.111674133767162,0.11932512796551001,0.16458500294451484,0.5229078736865611,109079.99999999999,109079.99999999999,1.0,8.6,10.0,1536.8260905833445,0.01
122,2.829481601715088,0.6453804347826086,0.622406244112339,0.11167413376716201,0.11932512796551001,0.16458500294451484,0.5230684054364837,109079.99999999999,109079.99999999999,1.0,8.6,10.0,1536.826090583345,0.01
123,2.562976121902466,0.6701766304347826,0.6599797078490292,0.11167413376716201,0.11932512796551001,0.16458500294451484,0.5307127024585196,109080.0,109080.0,1.0,8.6,10.0,1536.8260905833445,0.01
124,2.6515326499938965,0.6484375,0.6441686723406137,0.11167413376716201,0.11932512796551001,0.16458500294451484,0.518125878778713,109080.0,109080.0,1.0,8.6,10.0,1536.8260905833447,0.01
125,2.6671571731567383,0.6586277173913042,0.6471403671297048,0.11167413376716201,0.11932512796551001,0.16458500294451484,0.5168600474140719,109080.0,109080.0,1.0,8.6,10.0,1536.8260905833445,0.01
126,2.878613233566284,0.6559103260869565,0.6492705227146366,0.111674133767162,0.11932512796551001,0.16458500294451484,0.5202632102146502,109079.99999999999,109079.99999999999,1.0,8.6,10.0,1536.826090583345,0.01
127,2.720244884490967,0.6640625,0.6566122435869101,0.111674133767162,0.11932512796551001,0.16458500294451484,0.5283252139605168,109080.0,109080.0,1.0,8.6,10.0,1536.8479383798626,0.01
128,2.8261234760284424,0.6773097826086958,0.6573577836538341,0.11167413376716201,0.11932512796551002,0.16458500294451484,0.5131299230102876,109079.99999999999,109079.99999999999,1.0,8.6,10.0,1536.8479383798629,0.01
129,3.004044771194458,0.6698369565217391,0.6479976017186414,0.11167413376716201,0.11932512796551001,0.16458500294451484,0.520214853206319,109079.99999999999,109079.99999999999,1.0,8.6,10.0,1536.8479383798626,0.01
130,2.7069740295410156,0.6735733695652174,0.6555429452075646,0.11167413376716201,0.11932512796551001,0.16458500294451484,0.5156643094578037,109080.0,109080.0,1.0,8.6,10.0,1536.8479383798626,0.01
131,2.5195939540863037,0.6739130434782609,0.6576637326923923,0.11167413376716201,0.11932512796551001,0.16458500294451484,0.5291026719441482,109080.0,109080.0,1.0,8.6,10.0,1536.8479383798626,0.01
132,2.3657643795013428,0.6579483695652174,0.6399240021109458,0.111674133767162,0.11932512796551,0.16458500294451484,0.52660036197295,109079.99999999999,109079.99999999999,1.0,8.6,10.0,1536.8479383798626,0.01
133,2.282860517501831,0.679008152173913,0.6566295351209177,0.11167413376716201,0.11932512796551001,0.16458500294451484,0.5174534266026157,109080.0,109080.0,1.0,8.6,10.0,1536.8479383798626,0.01
134,2.1039440631866455,0.6902173913043478,0.6731432183262722,0.11167413376716201,0.11932512796551001,0.16458500294451484,0.5227458452698456,109080.0,109080.0,1.0,8.6,10.0,1536.8479383798626,0.01
135,2.217338800430298,0.6864809782608695,0.6715303772478879,0.11167413376716201,0.11932512796551001,0.16458500294451484,0.5140551663002848,109079.99999999999,109079.99999999999,1.0,8.6,10.0,1536.8479383798624,0.01
136,2.372605323791504,0.6905570652173914,0.6755975159705776,0.111674133767162,0.11932512796551001,0.16458500294451484,0.5224034361403448,109080.0,109080.0,1.0,8.6,10.0,1536.8479383798629,0.01
137,2.290496587753296,0.6677989130434783,0.654937255707102,0.111674133767162,0.11932512796551001,0.16458500294451484,0.5304399278659427,109079.99999999999,109079.99999999999,1.0,8.6,10.0,1536.8479383798626,0.01
138,2.6019086837768555,0.641983695652174,0.620221647174597,0.11167413376716201,0.11932512796551001,0.16458500294451484,0.523679165410788,109079.99999999999,109079.99999999999,1.0,8.6,10.0,1536.8479383798624,0.01
139,2.5235719680786133,0.6728940217391305,0.6646814274145295,0.11167413376716201,0.11932512796551001,0.16458500294451484,0.5257559685893884,109080.0,109080.0,1.0,8.6,10.0,1536.8479383798626,0.01
140,2.7962756156921387,0.6701766304347826,0.6524987667842046,0.11167413376716201,0.11932512796551001,0.16458500294451484,0.5291058554094167,109080.00000000001,109080.00000000001,1.0,8.6,10.0,1536.8479383798629,0.01
141,2.577754259109497,0.688179347826087,0.6756698360826401,0.111674133767162,0.11932512796551001,0.16458500294451484,0.5278731867330508,109079.99999999999,109079.99999999999,1.0,8.6,10.0,1536.8576721257823,0.01
142,3.4173851013183594,0.6657608695652174,0.6424542630222293,0.11167413376716201,0.11932512796551,0.16458500294451484,0.5189491887541409,109080.0,109080.0,1.0,8.6,10.0,1536.8576721257818,0.01
143,2.8318071365356445,0.6905570652173914,0.6815965568535143,0.11167413376716201,0.11932512796551001,0.16458500294451484,0.5228764766642785,109079.99999999999,109079.99999999999,1.0,8.6,10.0,1536.880285020233,0.01
144,3.087675094604492,0.6773097826086958,0.6702470183452643,0.11167413376716201,0.11932512796551001,0.16458500294451484,0.5219763346802813,109080.0,109080.0,1.0,8.6,10.0,1536.8802850202323,0.01
145,2.6710662841796875,0.6898777173913042,0.6850181075842413,0.11167413376716201,0.11932512796551001,0.16458500294451484,0.5165899937183993,109079.99999999999,109079.99999999999,1.0,8.6,10.0,1536.8802850202326,0.01
146,2.674879312515259,0.6898777173913042,0.6836773443247416,0.11167413376716201,0.11932512796551001,0.16458500294451484,0.519940775678259,109079.99999999999,109079.99999999999,1.0,8.6,10.0,1536.8802850202326,0.01
147,2.562866449356079,0.6983695652173914,0.688201978168022,0.11167413376716201,0.11932512796551001,0.16458500294451484,0.5263970434925113,109079.99999999999,109079.99999999999,1.0,8.6,10.0,1536.880285020233,0.01
148,2.6139838695526123,0.6752717391304349,0.6659567634774043,0.11167413376716201,0.11932512796551001,0.16458500294451484,0.5212073743473069,109079.99999999999,109079.99999999999,1.0,8.6,10.0,1536.8802850202326,0.01
149,2.8479559421539307,0.6875,0.6657123216347445,0.11167413376716201,0.11932512796551001,0.16458500294451484,0.516200652611528,109079.99999999999,109079.99999999999,1.0,8.6,10.0,1536.8802850202328,0.01
150,2.985750913619995,0.6722146739130435,0.6637410608451405,0.11167413376716201,0.11932512796551001,0.16458500294451484,0.5149752902387924,109079.99999999999,109079.99999999999,1.0,8.6,10.0,1536.8802850202326,0.01
151,3.2470290660858154,0.6800271739130435,0.6552981592290338,0.11167413376716201,0.11932512796551001,0.16458500294451484,0.5197811987700998,109079.99999999999,109079.99999999999,1.0,8.6,10.0,1536.8802850202326,0.01
152,3.0839273929595947,0.6824048913043478,0.6653002887847221,0.111674133767162,0.11932512796551001,0.16458500294451484,0.5300012883994731,109079.99999999999,109079.99999999999,1.0,8.6,10.0,1536.90147398242,0.01
153,3.0244648456573486,0.673233695652174,0.6631515659737985,0.111674133767162,0.11932512796551001,0.16458500294451484,0.5266300720346117,109079.99999999999,109079.99999999999,1.0,8.6,10.0,1536.90147398242,0.01
154,3.389738082885742,0.6616847826086958,0.6550635483126808,0.11167413376716201,0.11932512796551001,0.16458500294451484,0.5255478622150629,109079.99999999999,109079.99999999999,1.0,8.6,10.0,1536.90147398242,0.01
155,3.175659418106079,0.6963315217391305,0.6901322802321223,0.11167413376716201,0.11932512796551001,0.16458500294451484,0.5326492925852505,109080.0,109080.0,1.0,8.6,10.0,1536.9014739824197,0.01
156,3.2588038444519043,0.693953804347826,0.6873883432520325,0.11167413376716201,0.11932512796551001,0.16458500294451484,0.5237001786423975,109080.0,109080.0,1.0,8.6,10.0,1536.90147398242,0.01
157,3.122260093688965,0.7072010869565217,0.6918002727660721,0.11167413376716201,0.11932512796551001,0.16458500294451484,0.5287213842095696,109080.0,109080.0,1.0,8.6,10.0,1536.90147398242,0.01
158,2.9531095027923584,0.705163043478261,0.694604881679222,0.111674133767162,0.11932512796551001,0.16458500294451484,0.5312541002352945,109079.99999999999,109079.99999999999,1.0,8.6,10.0,1536.90147398242,0.01
159,2.9110541343688965,0.6834239130434783,0.673660388505039,0.11167413376716201,0.11932512796551001,0.16458500294451484,0.5269670234476261,109079.99999999999,109079.99999999999,1.0,8.6,10.0,1536.90147398242,0.01
160,3.2719669342041016,0.6684782608695651,0.6566888219658025,0.111674133767162,0.11932512796551001,0.16458500294451484,0.5198634255503156,109080.0,109080.0,1.0,8.6,10.0,1536.9014739824197,0.01
161,3.079488754272461,0.6949728260869565,0.6883560068103917,0.11167413376716201,0.11932512796551001,0.16458500294451484,0.5206799031406544,109079.99999999999,109079.99999999999,1.0,8.6,10.0,1536.90147398242,0.01
162,3.5631628036499023,0.6908967391304349,0.6692953228912025,0.11167413376716201,0.11932512796551001,0.16458500294451484,0.5226379046632105,109080.0,109080.0,1.0,8.6,10.0,1536.9123978806788,0.01
163,3.4939088821411133,0.6993885869565217,0.6817378872450037,0.11167413376716201,0.11932512796551001,0.16458500294451484,0.5269252311223479,109079.99999999999,109079.99999999999,1.0,8.6,10.0,1536.9123978806788,0.01
164,3.9432260990142822,0.6684782608695651,0.6427223196443438,0.11167413376716201,0.11932512796551001,0.16458500294451484,0.5245905023339783,109080.0,109080.0,1.0,8.6,10.0,1536.9123978806788,0.01
165,3.479196548461914,0.6722146739130435,0.6600167929442095,0.11167413376716201,0.11932512796551001,0.16458500294451484,0.5226200205133062,109079.99999999999,109079.99999999999,1.0,8.6,10.0,1536.9123978806788,0.01
166,3.670238971710205,0.6694972826086958,0.6470433168507932,0.111674133767162,0.11932512796551001,0.16458500294451484,0.5250992248639448,109080.0,109080.0,1.0,8.6,10.0,1536.912397880679,0.01
167,2.794419050216675,0.7146739130434783,0.7074611822931124,0.11167413376716201,0.11932512796551001,0.16458500294451484,0.513531508169444,109079.99999999999,109079.99999999999,1.0,8.6,10.0,1536.9123978806788,0.01
168,2.929229497909546,0.7075407608695651,0.7005458822030332,0.11167413376716201,0.11932512796551001,0.16458500294451484,0.5201895930302675,109080.0,109080.0,1.0,8.6,10.0,1536.9123978806788,0.01
169,3.407130241394043,0.6902173913043478,0.6720799996022633,0.11167413376716201,0.11932512796551001,0.16458500294451484,0.5252931607366257,109079.99999999999,109079.99999999999,1.0,8.6,10.0,1536.912397880679,0.01
170,2.9714667797088623,0.7082201086956522,0.6951716658175489,0.11167413376716201,0.11932512796551,0.16458500294451484,0.5193459497961308,109080.0,109080.0,1.0,8.6,10.0,1536.912397880679,0.01
171,2.9513957500457764,0.7272418478260869,0.7104739723505064,0.11167413376716201,0.11932512796551001,0.16458500294451484,0.5242075859786895,109079.99999999999,109079.99999999999,1.0,8.6,10.0,1536.9123978806788,0.01
172,3.0322375297546387,0.7017663043478262,0.6907450807645038,0.11167413376716202,0.11932512796551001,0.16458500294451484,0.5260357244813793,109079.99999999999,109079.99999999999,1.0,8.6,10.0,1536.912397880679,0.01
173,3.9977433681488037,0.6701766304347826,0.6383733483921507,0.11167413376716201,0.11932512796551001,0.16458500294451484,0.5231922570133625,109079.99999999999,109079.99999999999,1.0,8.6,10.0,1536.9123978806788,0.01
174,3.3235111236572266,0.7034646739130435,0.6961737573665352,0.11167413376716202,0.11932512796551001,0.16458500294451484,0.5243364599116868,109080.0,109080.0,1.0,8.6,10.0,1536.9123978806788,0.01
175,3.4683117866516113,0.7109375,0.6982389749961188,0.11167413376716201,0.11932512796551001,0.16458500294451484,0.529856248246962,109080.0,109080.0,1.0,8.6,10.0,1536.9123978806786,0.01
176,3.7666754722595215,0.7109375,0.6943969262581148,0.11167413376716201,0.11932512796551001,0.16458500294451484,0.5256465181173255,109079.99999999999,109079.99999999999,1.0,8.6,10.0,1536.912397880679,0.01
177,3.5774943828582764,0.7038043478260869,0.6974045910191707,0.111674133767162,0.11932512796551001,0.16458500294451484,0.5290023108561228,109079.99999999999,109079.99999999999,1.0,8.6,10.0,1536.912397880679,0.01
178,3.566843271255493,0.7150135869565217,0.7008034662362033,0.11167413376716201,0.11932512796551001,0.16458500294451484,0.5303056074693491,109079.99999999999,109079.99999999999,1.0,8.6,10.0,1536.912397880679,0.01
179,3.2709741592407227,0.7078804347826086,0.6980309992644811,0.11167413376716201,0.11932512796551001,0.16458500294451484,0.520585946017173,109079.99999999999,109079.99999999999,1.0,8.6,10.0,1536.912397880679,0.01
180,2.907958507537842,0.7296195652173914,0.7200186070691644,0.111674133767162,0.11932512796551001,0.16458500294451484,0.5296366040932341,109080.0,109080.0,1.0,8.6,10.0,1536.9123978806786,0.01
181,3.429574966430664,0.7038043478260869,0.6746566637737975,0.11167413376716201,0.11932512796551001,0.16458500294451484,0.5249146868406882,109079.99999999999,109079.99999999999,1.0,8.6,10.0,1536.9123978806788,0.01
182,2.8061931133270264,0.7302989130434783,0.7194986943526744,0.11167413376716202,0.11932512796551001,0.16458500294451484,0.5151472681235437,109080.0,109080.0,1.0,8.6,10.0,1536.9123978806788,0.01
183,2.820234775543213,0.7319972826086957,0.722411745725308,0.111674133767162,0.11932512796551001,0.16458500294451484,0.513933427088668,109079.99999999999,109079.99999999999,1.0,8.6,10.0,1536.912397880679,0.01
184,3.232914686203003,0.7296195652173914,0.7182391781358753,0.11167413376716201,0.11932512796551001,0.16458500294451484,0.5241235887005488,109080.0,109080.0,1.0,8.6,10.0,1536.9159895904174,0.01
185,2.981501579284668,0.7357336956521738,0.7218153378953445,0.11167413376716201,0.11932512796551001,0.16458500294451484,0.513467954441305,109080.0,109080.0,1.0,8.6,10.0,1536.9159895904177,0.01
186,2.791883707046509,0.7370923913043478,0.7278347199300691,0.11167413376716201,0.11932512796551001,0.16458500294451484,0.5267557522547518,109080.0,109080.0,1.0,8.6,10.0,1536.9159895904177,0.01
187,2.7591986656188965,0.7493206521739131,0.7418799880882346,0.11167413376716202,0.11932512796551001,0.16458500294451484,0.5180931717514083,109080.0,109080.0,1.0,8.6,10.0,1536.9159895904177,0.01
188,2.784508228302002,0.7387907608695651,0.7281428699098886,0.11167413376716202,0.11932512796551001,0.16458500294451484,0.5213450356523412,109079.99999999999,109079.99999999999,1.0,8.6,10.0,1536.9159895904177,0.01
189,2.6032874584198,0.7567934782608695,0.7501989539251446,0.11167413376716201,0.11932512796551001,0.16458500294451484,0.515923021537565,109080.0,109080.0,1.0,8.6,10.0,1536.9159895904177,0.01
190,2.8579459190368652,0.732336956521739,0.72163969912899,0.111674133767162,0.11932512796551001,0.16458500294451484,0.5229027998654965,109080.0,109080.0,1.0,8.6,10.0,1536.9159895904177,0.01
191,2.975933313369751,0.7353940217391305,0.7160892850181063,0.11167413376716201,0.11932512796551001,0.16458500294451484,0.5244247911414851,109079.99999999999,109079.99999999999,1.0,8.6,10.0,1536.9159895904177,0.01
192,2.590298891067505,0.7561141304347826,0.7518557052881149,0.11167413376716201,0.11932512796551001,0.16458500294451484,0.5274339684075449,109079.99999999999,109079.99999999999,1.0,8.6,10.0,1536.915989590418,0.01
193,2.694017171859741,0.7394701086956522,0.7323630785667211,0.11167413376716201,0.11932512796551001,0.16458500294451484,0.5286205954468678,109080.0,109080.0,1.0,8.6,10.0,1536.9257233363373,0.01
194,3.505735397338867,0.7136548913043478,0.6914298002014092,0.111674133767162,0.11932512796551001,0.16458500294451484,0.5123414427074436,109079.99999999999,109079.99999999999,1.0,8.6,10.0,1536.9257233363373,0.01
195,3.2233757972717285,0.7224864130434783,0.7172939492719488,0.11167413376716202,0.11932512796551001,0.16458500294451484,0.5095164278386337,109080.0,109080.0,1.0,8.6,10.0,1536.9257233363371,0.01
196,2.7063541412353516,0.7432065217391305,0.7400234001345293,0.11167413376716201,0.11932512796551001,0.16458500294451484,0.517478226999204,109079.99999999999,109079.99999999999,1.0,8.6,10.0,1536.9257233363371,0.01
197,2.6651430130004883,0.7612092391304349,0.7571034052345228,0.11167413376716201,0.11932512796551001,0.16458500294451484,0.5118424501330859,109079.99999999999,109079.99999999999,1.0,8.6,10.0,1536.925723336337,0.01
198,3.337005138397217,0.7214673913043478,0.7001712968326655,0.11167413376716201,0.11932512796551001,0.16458500294451484,0.5316483497749345,109080.0,109080.0,1.0,8.6,10.0,1536.9257233363371,0.01
199,2.9959800243377686,0.744225543478261,0.7390302666807673,0.11167413376716201,0.11932512796551002,0.16458500294451484,0.528226475396535,109079.99999999999,109079.99999999999,1.0,8.6,10.0,1536.925723336337,0.01
200,2.7815799713134766,0.7595108695652174,0.7519935444351961,0.11167413376716201,0.11932512796551001,0.16458500294451484,0.521057199861072,109079.99999999999,109079.99999999999,1.0,8.6,10.0,1536.9257233363371,0.01
201,3.1634929180145264,0.7544157608695651,0.7513540983954983,0.111674133767162,0.11932512796551001,0.16458500294451484,0.525182616918209,109080.0,109080.0,1.0,8.6,10.0,1536.9257233363373,0.01
202,3.3405630588531494,0.7489809782608695,0.7416817243013252,0.111674133767162,0.11932512796551001,0.16458500294451484,0.5286863688156577,109079.99999999999,109079.99999999999,1.0,8.6,10.0,1536.9257233363376,0.01
203,2.7764499187469482,0.7629076086956522,0.7606387275160663,0.111674133767162,0.11932512796551001,0.16458500294451484,0.5200067403461781,109079.99999999999,109079.99999999999,1.0,8.6,10.0,1536.9257233363376,0.01
204,3.0368587970733643,0.767663043478261,0.7600354522359933,0.11167413376716201,0.11932512796551001,0.16458500294451484,0.5244716029042648,109079.99999999999,109079.99999999999,1.0,8.6,10.0,1536.9257233363376,0.01
205,3.64573073387146,0.744225543478261,0.7292092439245449,0.11167413376716201,0.11932512796551001,0.16458500294451484,0.5272263646839234,109079.99999999999,109079.99999999999,1.0,8.6,10.0,1536.876019599259,0.01
206,3.321105718612671,0.7537364130434783,0.745799221536732,0.11167413376716201,0.11932512796551001,0.16458500294451484,0.5229398075073666,109079.99999999997,109079.99999999997,1.0,8.6,10.0,1536.5078927290194,0.01
207,3.1444625854492188,0.7530570652173914,0.7470907373835802,0.111674133767162,0.11932512796551001,0.16458500294451484,0.527131539304316,109080.0,109080.0,1.0,8.6,10.0,1536.6054427154174,0.01
208,3.359369993209839,0.7506793478260869,0.7418284195674328,0.111674133767162,0.11932512796551001,0.16458500294451484,0.5220499084745579,109080.0,109080.0,1.0,8.6,10.0,1536.6606572828819,0.01
209,2.9374425411224365,0.7537364130434783,0.7450848104838265,0.11167413376716201,0.11932512796551001,0.16458500294451484,0.5061816882192116,109079.99999999999,109079.99999999999,1.0,8.6,10.0,1536.6932589558962,0.01
210,3.4827375411987305,0.7370923913043478,0.7242671318104175,0.11167413376716201,0.11932512796551001,0.16458500294451484,0.5253204999408473,109080.0,109080.0,1.0,8.6,10.0,1536.7158718503467,0.01
211,3.8819854259490967,0.720788043478261,0.6986145612274912,0.11167413376716201,0.11932512796551001,0.16458500294451484,0.5184748637144402,109079.99999999999,109079.99999999999,1.0,8.6,10.0,1536.7158718503467,0.01
212,3.884157657623291,0.7275815217391305,0.7087959980376707,0.11167413376716201,0.11932512796551001,0.16458500294451484,0.5155730131725751,109079.99999999999,109079.99999999999,1.0,8.6,10.0,1536.7158718503467,0.01
213,4.029743671417236,0.712975543478261,0.6941741301584743,0.111674133767162,0.11932512796551002,0.16458500294451484,0.5295697066353247,109080.0,109080.0,1.0,8.6,10.0,1536.715871850347,0.01
214,3.6944260597229004,0.7252038043478262,0.7165680090578399,0.11167413376716201,0.11932512796551001,0.16458500294451484,0.5231969683746259,109080.0,109080.0,1.0,8.6,10.0,1536.7137986474768,0.01
215,4.055429458618164,0.7105978260869565,0.6922059937556714,0.11167413376716201,0.11932512796551002,0.16458500294451484,0.521674997885676,109079.99999999999,109079.99999999999,1.0,8.6,10.0,1536.71520132702,0.01
216,3.686673402786255,0.7302989130434783,0.7200876331637801,0.111674133767162,0.11932512796551001,0.16458500294451484,0.5197453395067283,109079.99999999999,109079.99999999999,1.0,8.6,10.0,1536.71520132702,0.01
217,4.059911251068115,0.724524456521739,0.7154447594665732,0.111674133767162,0.11932512796551001,0.16458500294451484,0.5186424305960455,109079.99999999999,109079.99999999999,1.0,8.6,10.0,1536.7152013270197,0.01
218,4.0288920402526855,0.732336956521739,0.7229634633988087,0.11167413376716201,0.11932512796551001,0.16458500294451484,0.5293127826949067,109079.99999999999,109079.99999999999,1.0,8.6,10.0,1536.71520132702,0.01
219,3.5929977893829346,0.7513586956521738,0.7417716809942329,0.11167413376716201,0.11932512796551001,0.16458500294451484,0.5192263582001833,109079.99999999999,109079.99999999999,1.0,8.6,10.0,1536.71520132702,0.01
220,3.4456558227539062,0.747961956521739,0.7406213833022498,0.11167413376716201,0.11932512796551001,0.16458500294451484,0.5248586616850782,109080.0,109080.0,1.0,8.6,10.0,1536.743042390676,0.01
221,4.140748500823975,0.7398097826086957,0.7252022119354381,0.111674133767162,0.11932512796551001,0.16458500294451484,0.5217020812569039,109079.99999999999,109079.99999999999,1.0,8.6,10.0,1536.7430423906758,0.01
222,4.055502414703369,0.7387907608695651,0.7281617521678707,0.11167413376716201,0.11932512796551001,0.16458500294451484,0.5234322830369864,109080.0,109080.0,1.0,8.6,10.0,1536.743042390676,0.01
223,4.015921115875244,0.7309782608695651,0.7203907117438983,0.11167413376716201,0.11932512796551001,0.16458500294451484,0.5244450805885099,109080.0,109080.0,1.0,8.6,10.0,1536.743042390676,0.01
224,3.9207963943481445,0.740149456521739,0.727933675461976,0.111674133767162,0.11932512796551001,0.16458500294451484,0.5258984898457201,109080.0,109080.0,1.0,8.6,10.0,1536.7430423906762,0.01
225,3.5401837825775146,0.7387907608695651,0.7298865247694534,0.111674133767162,0.11932512796551001,0.16458500294451484,0.515232003260489,109080.0,109080.0,1.0,8.6,10.0,1536.7430423906758,0.01
226,3.903560161590576,0.7398097826086957,0.7316516869936313,0.11167413376716201,0.11932512796551001,0.16458500294451484,0.5262411914855015,109079.99999999999,109079.99999999999,1.0,8.6,10.0,1536.743042390676,0.01
227,3.8028762340545654,0.7421875,0.7318060412442233,0.11167413376716201,0.11932512796551001,0.16458500294451484,0.519420169188486,109080.0,109080.0,1.0,8.6,10.0,1536.743042390676,0.01
228,3.393441915512085,0.7469429347826086,0.7409005050933034,0.11167413376716201,0.11932512796551001,0.16458500294451484,0.5151045640547464,109079.99999999999,109079.99999999999,1.0,8.6,10.0,1536.756962922504,0.01
229,3.13486385345459,0.7418478260869565,0.7349440053121851,0.11167413376716201,0.11932512796551001,0.16458500294451484,0.5263542943148669,109079.99999999999,109079.99999999999,1.0,8.6,10.0,1536.7569629225043,0.01
230,3.1029605865478516,0.7503396739130435,0.7417653268740947,0.111674133767162,0.11932512796551001,0.16458500294451484,0.5225147253735412,109080.0,109080.0,1.0,8.6,10.0,1536.7569629225038,0.01
231,3.518104076385498,0.759850543478261,0.7512764571819255,0.111674133767162,0.11932512796551001,0.16458500294451484,0.5202860480034572,109079.99999999999,109079.99999999999,1.0,8.6,10.0,1536.756962922504,0.01
232,3.3209590911865234,0.7639266304347826,0.7574936944822711,0.11167413376716201,0.11932512796551001,0.16458500294451484,0.5257344937298581,109080.0,109080.0,1.0,8.6,10.0,1536.756962922504,0.01
233,3.609700918197632,0.7659646739130435,0.755574938504637,0.111674133767162,0.11932512796551001,0.16458500294451484,0.5255258413795808,109079.99999999999,109079.99999999999,1.0,8.6,10.0,1536.756962922504,0.01
234,3.3663277626037598,0.7571331521739131,0.7486660205086182,0.111674133767162,0.11932512796551001,0.16458500294451484,0.5300443217855542,109080.0,109080.0,1.0,8.6,10.0,1536.7569629225038,0.01
235,4.033363342285156,0.7221467391304349,0.7100348981159071,0.111674133767162,0.11932512796551001,0.16458500294451484,0.5168286473758851,109079.99999999999,109079.99999999999,1.0,8.6,10.0,1536.7569629225038,0.01
236,3.4183509349823,0.7523777173913043,0.7459903344737069,0.111674133767162,0.11932512796551001,0.16458500294451484,0.5266647803251581,109079.99999999999,109079.99999999999,1.0,8.6,10.0,1536.7764304143432,0.01
237,4.504538536071777,0.7170516304347826,0.7005667259577688,0.11167413376716201,0.11932512796551001,0.16458500294451484,0.5165667206016535,109080.0,109080.0,1.0,8.6,10.0,1536.7861641602626,0.01
238,3.6287243366241455,0.7622282608695651,0.7568200132134123,0.11167413376716201,0.11932512796551001,0.16458500294451484,0.5217621103010187,109080.0,109080.0,1.0,8.6,10.0,1536.7861641602622,0.01
239,4.041095733642578,0.7404891304347826,0.7316248831566945,0.11167413376716201,0.11932512796551001,0.16458500294451484,0.5263908236926995,109079.99999999999,109079.99999999999,1.0,8.6,10.0,1536.7861641602626,0.01
240,4.399145126342773,0.7330163043478262,0.7206546931513483,0.111674133767162,0.11932512796551001,0.16458500294451484,0.5170933336700527,109080.0,109080.0,1.0,8.6,10.0,1536.7861641602626,0.01
241,3.895716667175293,0.747961956521739,0.7427458210760313,0.111674133767162,0.11932512796551001,0.16458500294451484,0.5240454250567627,109080.0,109080.0,1.0,8.6,10.0,1536.7861641602626,0.01
242,3.8600423336029053,0.7438858695652174,0.7385722410189255,0.11167413376716201,0.11932512796551001,0.16458500294451484,0.5302823983351735,109080.0,109080.0,1.0,8.6,10.0,1536.7861641602626,0.01
243,5.067631721496582,0.6912364130434783,0.6796912390623914,0.11167413376716201,0.11932512796551001,0.16458500294451484,0.5243649561205419,109079.99999999999,109079.99999999999,1.0,8.6,10.0,1536.7861641602624,0.01
244,4.66901159286499,0.6983695652173914,0.6902667575963114,0.11167413376716201,0.11932512796551001,0.16458500294451484,0.5256446783184616,109079.99999999999,109079.99999999999,1.0,8.6,10.0,1536.7897558700015,0.01
245,4.483799934387207,0.7102581521739131,0.705698425141992,0.11167413376716201,0.11932512796551001,0.16458500294451484,0.5210413968147988,109080.0,109080.0,1.0,8.6,10.0,1536.7897558700013,0.01
246,4.607879638671875,0.6987092391304349,0.6884201235106356,0.11167413376716201,0.11932512796551001,0.16458500294451484,0.5184146760597063,109079.99999999999,109079.99999999999,1.0,8.6,10.0,1536.796939289479,0.01
247,4.9258856773376465,0.6875,0.6721024276898468,0.11167413376716201,0.11932512796551001,0.16458500294451484,0.5195854007224912,109079.99999999999,109079.99999999999,1.0,8.6,10.0,1536.796939289479,0.01
248,4.249690055847168,0.6997282608695651,0.6951116698708341,0.11167413376716201,0.11932512796551001,0.16458500294451484,0.5235816877217755,109080.0,109080.0,1.0,8.6,10.0,1536.796939289479,0.01
249,4.536167621612549,0.6674592391304349,0.6582738551980842,0.11167413376716201,0.11932512796551001,0.16458500294451484,0.5209927370810276,109079.99999999999,109079.99999999999,1.0,8.6,10.0,1536.7969392894788,0.01
250,4.9123101234436035,0.6545516304347826,0.6507322914134351,0.11167413376716201,0.11932512796551001,0.16458500294451484,0.5105821516555333,109079.99999999999,109079.99999999999,1.0,8.6,10.0,1536.7969392894793,0.01
251,5.593881130218506,0.6426630434782609,0.6202433735917466,0.111674133767162,0.11932512796551001,0.16458500294451484,0.5255470692592554,109079.99999999999,109079.99999999999,1.0,8.6,10.0,1536.8621426355073,0.01
252,4.743080139160156,0.6684782608695651,0.6502093484023616,0.11167413376716201,0.11932512796551001,0.16458500294451484,0.5174938762992198,109080.0,109080.0,1.0,8.6,10.0,1536.862142635507,0.01
253,4.272245407104492,0.6864809782608695,0.6805128521083094,0.11167413376716201,0.11932512796551001,0.16458500294451484,0.5283485835861979,109079.99999999999,109079.99999999999,1.0,8.6,10.0,1536.8621426355073,0.01
254,4.715526580810547,0.6759510869565217,0.6652612228523859,0.11167413376716202,0.11932512796551001,0.16458500294451484,0.5169329637087986,109080.0,109080.0,1.0,8.6,10.0,1536.8621426355073,0.01
255,4.935569763183594,0.672554347826087,0.6619436829359232,0.111674133767162,0.11932512796551001,0.16458500294451484,0.5203982261501018,109080.0,109080.0,1.0,8.6,10.0,1536.862142635507,0.01
256,4.087910175323486,0.7099184782608695,0.7064216378865162,0.111674133767162,0.11932512796551001,0.16458500294451484,0.516952597504731,109079.99999999999,109079.99999999999,1.0,8.6,10.0,1536.8621426355073,0.01
257,4.1544623374938965,0.7367527173913043,0.7343371237176916,0.111674133767162,0.11932512796551001,0.16458500294451484,0.5285465605111065,109080.0,109080.0,1.0,8.6,10.0,1536.8621426355073,0.01
258,4.427423000335693,0.701086956521739,0.6954008010690513,0.11167413376716201,0.11932512796551001,0.16458500294451484,0.5240197442755735,109079.99999999999,109079.99999999999,1.0,8.6,10.0,1536.8621426355073,0.01
259,3.9852731227874756,0.7302989130434783,0.7244108817209135,0.11167413376716202,0.11932512796551001,0.16458500294451484,0.5209002595990735,109079.99999999999,109079.99999999999,1.0,8.6,10.0,1536.8621426355076,0.01
260,4.457972049713135,0.6694972826086958,0.6552140050705776,0.11167413376716201,0.11932512796551001,0.16458500294451484,0.5102530845296007,109080.0,109080.0,1.0,8.6,10.0,1536.8816101273464,0.01
261,5.566334247589111,0.649796195652174,0.6304111295961493,0.11167413376716202,0.11932512796551001,0.16458500294451484,0.521099452160388,109080.0,109080.0,1.0,8.6,10.0,1536.8816101273464,0.01
262,5.162984848022461,0.6752717391304349,0.6658372424122119,0.11167413376716201,0.11932512796551001,0.16458500294451484,0.5192060158289036,109079.99999999999,109079.99999999999,1.0,8.6,10.0,1536.8816101273462,0.01
263,4.695796966552734,0.6871603260869565,0.6719749116615792,0.11167413376716201,0.11932512796551001,0.16458500294451484,0.5194097565035047,109079.99999999999,109079.99999999999,1.0,8.6,10.0,1536.8816101273462,0.01
264,4.116477966308594,0.7177309782608695,0.7102357839678355,0.11167413376716202,0.11932512796551001,0.16458500294451484,0.525422427580328,109080.0,109080.0,1.0,8.6,10.0,1536.8816101273462,0.01
265,3.8373847007751465,0.7496603260869565,0.7456379947039194,0.11167413376716201,0.11932512796551001,0.16458500294451484,0.5254295010431806,109080.0,109080.0,1.0,8.6,10.0,1536.8816101273462,0.01
266,3.913775682449341,0.7486413043478262,0.7433679006339643,0.111674133767162,0.11932512796551001,0.16458500294451484,0.5264139679362906,109080.0,109080.0,1.0,8.6,10.0,1536.8816101273462,0.01
267,3.88338041305542,0.7697010869565217,0.7656970185495675,0.11167413376716201,0.11932512796551001,0.16458500294451484,0.5285341578806315,109079.99999999999,109079.99999999999,1.0,8.6,10.0,1536.8816101273462,0.01
268,4.411612033843994,0.7571331521739131,0.7502914952004286,0.11167413376716201,0.11932512796551001,0.16458500294451484,0.5158126235527105,109079.99999999999,109079.99999999999,1.0,8.6,10.0,1536.8816101273464,0.01
269,3.7297444343566895,0.7625679347826086,0.7568176660366833,0.11167413376716201,0.11932512796551001,0.16458500294451484,0.5192365093770821,109080.0,109080.0,1.0,8.6,10.0,1536.8816101273462,0.01
270,3.9155871868133545,0.7496603260869565,0.7371938026834229,0.11167413376716201,0.11932512796551001,0.16458500294451484,0.5144974336076742,109079.99999999999,109079.99999999999,1.0,8.6,10.0,1536.8816101273464,0.01
271,4.230402946472168,0.7228260869565217,0.7117401969255412,0.11167413376716201,0.11932512796551001,0.16458500294451484,0.5220213851225648,109080.0,109080.0,1.0,8.6,10.0,1536.8816101273462,0.01
272,4.380457401275635,0.7092391304347826,0.6980493502351303,0.11167413376716201,0.11932512796551001,0.16458500294451484,0.5229921468712949,109079.99999999999,109079.99999999999,1.0,8.6,10.0,1536.8816101273462,0.01
273,4.436054229736328,0.7262228260869565,0.7182577889749714,0.11167413376716201,0.11932512796551001,0.16458500294451484,0.5244862610095214,109079.99999999999,109079.99999999999,1.0,8.6,10.0,1536.8816101273464,0.01
274,4.217474460601807,0.7510190217391305,0.7356861306556661,0.11167413376716202,0.11932512796551001,0.16458500294451484,0.5279598934930608,109079.99999999999,109079.99999999999,1.0,8.6,10.0,1536.8816101273464,0.01
275,3.871896982192993,0.7839673913043478,0.7803913803792076,0.11167413376716201,0.11932512796551001,0.16458500294451484,0.5287554837738988,109079.99999999999,109079.99999999999,1.0,8.6,10.0,1536.8816101273462,0.01
276,4.460702896118164,0.7646059782608695,0.7580518099494459,0.111674133767162,0.11932512796551001,0.16458500294451484,0.5264086638687745,109079.99999999999,109079.99999999999,1.0,8.6,10.0,1536.8816101273462,0.01
277,3.988199234008789,0.7798913043478262,0.775100568871428,0.11167413376716201,0.11932512796551001,0.16458500294451484,0.5196225215742716,109079.99999999999,109079.99999999999,1.0,8.6,10.0,1536.8816101273462,0.01
278,4.552343368530273,0.7561141304347826,0.7485800753554636,0.11167413376716201,0.11932512796551001,0.16458500294451484,0.5226853496361609,109079.99999999999,109079.99999999999,1.0,8.6,10.0,1536.8816101273464,0.01
279,4.406630516052246,0.7663043478260869,0.7625215892711847,0.11167413376716201,0.11932512796551001,0.16458500294451484,0.5268090336185285,109079.99999999999,109079.99999999999,1.0,8.6,10.0,1536.8816101273464,0.01
280,4.3629584312438965,0.7510190217391305,0.746270815816741,0.11167413376716201,0.11932512796551001,0.16458500294451484,0.5272410669575838,109079.99999999999,109079.99999999999,1.0,8.6,10.0,1536.8816101273464,0.01
281,4.400795936584473,0.752038043478261,0.7465915430808113,0.11167413376716201,0.11932512796551001,0.16458500294451484,0.5277805125038824,109079.99999999999,109079.99999999999,1.0,8.6,10.0,1536.8816101273462,0.01
282,4.580872535705566,0.7316576086956522,0.7227784790439357,0.11167413376716201,0.11932512796551001,0.16458500294451484,0.5260443550588256,109080.0,109080.0,1.0,8.6,10.0,1536.8816101273464,0.01
283,4.798567295074463,0.71875,0.7095819822837788,0.11167413376716201,0.11932512796551001,0.16458500294451484,0.526225281423272,109079.99999999999,109079.99999999999,1.0,8.6,10.0,1536.8816101273462,0.01
284,4.709822654724121,0.7425271739130435,0.7343476442738776,0.11167413376716201,0.11932512796551001,0.16458500294451484,0.5253321079292027,109079.99999999999,109079.99999999999,1.0,8.6,10.0,1536.8816101273464,0.01
285,4.954855918884277,0.7255434782608695,0.7161081482409504,0.11167413376716201,0.11932512796551001,0.16458500294451484,0.5274047198440875,109079.99999999999,109079.99999999999,1.0,8.6,10.0,1536.8816101273462,0.01
286,4.837315082550049,0.7099184782608695,0.7018985194158331,0.111674133767162,0.11932512796551001,0.16458500294451484,0.5265706326808451,109080.0,109080.0,1.0,8.6,10.0,1536.8816101273462,0.01
287,6.114022254943848,0.6854619565217391,0.6441196587024575,0.11167413376716201,0.11932512796551001,0.16458500294451484,0.522698580245847,109079.99999999999,109079.99999999999,1.0,8.6,10.0,1536.8816101273464,0.01
288,5.013625621795654,0.6895380434782609,0.6691786800167341,0.11167413376716201,0.11932512796551001,0.16458500294451484,0.5204257281482932,109079.99999999999,109079.99999999999,1.0,8.6,10.0,1536.9354007625475,0.01
289,5.410797119140625,0.6936141304347826,0.662480995961403,0.111674133767162,0.11932512796551001,0.16458500294451484,0.5207142157315949,109080.0,109080.0,1.0,8.6,10.0,1536.9354007625477,0.01
290,4.428409576416016,0.7347146739130435,0.7265247045069275,0.111674133767162,0.11932512796551,0.16458500294451484,0.5226340377875588,109079.99999999999,109079.99999999999,1.0,8.6,10.0,1536.9354007625475,0.01
291,4.535253524780273,0.7452445652173914,0.740094956623675,0.111674133767162,0.11932512796551001,0.16458500294451484,0.5216431270745685,109079.99999999999,109079.99999999999,1.0,8.6,10.0,1536.9354007625477,0.01
292,5.6224894523620605,0.7194293478260869,0.7110507998885929,0.11167413376716201,0.11932512796551001,0.16458500294451484,0.5284614929436858,109079.99999999999,109079.99999999999,1.0,8.6,10.0,1536.9354007625477,0.01
293,4.419509410858154,0.7595108695652174,0.7564373138604644,0.11167413376716201,0.11932512796551001,0.16458500294451484,0.5265631754847164,109079.99999999999,109079.99999999999,1.0,8.6,10.0,1536.9354007625477,0.01
294,5.3746185302734375,0.6997282608695651,0.6876009166504219,0.11167413376716201,0.11932512796551001,0.16458500294451484,0.5230828278796328,109080.0,109080.0,1.0,8.6,10.0,1536.9354007625477,0.01
295,4.70675802230835,0.732336956521739,0.7282922247978045,0.11167413376716201,0.11932512796551001,0.16458500294451484,0.528121391986218,109080.0,109080.0,1.0,8.6,10.0,1536.9354007625475,0.01
296,4.169588565826416,0.7493206521739131,0.7436503594503704,0.11167413376716201,0.11932512796551001,0.16458500294451484,0.5267728876172524,109079.99999999999,109079.99999999999,1.0,8.6,10.0,1536.9572485590656,0.01
297,4.521751880645752,0.7387907608695651,0.7323589170071414,0.11167413376716201,0.11932512796551001,0.16458500294451484,0.5292103022369389,109080.0,109080.0,1.0,8.6,10.0,1536.9572485590656,0.01
298,5.191840648651123,0.7241847826086957,0.7177748762440269,0.111674133767162,0.11932512796551001,0.16458500294451484,0.5129349121461105,109079.99999999999,109079.99999999999,1.0,8.6,10.0,1536.9898502320796,0.01
299,5.223430156707764,0.7306385869565217,0.7232733224749621,0.11167413376716201,0.11932512796551001,0.16458500294451484,0.5227717096644725,109080.0,109080.0,1.0,8.6,10.0,1536.9898502320798,0.01
300,5.052867412567139,0.7353940217391305,0.7263537888004854,0.111674133767162,0.11932512796551001,0.16458500294451484,0.5180177023153958,109079.99999999999,109079.99999999999,1.0,8.6,10.0,1536.9898502320798,0.01
301,4.301313877105713,0.744225543478261,0.7390359764974463,0.11167413376716201,0.11932512796551001,0.16458500294451484,0.5221804654442577,109080.0,109080.0,1.0,8.6,10.0,1536.9898502320796,0.01
302,4.4519195556640625,0.7418478260869565,0.7367212171266325,0.111674133767162,0.11932512796551001,0.16458500294451484,0.5236702333402063,109079.99999999999,109079.99999999999,1.0,8.6,10.0,1536.9898502320798,0.01
303,4.465428829193115,0.736413043478261,0.7283226361141905,0.11167413376716201,0.11932512796551001,0.16458500294451484,0.5235967162319574,109079.99999999999,109079.99999999999,1.0,8.6,10.0,1536.9898502320796,0.01
304,4.279986381530762,0.7533967391304349,0.7475605941325449,0.11167413376716201,0.11932512796551001,0.16458500294451484,0.5253018507565715,109079.99999999999,109079.99999999999,1.0,8.6,10.0,1536.9898502320796,0.01
305,4.813342571258545,0.7330163043478262,0.7183125576273257,0.111674133767162,0.11932512796551001,0.16458500294451484,0.525701025397526,109080.0,109080.0,1.0,8.6,10.0,1536.993441941819,0.01
306,4.967761039733887,0.7347146739130435,0.7222063760283208,0.11167413376716201,0.11932512796551001,0.16458500294451484,0.5203692630922443,109080.0,109080.0,1.0,8.6,10.0,1536.9934419418187,0.01
307,4.390505790710449,0.7625679347826086,0.7557185783981,0.111674133767162,0.11932512796551001,0.16458500294451484,0.5253623648748305,109080.0,109080.0,1.0,8.6,10.0,1536.9934419418187,0.01
308,4.1693806648254395,0.7533967391304349,0.7458311370444108,0.11167413376716201,0.11932512796551001,0.16458500294451484,0.5257229821207214,109080.0,109080.0,1.0,8.6,10.0,1536.9934419418187,0.01
309,3.7386975288391113,0.7693614130434783,0.7624139058474311,0.11167413376716201,0.11932512796551001,0.16458500294451484,0.5143420513358546,109080.0,109080.0,1.0,8.6,10.0,1536.9934419418187,0.01
310,3.724245309829712,0.7700407608695651,0.7595747916566041,0.11167413376716201,0.11932512796551001,0.16458500294451484,0.5303279496445619,109079.99999999999,109079.99999999999,1.0,8.6,10.0,1536.9934419418187,0.01
311,3.5165350437164307,0.7778532608695651,0.7713906282760009,0.111674133767162,0.11932512796551001,0.16458500294451484,0.5236633293192846,109080.0,109080.0,1.0,8.6,10.0,1536.9934419418184,0.01
312,4.8202290534973145,0.7296195652173914,0.7125617693503257,0.11167413376716201,0.11932512796551001,0.16458500294451484,0.5224718950259153,109079.99999999999,109079.99999999999,1.0,8.6,10.0,1537.016054836269,0.01
313,3.6623587608337402,0.7775135869565217,0.7698766736013253,0.11167413376716201,0.11932512796551001,0.16458500294451484,0.5250604623873941,109079.99999999999,109079.99999999999,1.0,8.6,10.0,1537.0160548362692,0.01
314,3.524533987045288,0.7846467391304349,0.7761348050596185,0.111674133767162,0.11932512796551001,0.16458500294451484,0.5257309464751961,109080.0,109080.0,1.0,8.6,10.0,1537.016054836269,0.01
315,4.63142728805542,0.7530570652173914,0.7412489456323128,0.11167413376716202,0.11932512796551001,0.16458500294451484,0.5183807974346833,109080.0,109080.0,1.0,8.6,10.0,1537.016054836269,0.01
316,4.415112018585205,0.7513586956521738,0.7399205807203635,0.11167413376716201,0.11932512796551001,0.16458500294451484,0.517961332471119,109079.99999999999,109079.99999999999,1.0,8.6,10.0,1537.0160548362692,0.01
317,5.0018510818481445,0.7432065217391305,0.7341373867119831,0.11167413376716201,0.11932512796551001,0.16458500294451484,0.5210391395564178,109080.0,109080.0,1.0,8.6,10.0,1537.0160548362692,0.01
318,5.0524115562438965,0.7367527173913043,0.7281596862370909,0.111674133767162,0.11932512796551001,0.16458500294451484,0.5212683795715183,109079.99999999999,109079.99999999999,1.0,8.6,10.0,1537.0160548362692,0.01
319,5.0086588859558105,0.7462635869565217,0.7396402893168026,0.11167413376716201,0.11932512796551002,0.16458500294451484,0.5195234483422081,109080.0,109080.0,1.0,8.6,10.0,1537.0196465460078,0.01
320,5.06422758102417,0.7452445652173914,0.7376710291844789,0.11167413376716201,0.11932512796551001,0.16458500294451484,0.5216696393373094,109080.0,109080.0,1.0,8.6,10.0,1537.0196465460078,0.01
321,5.432434558868408,0.740149456521739,0.73001243291537,0.111674133767162,0.11932512796551001,0.16458500294451484,0.5220784449278985,109079.99999999999,109079.99999999999,1.0,8.6,10.0,1537.0196465460078,0.01
322,5.371108055114746,0.7564538043478262,0.7435055241784382,0.11167413376716201,0.11932512796551001,0.16458500294451484,0.5166894852207068,109079.99999999999,109079.99999999999,1.0,8.6,10.0,1537.0196465460076,0.01
323,4.780086994171143,0.7741168478260869,0.7646422577797856,0.11167413376716201,0.11932512796551001,0.16458500294451484,0.5163227632658006,109080.0,109080.0,1.0,8.6,10.0,1537.0196465460078,0.01
324,5.346108436584473,0.7547554347826086,0.7441406341997134,0.11167413376716201,0.11932512796551001,0.16458500294451484,0.5161659721451305,109080.0,109080.0,1.0,8.6,10.0,1537.0196465460078,0.01
325,5.422853946685791,0.7537364130434783,0.7376225495656078,0.11167413376716201,0.11932512796551001,0.16458500294451484,0.5266117569995523,109080.0,109080.0,1.0,8.6,10.0,1537.019646546008,0.01
326,6.076693058013916,0.7418478260869565,0.7187938633650448,0.11167413376716201,0.11932512796551001,0.16458500294451484,0.5113476004382602,109080.0,109080.0,1.0,8.6,10.0,1537.019646546008,0.01
327,6.205970287322998,0.7262228260869565,0.7086278287968785,0.111674133767162,0.11932512796551001,0.16458500294451484,0.5177822724325224,109079.99999999999,109079.99999999999,1.0,8.6,10.0,1537.0196465460076,0.01
328,7.176562786102295,0.7122961956521738,0.6887884739528272,0.111674133767162,0.11932512796551001,0.16458500294451484,0.5291881921890641,109080.0,109080.0,1.0,8.6,10.0,1537.0196465460078,0.01
329,5.073888301849365,0.7421875,0.7296939812058065,0.111674133767162,0.11932512796551001,0.16458500294451484,0.523831925272812,109080.0,109080.0,1.0,8.6,10.0,1537.019646546008,0.01
330,6.944431781768799,0.7228260869565217,0.6987007869025703,0.11167413376716201,0.11932512796551001,0.16458500294451484,0.5225780237551224,109079.99999999999,109079.99999999999,1.0,8.6,10.0,1537.0196465460076,0.01
331,7.1854376792907715,0.7184103260869565,0.693771345754789,0.11167413376716201,0.11932512796551001,0.16458500294451484,0.5196840168991338,109080.0,109080.0,1.0,8.6,10.0,1537.0196465460078,0.01
332,7.328310966491699,0.7197690217391305,0.698114472220137,0.111674133767162,0.11932512796551001,0.16458500294451484,0.5191663630444544,109079.99999999999,109079.99999999999,1.0,8.6,10.0,1537.0196465460076,0.01
333,5.913686752319336,0.732336956521739,0.7133386522315267,0.11167413376716202,0.11932512796551001,0.16458500294451484,0.5209292130903529,109080.0,109080.0,1.0,8.6,10.0,1537.019646546008,0.01
334,5.71054744720459,0.7221467391304349,0.7054666035341125,0.111674133767162,0.11932512796551001,0.16458500294451484,0.5272232076159239,109079.99999999999,109079.99999999999,1.0,8.6,10.0,1537.0196465460078,0.01
335,6.042590141296387,0.7289402173913043,0.7098469089803447,0.11167413376716201,0.11932512796551001,0.16458500294451484,0.5247328171468015,109079.99999999999,109079.99999999999,1.0,8.6,10.0,1537.019646546008,0.01
336,4.844081401824951,0.7503396739130435,0.7389726002362017,0.11167413376716202,0.11932512796551001,0.16458500294451484,0.5247161821649695,109080.0,109080.0,1.0,8.6,10.0,1537.0196465460076,0.01
337,5.517922878265381,0.7476222826086957,0.7332285367185793,0.11167413376716201,0.11932512796551001,0.16458500294451484,0.5270405704230556,109079.99999999999,109079.99999999999,1.0,8.6,10.0,1537.019646546008,0.01
338,6.369347095489502,0.7313179347826086,0.713492556357929,0.11167413376716201,0.11932512796551001,0.16458500294451484,0.5273994654254892,109079.99999999999,109079.99999999999,1.0,8.6,10.0,1537.019646546008,0.01
339,7.765930652618408,0.7214673913043478,0.6986859629267076,0.11167413376716201,0.11932512796551001,0.16458500294451484,0.5179192742598329,109080.0,109080.0,1.0,8.6,10.0,1537.019646546008,0.01
340,8.46699047088623,0.7021059782608695,0.6680468071900022,0.11167413376716201,0.11932512796551001,0.16458500294451484,0.5249820144703131,109080.00000000001,109080.00000000001,1.0,8.6,10.0,1537.019646546008,0.01
341,6.953232288360596,0.7296195652173914,0.7086068195421751,0.11167413376716201,0.11932512796551001,0.16458500294451484,0.5243983027141164,109080.0,109080.0,1.0,8.6,10.0,1537.0196465460078,0.01
342,6.647039890289307,0.7418478260869565,0.7277493367269354,0.11167413376716201,0.11932512796551001,0.16458500294451484,0.5225623475065428,109080.0,109080.0,1.0,8.6,10.0,1537.0196465460078,0.01
343,6.408035755157471,0.7516983695652174,0.7405865063549961,0.11167413376716201,0.11932512796551001,0.16458500294451484,0.5192594491229093,109080.0,109080.0,1.0,8.6,10.0,1537.0196465460083,0.01
344,5.777509689331055,0.7472826086956522,0.7358807144581292,0.11167413376716201,0.11932512796551001,0.16458500294451484,0.5228347715407902,109080.0,109080.0,1.0,8.6,10.0,1537.019646546008,0.01
345,5.520211219787598,0.7561141304347826,0.7479101829037835,0.11167413376716202,0.11932512796551001,0.16458500294451484,0.523668839246586,109080.0,109080.0,1.0,8.6,10.0,1537.0196465460078,0.01
346,5.899033546447754,0.7567934782608695,0.7407583183714089,0.11167413376716201,0.11932512796551001,0.16458500294451484,0.52122286552314,109079.99999999999,109079.99999999999,1.0,8.6,10.0,1537.019646546008,0.01
347,6.8747711181640625,0.7190896739130435,0.7016192265370407,0.11167413376716201,0.11932512796551001,0.16458500294451484,0.5181939897651381,109079.99999999999,109079.99999999999,1.0,8.6,10.0,1537.0196890514487,0.01
348,6.378109455108643,0.7503396739130435,0.7368722601981729,0.11167413376716201,0.11932512796551001,0.16458500294451484,0.5212417942136364,109079.99999999999,109079.99999999999,1.0,8.6,10.0,1537.0232807611874,0.01
349,6.36368465423584,0.7483016304347826,0.7357244710862871,0.11167413376716201,0.11932512796551001,0.16458500294451484,0.5242679388920033,109080.0,109080.0,1.0,8.6,10.0,1537.023280761187,0.01
350,5.731825828552246,0.7489809782608695,0.7400313639725565,0.111674133767162,0.11932512796551001,0.16458500294451484,0.5164792937864028,109080.0,109080.0,1.0,8.6,10.0,1537.0232807611876,0.01
351,7.991961479187012,0.7061820652173914,0.6880467066523824,0.11167413376716201,0.11932512796551001,0.16458500294451484,0.5166487013424571,109079.99999999999,109079.99999999999,1.0,8.6,10.0,1537.0232807611876,0.01
352,6.426031112670898,0.7347146739130435,0.723526079598098,0.11167413376716201,0.11932512796551001,0.16458500294451484,0.5260830567308556,109080.0,109080.0,1.0,8.6,10.0,1537.0232807611874,0.01
353,6.652826309204102,0.7336956521739131,0.7201326876847419,0.11167413376716201,0.11932512796551001,0.16458500294451484,0.5233336027156281,109080.0,109080.0,1.0,8.6,10.0,1537.0232807611874,0.01
354,6.647463798522949,0.7122961956521738,0.6998123349870593,0.11167413376716202,0.11932512796551001,0.16458500294451484,0.5194585876249515,109079.99999999999,109079.99999999999,1.0,8.6,10.0,1537.0232807611874,0.01
355,6.576597213745117,0.7224864130434783,0.7097149350658852,0.111674133767162,0.11932512796551001,0.16458500294451484,0.5251820139643677,109079.99999999997,109079.99999999997,1.0,8.6,10.0,1537.0232807611874,0.01
356,7.035539627075195,0.7058423913043478,0.6954426032293659,0.111674133767162,0.11932512796551001,0.16458500294451484,0.5265303671165442,109080.0,109080.0,1.0,8.6,10.0,1537.0232807611874,0.01
357,6.573577404022217,0.7184103260869565,0.7098519150346637,0.11167413376716202,0.11932512796551001,0.16458500294451484,0.5232665699311777,109079.99999999999,109079.99999999999,1.0,8.6,10.0,1537.0232807611876,0.01
358,7.046994209289551,0.7024456521739131,0.6862371561926985,0.11167413376716201,0.11932512796551001,0.16458500294451484,0.5111160382741943,109080.0,109080.0,1.0,8.6,10.0,1537.0232807611874,0.01
359,6.19833517074585,0.7391304347826086,0.732165283893258,0.11167413376716201,0.11932512796551001,0.16458500294451484,0.5198123924620652,109080.0,109080.0,1.0,8.6,10.0,1537.0232807611876,0.01
360,6.218724250793457,0.7279211956521738,0.7177229291371062,0.11167413376716201,0.11932512796551001,0.16458500294451484,0.5181900472000194,109080.0,109080.0,1.0,8.6,10.0,1537.0232807611874,0.01
361,6.336373805999756,0.7377717391304349,0.7304308161294579,0.11167413376716201,0.11932512796551002,0.16458500294451484,0.524159763109697,109079.99999999999,109079.99999999999,1.0,8.6,10.0,1537.0232807611876,0.01
362,6.071131706237793,0.7309782608695651,0.7201641091693953,0.111674133767162,0.11932512796551001,0.16458500294451484,0.5268840506040492,109080.0,109080.0,1.0,8.6,10.0,1537.0232807611872,0.01
363,8.153152465820312,0.693953804347826,0.66974030738923,0.11167413376716202,0.11932512796551001,0.16458500294451484,0.5229135786423357,109079.99999999999,109079.99999999999,1.0,8.6,10.0,1537.0444697233747,0.01
364,7.516812801361084,0.6997282608695651,0.675488738066361,0.11167413376716201,0.11932512796551001,0.16458500294451484,0.519574320452517,109080.0,109080.0,1.0,8.6,10.0,1537.0444697233745,0.01
365,7.151076316833496,0.6959918478260869,0.673141297354176,0.11167413376716201,0.11932512796551001,0.16458500294451484,0.5209709074798164,109079.99999999999,109079.99999999999,1.0,8.6,10.0,1537.0444697233745,0.01
366,5.833590984344482,0.736413043478261,0.7249480671704517,0.11167413376716201,0.11932512796551001,0.16458500294451484,0.5403118826554312,109079.99999999999,109079.99999999999,1.0,8.6,10.0,1537.0444697233747,0.01
367,5.57182502746582,0.7612092391304349,0.7487387342890974,0.11167413376716201,0.11932512796551001,0.16458500294451484,0.5246475571452339,109079.99999999999,109079.99999999999,1.0,8.6,10.0,1537.0444697233747,0.01
368,4.358455657958984,0.7873641304347826,0.782570403903208,0.11167413376716201,0.11932512796551002,0.16458500294451484,0.5230838657074057,109080.0,109080.0,1.0,8.6,10.0,1537.0444697233743,0.01
369,4.319461345672607,0.7931385869565217,0.7873731579994282,0.11167413376716201,0.11932512796551001,0.16458500294451484,0.5236454234743273,109079.99999999999,109079.99999999999,1.0,8.6,10.0,1537.0444697233747,0.01
370,4.728982925415039,0.7819293478260869,0.774860784689774,0.11167413376716201,0.11932512796551001,0.16458500294451484,0.5140409132017794,109080.0,109080.0,1.0,8.6,10.0,1537.0444697233747,0.01
371,4.825058937072754,0.78125,0.7730411040742662,0.11167413376716201,0.11932512796551001,0.16458500294451484,0.5203762842469948,109079.99999999999,109079.99999999999,1.0,8.6,10.0,1537.0444697233745,0.01
372,4.587275981903076,0.7883831521739131,0.781687169947934,0.111674133767162,0.11932512796551001,0.16458500294451484,0.5226302063568891,109079.99999999997,109079.99999999997,1.0,8.6,10.0,1537.0444697233743,0.01
373,4.654483318328857,0.7764945652173914,0.7715060710169808,0.11167413376716201,0.11932512796551001,0.16458500294451484,0.5261070785377179,109079.99999999999,109079.99999999999,1.0,8.6,10.0,1537.0444697233745,0.01
374,5.101965427398682,0.7771739130434783,0.7693934909136774,0.111674133767162,0.11932512796551001,0.16458500294451484,0.5216699679735823,109079.99999999999,109079.99999999999,1.0,8.6,10.0,1537.0444697233747,0.01
375,4.966552257537842,0.7690217391304349,0.763847601565265,0.111674133767162,0.11932512796551001,0.16458500294451484,0.5239075946340882,109080.0,109080.0,1.0,8.6,10.0,1537.0444697233743,0.01
376,5.651089191436768,0.7720788043478262,0.7623754076385909,0.11167413376716202,0.11932512796551001,0.16458500294451484,0.5127371802553129,109080.0,109080.0,1.0,8.6,10.0,1537.044469723375,0.01
377,5.3072428703308105,0.7781929347826086,0.7713584353320693,0.11167413376716201,0.11932512796551001,0.16458500294451484,0.5231445107094221,109080.0,109080.0,1.0,8.6,10.0,1537.0444697233747,0.01
378,5.504158973693848,0.7686820652173914,0.760127101354243,0.111674133767162,0.11932512796551001,0.16458500294451484,0.5154599104729259,109079.99999999999,109079.99999999999,1.0,8.6,10.0,1537.0670826178252,0.01
379,5.628455638885498,0.7683423913043478,0.7622761042380694,0.111674133767162,0.11932512796551001,0.16458500294451484,0.5208887841159293,109080.0,109080.0,1.0,8.6,10.0,1537.0670826178252,0.01
380,6.08406400680542,0.7605298913043478,0.7532615904083523,0.111674133767162,0.11932512796551001,0.16458500294451484,0.5281410879486923,109080.0,109080.0,1.0,8.6,10.0,1537.0670826178252,0.01
381,6.573513507843018,0.7452445652173914,0.7360926213911146,0.11167413376716201,0.11932512796551001,0.16458500294451484,0.5210049080706006,109079.99999999999,109079.99999999999,1.0,8.6,10.0,1537.0670826178252,0.01
382,6.9343366622924805,0.7269021739130435,0.7157737806100639,0.11167413376716201,0.11932512796551001,0.16458500294451484,0.52208229176238,109079.99999999999,109079.99999999999,1.0,8.6,10.0,1537.067082617825,0.01
383,5.639477252960205,0.7523777173913043,0.744839437259084,0.11167413376716201,0.11932512796551001,0.16458500294451484,0.5271298411556635,109080.0,109080.0,1.0,8.6,10.0,1537.0670826178252,0.01
384,5.755585670471191,0.7418478260869565,0.7337886879902296,0.11167413376716201,0.11932512796551001,0.16458500294451484,0.5207657227059573,109080.0,109080.0,1.0,8.6,10.0,1537.0670826178252,0.01
385,5.6811957359313965,0.7581521739130435,0.75120502101995,0.111674133767162,0.11932512796551001,0.16458500294451484,0.5181992517397115,109079.99999999999,109079.99999999999,1.0,8.6,10.0,1537.067082617825,0.01
386,5.666233062744141,0.7452445652173914,0.7379637001342207,0.11167413376716201,0.11932512796551001,0.16458500294451484,0.5171248207154548,109079.99999999999,109079.99999999999,1.0,8.6,10.0,1537.0670826178252,0.01
387,5.690994739532471,0.7387907608695651,0.7286396655065784,0.11167413376716201,0.11932512796551001,0.16458500294451484,0.5221669189753548,109079.99999999999,109079.99999999999,1.0,8.6,10.0,1537.067082617825,0.01
388,5.3521647453308105,0.7605298913043478,0.7529811792541812,0.111674133767162,0.11932512796551001,0.16458500294451484,0.512768598388925,109080.0,109080.0,1.0,8.6,10.0,1537.0670826178252,0.01
389,5.953784942626953,0.7333559782608695,0.7216384829091198,0.11167413376716201,0.11932512796551001,0.16458500294451484,0.5202027904001492,109080.0,109080.0,1.0,8.6,10.0,1537.067082617825,0.01
390,5.9846367835998535,0.7279211956521738,0.7154146423949332,0.11167413376716201,0.11932512796551001,0.16458500294451484,0.524113721472654,109080.0,109080.0,1.0,8.6,10.0,1537.0670826178252,0.01
391,7.04539155960083,0.7112771739130435,0.7021581429935974,0.111674133767162,0.11932512796551001,0.16458500294451484,0.5204271902132604,109080.0,109080.0,1.0,8.6,10.0,1537.067082617825,0.01
392,6.963879585266113,0.7214673913043478,0.7173108104031147,0.11167413376716201,0.11932512796551001,0.16458500294451484,0.5119271966526376,109079.99999999999,109079.99999999999,1.0,8.6,10.0,1537.067082617825,0.01
393,6.411787509918213,0.732336956521739,0.7276418171197465,0.111674133767162,0.11932512796551001,0.16458500294451484,0.5241944462028499,109079.99999999999,109079.99999999999,1.0,8.6,10.0,1537.0670826178252,0.01
394,6.548970699310303,0.7415081521739131,0.7367212047796065,0.11167413376716201,0.11932512796551001,0.16458500294451484,0.5220775382433157,109079.99999999999,109079.99999999999,1.0,8.6,10.0,1537.0768163637447,0.01
395,8.241795539855957,0.7119565217391305,0.6989494475835696,0.11167413376716201,0.11932512796551001,0.16458500294451484,0.5107844887996524,109079.99999999999,109079.99999999999,1.0,8.6,10.0,1537.0768163637445,0.01
396,7.60650634765625,0.7231657608695651,0.7159989957021787,0.11167413376716201,0.11932512796551001,0.16458500294451484,0.5266644142333001,109079.99999999999,109079.99999999999,1.0,8.6,10.0,1537.0768163637445,0.01
397,7.7240753173828125,0.7177309782608695,0.7094491158515727,0.111674133767162,0.11932512796551001,0.16458500294451484,0.5185888769901617,109080.0,109080.0,1.0,8.6,10.0,1537.0768163637445,0.01
398,7.913374423980713,0.7139945652173914,0.6994979477807503,0.11167413376716201,0.11932512796551002,0.16458500294451484,0.5173727334907706,109080.0,109080.0,1.0,8.6,10.0,1537.0768163637447,0.01
399,7.796451091766357,0.7214673913043478,0.7115874850334402,0.111674133767162,0.11932512796551001,0.16458500294451484,0.521007808430021,109079.99999999999,109079.99999999999,1.0,8.6,10.0,1537.0768163637445,0.01
400,6.871852874755859,0.7469429347826086,0.7410705196565055,0.11167413376716201,0.11932512796551001,0.16458500294451484,0.5220556062310772,109079.99999999999,109079.99999999999,1.0,8.6,10.0,1537.0768163637445,0.01
401,7.288439750671387,0.7483016304347826,0.743982997357395,0.11167413376716201,0.11932512796551001,0.16458500294451484,0.5205943061036824,109080.0,109080.0,1.0,8.6,10.0,1537.0768163637445,0.01
402,7.603100776672363,0.7272418478260869,0.7218972123820842,0.111674133767162,0.11932512796551001,0.16458500294451484,0.5157390165186291,109079.99999999999,109079.99999999999,1.0,8.6,10.0,1537.0768163637445,0.01
403,8.354109764099121,0.7224864130434783,0.7132074430907381,0.11167413376716201,0.11932512796551001,0.16458500294451484,0.5249312530080175,109080.0,109080.0,1.0,8.6,10.0,1537.0768163637445,0.01
404,8.56536865234375,0.7248641304347826,0.7176607147276943,0.111674133767162,0.11932512796551001,0.16458500294451484,0.5283407649355691,109080.0,109080.0,1.0,8.6,10.0,1537.0768163637445,0.01
405,8.7141695022583,0.7391304347826086,0.731687905615467,0.11167413376716201,0.11932512796551001,0.16458500294451484,0.5222618227360428,109080.0,109080.0,1.0,8.6,10.0,1537.0768163637447,0.01
406,8.574707984924316,0.755774456521739,0.75141007411988,0.11167413376716202,0.11932512796551001,0.16458500294451484,0.5192481732083093,109080.0,109080.0,1.0,8.6,10.0,1537.0768163637445,0.01
407,9.699298858642578,0.7218070652173914,0.7142273500154619,0.11167413376716201,0.11932512796551001,0.16458500294451484,0.5188208282058724,109080.0,109080.0,1.0,8.6,10.0,1537.0768163637445,0.01
408,10.024130821228027,0.7336956521739131,0.7251855636046013,0.111674133767162,0.11932512796551001,0.16458500294451484,0.5243886869412901,109080.0,109080.0,1.0,8.6,10.0,1537.0768163637445,0.01
409,10.732300758361816,0.7078804347826086,0.696104323082646,0.11167413376716201,0.11932512796551001,0.16458500294451484,0.5234756357521952,109079.99999999999,109079.99999999999,1.0,8.6,10.0,1537.0730918245035,0.01
410,10.062909126281738,0.7313179347826086,0.7255151342545871,0.11167413376716201,0.11932512796551001,0.16458500294451484,0.5309163344632815,109080.0,109080.0,1.0,8.6,10.0,1536.7856105268975,0.01
411,9.738985061645508,0.7391304347826086,0.7311777357406113,0.11167413376716201,0.11932512796551001,0.16458500294451484,0.5184549103623766,109079.99999999997,109079.99999999997,1.0,8.6,10.0,1536.914019463241,0.01
412,10.104813575744629,0.7272418478260869,0.7177597895799174,0.11167413376716201,0.11932512796551001,0.16458500294451484,0.5256446017858382,109080.0,109080.0,1.0,8.6,10.0,1536.9714018081816,0.01
413,10.792210578918457,0.7367527173913043,0.7281346370735746,0.11167413376716201,0.11932512796551001,0.16458500294451484,0.5211711437709962,109079.99999999999,109079.99999999999,1.0,8.6,10.0,1536.9714018081813,0.01
414,10.80334758758545,0.7316576086956522,0.7240614663860666,0.11167413376716201,0.11932512796551001,0.16458500294451484,0.513642708773971,109080.0,109080.0,1.0,8.6,10.0,1536.9714018081813,0.01
415,11.256098747253418,0.7228260869565217,0.7188822486602376,0.11167413376716201,0.11932512796551001,0.16458500294451484,0.5220519043545728,109080.0,109080.0,1.0,8.6,10.0,1536.9714018081818,0.01
416,10.752617835998535,0.7296195652173914,0.7245824639883177,0.11167413376716201,0.11932512796551001,0.16458500294451484,0.5209251299776112,109079.99999999999,109079.99999999999,1.0,8.6,10.0,1536.9714018081816,0.01
417,9.893606185913086,0.7418478260869565,0.7371019681845193,0.111674133767162,0.11932512796551001,0.16458500294451484,0.5175940475149954,109079.99999999999,109079.99999999999,1.0,8.6,10.0,1537.0127383492586,0.01
418,10.325111389160156,0.7340353260869565,0.723842769147479,0.111674133767162,0.11932512796551001,0.16458500294451484,0.5176455973930276,109080.0,109080.0,1.0,8.6,10.0,1537.0127383492586,0.01
419,10.030829429626465,0.7275815217391305,0.7200535850383006,0.11167413376716201,0.11932512796551001,0.16458500294451484,0.5230492889167695,109079.99999999999,109079.99999999999,1.0,8.6,10.0,1537.022472095178,0.01
420,9.761547088623047,0.7408288043478262,0.732619529468834,0.11167413376716201,0.11932512796551001,0.16458500294451484,0.5234461994243783,109080.0,109080.0,1.0,8.6,10.0,1537.0224720951783,0.01
421,10.164322853088379,0.7411684782608695,0.7341551016407295,0.11167413376716201,0.11932512796551001,0.16458500294451484,0.5242476020660962,109079.99999999999,109079.99999999999,1.0,8.6,10.0,1537.0224720951783,0.01
422,10.582671165466309,0.7384510869565217,0.7353742642476492,0.11167413376716201,0.11932512796551001,0.16458500294451484,0.515559601868068,109079.99999999999,109079.99999999999,1.0,8.6,10.0,1537.0224720951778,0.01
423,9.859719276428223,0.7530570652173914,0.7486018106794481,0.11167413376716201,0.11932512796551001,0.16458500294451484,0.5082535042272429,109079.99999999999,109079.99999999999,1.0,8.6,10.0,1537.022472095178,0.01
424,10.167901039123535,0.7462635869565217,0.7408945576225706,0.111674133767162,0.11932512796551001,0.16458500294451484,0.5179273661902991,109079.99999999999,109079.99999999999,1.0,8.6,10.0,1537.022472095178,0.01
425,10.0681791305542,0.7503396739130435,0.7401018249624669,0.111674133767162,0.11932512796551001,0.16458500294451484,0.527711959379412,109079.99999999999,109079.99999999999,1.0,8.6,10.0,1537.022472095178,0.01
426,10.116178512573242,0.7496603260869565,0.7424442108970751,0.111674133767162,0.11932512796551,0.16458500294451484,0.5129838274858722,109080.0,109080.0,1.0,8.6,10.0,1537.0224720951783,0.01
427,9.91360855102539,0.7527173913043478,0.7484071443555971,0.11167413376716201,0.11932512796551001,0.16458500294451484,0.5293236635909117,109079.99999999999,109079.99999999999,1.0,8.6,10.0,1537.053968626734,0.01
428,9.776758193969727,0.7537364130434783,0.7503540356971695,0.11167413376716201,0.11932512796551001,0.16458500294451484,0.5142913323880798,109080.0,109080.0,1.0,8.6,10.0,1537.0546487137851,0.01
429,10.88697338104248,0.7309782608695651,0.727859251805667,0.11167413376716201,0.11932512796551001,0.16458500294451484,0.5280440103047821,109079.99999999999,109079.99999999999,1.0,8.6,10.0,1537.0546487137851,0.01
430,10.515541076660156,0.7302989130434783,0.7254515332731949,0.11167413376716201,0.11932512796551001,0.16458500294451484,0.5236231157712241,109079.99999999999,109079.99999999999,1.0,8.6,10.0,1537.0546487137854,0.01
431,10.66865062713623,0.7459239130434783,0.7416115433520671,0.11167413376716201,0.11932512796551001,0.16458500294451484,0.5199906373633653,109079.99999999999,109079.99999999999,1.0,8.6,10.0,1537.0546487137854,0.01
432,11.885180473327637,0.7143342391304349,0.7080718666556244,0.11167413376716201,0.11932512796551001,0.16458500294451484,0.525212362197849,109080.0,109080.0,1.0,8.6,10.0,1537.0546487137854,0.01
433,11.653022766113281,0.7146739130434783,0.7085070876419497,0.11167413376716201,0.11932512796551001,0.16458500294451484,0.5244724694740786,109079.99999999999,109079.99999999999,1.0,8.6,10.0,1537.0546487137851,0.01
434,12.096692085266113,0.7336956521739131,0.729025530397997,0.11167413376716201,0.11932512796551001,0.16458500294451484,0.5210325715007408,109079.99999999999,109079.99999999999,1.0,8.6,10.0,1537.0546487137854,0.01
435,11.512170791625977,0.7370923913043478,0.7333513065293752,0.111674133767162,0.11932512796551001,0.16458500294451484,0.5236018527708584,109079.99999999999,109079.99999999999,1.0,8.6,10.0,1537.0546487137856,0.01
436,11.291122436523438,0.7377717391304349,0.7338919543830154,0.11167413376716201,0.11932512796551001,0.16458500294451484,0.5484723758451049,109080.0,109080.0,1.0,8.6,10.0,1537.0546487137854,0.01
437,11.273154258728027,0.732336956521739,0.7264415517427247,0.11167413376716202,0.11932512796551001,0.16458500294451484,0.5322803129828145,109079.99999999999,109079.99999999999,1.0,8.6,10.0,1537.0546487137854,0.01
438,11.106918334960938,0.7483016304347826,0.7453384997452487,0.11167413376716201,0.11932512796551001,0.16458500294451484,0.5168876042174048,109079.99999999999,109079.99999999999,1.0,8.6,10.0,1537.0546487137851,0.01
439,11.660892486572266,0.7357336956521738,0.7318820804564413,0.111674133767162,0.11932512796551001,0.16458500294451484,0.5171702128305009,109080.0,109080.0,1.0,8.6,10.0,1537.0546487137854,0.01
440,11.569067001342773,0.7272418478260869,0.7211484156424716,0.11167413376716201,0.11932512796551001,0.16458500294451484,0.5105335184163187,109079.99999999999,109079.99999999999,1.0,8.6,10.0,1537.0872503867993,0.01
441,12.302648544311523,0.7221467391304349,0.7149678706384973,0.11167413376716201,0.11932512796551001,0.16458500294451484,0.5208890724104299,109080.0,109080.0,1.0,8.6,10.0,1537.0872503867995,0.01
442,11.680830955505371,0.7387907608695651,0.7350944414398497,0.11167413376716201,0.11932512796551002,0.16458500294451484,0.5196885322266226,109080.0,109080.0,1.0,8.6,10.0,1537.0872503867995,0.01
443,12.1108980178833,0.7381114130434783,0.73546772742147,0.11167413376716202,0.11932512796551001,0.16458500294451484,0.5135232828257522,109079.99999999999,109079.99999999999,1.0,8.6,10.0,1537.0872503867993,0.01
444,12.117198944091797,0.7347146739130435,0.7316737639372112,0.11167413376716201,0.11932512796551001,0.16458500294451484,0.5224424628814494,109079.99999999999,109079.99999999999,1.0,8.6,10.0,1537.0872503867995,0.01
445,11.334895133972168,0.7333559782608695,0.7304587546351637,0.111674133767162,0.11932512796551001,0.16458500294451484,0.5280514048155036,109079.99999999999,109079.99999999999,1.0,8.6,10.0,1537.0872503867995,0.01
446,12.581782341003418,0.7190896739130435,0.7078991250418222,0.111674133767162,0.11932512796551001,0.16458500294451484,0.5158769939098836,109079.99999999999,109079.99999999999,1.0,8.6,10.0,1537.0872503867995,0.01
447,13.500237464904785,0.7072010869565217,0.6925193113587276,0.11167413376716201,0.11932512796551001,0.16458500294451484,0.5136278877774572,109080.0,109080.0,1.0,8.6,10.0,1537.0872503867995,0.01
448,12.4391450881958,0.7275815217391305,0.7198540310245111,0.11167413376716201,0.11932512796551001,0.16458500294451484,0.5217012491267705,109079.99999999999,109079.99999999999,1.0,8.6,10.0,1537.0872503867995,0.01
449,11.703716278076172,0.7415081521739131,0.7370869230782251,0.11167413376716202,0.11932512796551001,0.16458500294451484,0.5222054321371562,109080.0,109080.0,1.0,8.6,10.0,1537.0872503867995,0.01
450,11.879956245422363,0.728600543478261,0.7220729748937603,0.11167413376716202,0.11932512796551001,0.16458500294451484,0.5285418241794533,109080.0,109080.0,1.0,8.6,10.0,1537.0872503867993,0.01
451,10.129355430603027,0.7391304347826086,0.7367552197228174,0.11167413376716201,0.11932512796551001,0.16458500294451484,0.5192510144495212,109079.99999999999,109079.99999999999,1.0,8.6,10.0,1537.0872503867995,0.01
452,10.284004211425781,0.7391304347826086,0.7340101836533439,0.111674133767162,0.11932512796551001,0.16458500294451484,0.5179037982608081,109080.0,109080.0,1.0,8.6,10.0,1537.0872503867997,0.01
453,10.94757080078125,0.740149456521739,0.7356004322720789,0.11167413376716201,0.11932512796551001,0.16458500294451484,0.5171857336465111,109079.99999999999,109079.99999999999,1.0,8.6,10.0,1537.0872503867995,0.01
454,10.622060775756836,0.7374320652173914,0.7355023369329774,0.11167413376716201,0.11932512796551001,0.16458500294451484,0.5223576701828911,109080.0,109080.0,1.0,8.6,10.0,1537.0872503867993,0.01
455,10.08773136138916,0.7435461956521738,0.73655127853941,0.111674133767162,0.11932512796551001,0.16458500294451484,0.5103482405885129,109080.0,109080.0,1.0,8.6,10.0,1537.0872503867995,0.01
456,11.791382789611816,0.7269021739130435,0.718495468650596,0.11167413376716201,0.11932512796551001,0.16458500294451484,0.5206215075816112,109080.0,109080.0,1.0,8.6,10.0,1537.0872503867995,0.01
457,10.673056602478027,0.7404891304347826,0.7326785029221526,0.11167413376716201,0.11932512796551001,0.16458500294451484,0.5201140164810114,109079.99999999999,109079.99999999999,1.0,8.6,10.0,1537.1164516245578,0.01
458,11.359951972961426,0.7377717391304349,0.7290595446992887,0.11167413376716201,0.11932512796551001,0.16458500294451484,0.5214163131760564,109079.99999999999,109079.99999999999,1.0,8.6,10.0,1537.1164516245578,0.01
459,14.803194999694824,0.7021059782608695,0.6820888213466098,0.11167413376716202,0.11932512796551001,0.16458500294451484,0.5280042483640572,109079.99999999999,109079.99999999999,1.0,8.6,10.0,1537.1164516245576,0.01
460,13.27639102935791,0.6997282608695651,0.6814047816100417,0.11167413376716201,0.11932512796551,0.16458500294451484,0.5189289567714418,109079.99999999999,109079.99999999999,1.0,8.6,10.0,1537.1164516245578,0.01
461,12.645023345947266,0.6990489130434783,0.6899868433522812,0.111674133767162,0.11932512796551001,0.16458500294451484,0.5234339344553381,109079.99999999999,109079.99999999999,1.0,8.6,10.0,1537.1164516245578,0.01
462,11.919835090637207,0.6830842391304349,0.678353394967695,0.11167413376716201,0.11932512796551001,0.16458500294451484,0.5249207123254666,109079.99999999997,109079.99999999997,1.0,8.6,10.0,1537.1164516245578,0.01
463,10.989683151245117,0.7017663043478262,0.6971379199567308,0.11167413376716201,0.11932512796551001,0.16458500294451484,0.5330968350658479,109079.99999999999,109079.99999999999,1.0,8.6,10.0,1537.116451624558,0.01
464,10.638448715209961,0.7027853260869565,0.6941653395891042,0.11167413376716201,0.11932512796551001,0.16458500294451484,0.5181030524049413,109080.0,109080.0,1.0,8.6,10.0,1537.116451624558,0.01
465,11.307768821716309,0.6987092391304349,0.6963271155031444,0.11167413376716202,0.11932512796551,0.16458500294451484,0.5080112380353619,109080.0,109080.0,1.0,8.6,10.0,1537.127375522817,0.01
466,11.491399765014648,0.6993885869565217,0.6923309731786166,0.11167413376716201,0.11932512796551001,0.16458500294451484,0.5247600143440919,109080.0,109080.0,1.0,8.6,10.0,1537.1273755228167,0.01
467,10.003134727478027,0.7248641304347826,0.7206239175198851,0.11167413376716201,0.11932512796551001,0.16458500294451484,0.5220840665409433,109079.99999999999,109079.99999999999,1.0,8.6,10.0,1537.1273755228167,0.01
468,9.867851257324219,0.7302989130434783,0.7273460431496591,0.111674133767162,0.11932512796551002,0.16458500294451484,0.5274732252005265,109079.99999999999,109079.99999999999,1.0,8.6,10.0,1537.1273755228167,0.01
469,9.991952896118164,0.7153532608695651,0.707767496825746,0.11167413376716201,0.11932512796551001,0.16458500294451484,0.5231344528309798,109079.99999999999,109079.99999999999,1.0,8.6,10.0,1537.127375522817,0.01
470,10.269893646240234,0.7092391304347826,0.7064320912603352,0.11167413376716201,0.11932512796551001,0.16458500294451484,0.5206547016936626,109079.99999999999,109079.99999999999,1.0,8.6,10.0,1537.1273755228167,0.01
471,12.478341102600098,0.6987092391304349,0.6934726496176137,0.11167413376716201,0.11932512796551001,0.16458500294451484,0.5279735501235404,109079.99999999999,109079.99999999999,1.0,8.6,10.0,1537.1273755228167,0.01
472,10.28662395477295,0.7309782608695651,0.7261899673948337,0.111674133767162,0.11932512796551001,0.16458500294451484,0.5194467786087433,109079.99999999999,109079.99999999999,1.0,8.6,10.0,1537.1273755228167,0.01
473,9.942655563354492,0.7272418478260869,0.7234712940285135,0.11167413376716201,0.11932512796551001,0.16458500294451484,0.5206712249897509,109079.99999999999,109079.99999999999,1.0,8.6,10.0,1537.1309672325558,0.01
474,9.50683307647705,0.7241847826086957,0.7205738839548065,0.11167413376716201,0.11932512796551001,0.16458500294451484,0.5197176317460388,109079.99999999999,109079.99999999999,1.0,8.6,10.0,1537.1309672325553,0.01
475,10.249486923217773,0.7279211956521738,0.7231464554417242,0.111674133767162,0.11932512796551001,0.16458500294451484,0.5267025044550704,109079.99999999999,109079.99999999999,1.0,8.6,10.0,1537.1309672325558,0.01
476,9.99333667755127,0.7258831521739131,0.7209842905822273,0.11167413376716201,0.11932512796551001,0.16458500294451484,0.5196536451221421,109080.0,109080.0,1.0,8.6,10.0,1537.1309672325556,0.01
477,9.511045455932617,0.7139945652173914,0.7069779339540352,0.11167413376716201,0.11932512796551001,0.16458500294451484,0.5267017873833048,109080.0,109080.0,1.0,8.6,10.0,1537.1309672325556,0.01
478,9.060347557067871,0.7204483695652174,0.7131387609858764,0.111674133767162,0.11932512796551001,0.16458500294451484,0.5221507707215497,109080.0,109080.0,1.0,8.6,10.0,1537.1309672325553,0.01
479,9.157551765441895,0.7190896739130435,0.7137748042862951,0.11167413376716201,0.11932512796551001,0.16458500294451484,0.5200845505130174,109079.99999999999,109079.99999999999,1.0,8.6,10.0,1537.1309672325556,0.01
480,9.655044555664062,0.7095788043478262,0.7044917594081695,0.11167413376716201,0.11932512796551,0.16458500294451484,0.5222356067777847,109080.0,109080.0,1.0,8.6,10.0,1537.1309672325556,0.01
481,9.570548057556152,0.7231657608695651,0.7186240711887818,0.11167413376716201,0.11932512796551001,0.16458500294451484,0.5142633145729787,109079.99999999999,109079.99999999999,1.0,8.6,10.0,1537.1309672325556,0.01
482,10.655107498168945,0.7204483695652174,0.7087784249736826,0.111674133767162,0.11932512796551001,0.16458500294451484,0.515092544833257,109079.99999999999,109079.99999999999,1.0,8.6,10.0,1537.1309672325556,0.01
483,10.974583625793457,0.7146739130434783,0.7041215658938734,0.11167413376716201,0.11932512796551001,0.16458500294451484,0.5192288673027815,109079.99999999999,109079.99999999999,1.0,8.6,10.0,1537.1309672325558,0.01
484,9.285033226013184,0.7489809782608695,0.7429932937491833,0.11167413376716201,0.11932512796551001,0.16458500294451484,0.5203588569903659,109080.0,109080.0,1.0,8.6,10.0,1537.1309672325556,0.01
485,9.994006156921387,0.7309782608695651,0.7241322340942368,0.111674133767162,0.11932512796551001,0.16458500294451484,0.5142263699083774,109079.99999999999,109079.99999999999,1.0,8.6,10.0,1537.130967232556,0.01
486,9.088830947875977,0.7384510869565217,0.7339311189629296,0.11167413376716201,0.11932512796551001,0.16458500294451484,0.5225757072812456,109079.99999999999,109079.99999999999,1.0,8.6,10.0,1537.1309672325558,0.01
487,8.448802947998047,0.7476222826086957,0.7427782330744622,0.11167413376716201,0.11932512796551001,0.16458500294451484,0.5220552046942374,109079.99999999999,109079.99999999999,1.0,8.6,10.0,1537.1309672325556,0.01
488,8.314506530761719,0.7377717391304349,0.7294256717237052,0.11167413376716201,0.11932512796551001,0.16458500294451484,0.5169565919563741,109079.99999999999,109079.99999999999,1.0,8.6,10.0,1537.1309672325556,0.01
489,9.279244422912598,0.7435461956521738,0.7363417629047851,0.111674133767162,0.11932512796551001,0.16458500294451484,0.5125847061907506,109079.99999999999,109079.99999999999,1.0,8.6,10.0,1537.1309672325558,0.01
490,9.100197792053223,0.7455842391304349,0.7390380189560716,0.11167413376716201,0.11932512796551001,0.16458500294451484,0.5107257619451517,109080.0,109080.0,1.0,8.6,10.0,1537.172303773633,0.01
491,9.381537437438965,0.7421875,0.7357450181848733,0.11167413376716201,0.11932512796551001,0.16458500294451484,0.5146949231884036,109079.99999999999,109079.99999999999,1.0,8.6,10.0,1537.1723037736328,0.01
492,9.27381420135498,0.7387907608695651,0.7324225053766538,0.11167413376716201,0.11932512796551001,0.16458500294451484,0.524434752802854,109080.0,109080.0,1.0,8.6,10.0,1537.172303773633,0.01
493,8.966023445129395,0.7554347826086957,0.7506952130299188,0.11167413376716201,0.11932512796551001,0.16458500294451484,0.5191997099947488,109080.0,109080.0,1.0,8.6,10.0,1537.1723037736328,0.01
494,8.725960731506348,0.7483016304347826,0.7433363725298602,0.111674133767162,0.11932512796551001,0.16458500294451484,0.5169134155256315,109080.0,109080.0,1.0,8.6,10.0,1537.1949166680836,0.01
495,8.713834762573242,0.7459239130434783,0.7379447651355902,0.11167413376716201,0.11932512796551001,0.16458500294451484,0.5191640600610739,109079.99999999999,109079.99999999999,1.0,8.6,10.0,1537.1949166680836,0.01
496,8.860464096069336,0.7296195652173914,0.7198038574251363,0.11167413376716201,0.11932512796551001,0.16458500294451484,0.5244621938019505,109079.99999999999,109079.99999999999,1.0,8.6,10.0,1537.1949166680834,0.01
497,9.24897575378418,0.7350543478260869,0.7269464209277411,0.111674133767162,0.11932512796551001,0.16458500294451484,0.5292683827474923,109079.99999999999,109079.99999999999,1.0,8.6,10.0,1537.1949166680834,0.01
498,8.680129051208496,0.7574728260869565,0.7522834090402469,0.111674133767162,0.11932512796551001,0.16458500294451484,0.5264194718317835,109080.0,109080.0,1.0,8.6,10.0,1537.1949166680834,0.01
499,8.634866714477539,0.740149456521739,0.7295283675123126,0.11167413376716201,0.11932512796551001,0.16458500294451484,0.514719623476429,109080.0,109080.0,1.0,8.6,10.0,1537.1949166680836,0.01
500,8.828269004821777,0.7472826086956522,0.741560410813484,0.111674133767162,0.11932512796551,0.16458500294451484,0.5186732970461881,109079.99999999999,109079.99999999999,1.0,8.6,10.0,1537.1949166680836,0.01
