round,loss,accuracy,f1,dp_epsilon,dp_epsilon_mean,dp_epsilon_max,fit_wall_s,comm_bytes_down,comm_bytes_up,dp_clip_norm,dp_noise_multiplier,dp_target_epsilon,memory_usage_mb,prox_mu
1,1.5586857795715332,0.4463315217391305,0.3729767784843577,0.21966533409873668,0.29082583774734716,0.6546898711826452,1.7142120712599893,109079.99999999999,109079.99999999999,1.0,8.6,10.0,872.3718492842085,0.01
2,1.3134737014770508,0.5682744565217391,0.4624469304867243,0.21966533409873668,0.29082583774734716,0.6546898711826452,0.5162295101127375,109080.0,109080.0,1.0,8.6,10.0,1533.707692740921,0.01
3,1.1262093782424927,0.600203804347826,0.49230065475679285,0.21966533409873665,0.29082583774734716,0.6546898711826452,0.5170041812711493,109080.0,109080.0,1.0,8.6,10.0,1535.113703116499,0.01
4,0.9460901021957397,0.6728940217391305,0.654268778219257,0.21966533409873665,0.29082583774734716,0.6546898711826452,0.5182377855912647,109079.99999999999,109079.99999999999,1.0,8.6,10.0,1536.0440011008907,0.01
5,0.8414657711982727,0.6993885869565217,0.6335987956656406,0.21966533409873665,0.29082583774734716,0.6546898711826452,0.5282140552867873,109080.0,109080.0,1.0,8.6,10.0,1536.3495514613371,0.01
6,0.7865317463874817,0.6348505434782609,0.5647359141033705,0.21966533409873665,0.29082583774734716,0.6546898711826452,0.519819171274318,109079.99999999999,109079.99999999999,1.0,8.6,10.0,1536.4893518557874,0.01
7,0.7356986999511719,0.6919157608695651,0.6777445785281156,0.21966533409873662,0.29082583774734716,0.6546898711826452,0.5178995392527492,109080.0,109080.0,1.0,8.6,10.0,1536.6855357173217,0.01
8,0.7220814824104309,0.7034646739130435,0.669833242010618,0.21966533409873665,0.29082583774734716,0.6546898711826452,0.5169858550804873,109080.0,109080.0,1.0,8.6,10.0,1536.807866375646,0.01
9,0.7058228254318237,0.6582880434782609,0.606292244041974,0.21966533409873665,0.29082583774734716,0.6546898711826452,0.5104873673311385,109079.99999999999,109079.99999999999,1.0,8.6,10.0,1536.90758413952,0.01
10,0.7061553597450256,0.686141304347826,0.6348132249023389,0.21966533409873665,0.29082583774734716,0.6546898711826452,0.5173916636405753,109079.99999999999,109079.99999999999,1.0,8.6,10.0,1537.1223853840793,0.01
11,0.7471470236778259,0.6756114130434783,0.6210735782281392,0.21966533409873665,0.29082583774734716,0.6546898711826452,0.5116488332652424,109079.99999999999,109079.99999999999,1.0,8.6,10.0,1537.2172564650773,0.01
12,0.7421918511390686,0.6613451086956522,0.6046085254291867,0.21966533409873665,0.29082583774734716,0.6546898711826452,0.5301408087986726,109080.0,109080.0,1.0,8.6,10.0,1537.2518771465247,0.01
13,0.7542047500610352,0.6793478260869565,0.6229457191982881,0.21966533409873668,0.29082583774734716,0.6546898711826452,0.5484877427851413,109080.0,109080.0,1.0,8.6,10.0,1537.3482582333038,0.01
14,0.692625105381012,0.6990489130434783,0.6756584851211906,0.21966533409873665,0.29082583774734716,0.6546898711826452,0.5172076572920474,109080.0,109080.0,1.0,8.6,10.0,1537.4440442439131,0.01
15,0.6749796867370605,0.6779891304347826,0.6378493361169403,0.21966533409873668,0.29082583774734716,0.6546898711826452,0.5147234785803255,109079.99999999999,109079.99999999999,1.0,8.6,10.0,1537.5449309074063,0.01
16,0.7929639220237732,0.6684782608695651,0.6206931076577089,0.21966533409873665,0.29082583774734716,0.6546898711826452,0.5232595557162499,109079.99999999999,109079.99999999999,1.0,8.6,10.0,1537.677675398701,0.01
17,0.6605005860328674,0.7095788043478262,0.7000151396506543,0.21966533409873665,0.29082583774734716,0.6546898711826452,0.52870753313434,109079.99999999999,109079.99999999999,1.0,8.6,10.0,1537.7236025273735,0.01
18,0.7523798942565918,0.6824048913043478,0.6528969369870534,0.21966533409873665,0.29082583774734716,0.6546898711826452,0.5194907637882544,109080.0,109080.0,1.0,8.6,10.0,1537.7746728143702,0.01
19,0.7948991060256958,0.679008152173913,0.6228659303320555,0.21966533409873668,0.29082583774734716,0.6546898711826452,0.5229487202826469,109080.0,109080.0,1.0,8.6,10.0,1537.8631266364596,0.01
20,0.8403034210205078,0.6905570652173914,0.6281790635509089,0.21966533409873668,0.29082583774734716,0.6546898711826452,0.5215425641803928,109079.99999999999,109079.99999999999,1.0,8.6,10.0,1537.8843155986467,0.01
21,0.7225226163864136,0.6976902173913043,0.6527617091235094,0.21966533409873665,0.29082583774734716,0.6546898711826452,0.517298988568251,109080.0,109080.0,1.0,8.6,10.0,1537.9194250926619,0.01
22,0.8199822306632996,0.7058423913043478,0.6542956066057948,0.21966533409873668,0.29082583774734716,0.6546898711826452,0.5198636930577772,109079.99999999997,109079.99999999997,1.0,8.6,10.0,1537.940614054849,0.01
23,0.6742111444473267,0.7116168478260869,0.6843818907638036,0.21966533409873665,0.29082583774734716,0.6546898711826452,0.5218818404988443,109080.0,109080.0,1.0,8.6,10.0,1537.9763823831947,0.01
24,0.6793257594108582,0.7279211956521738,0.6963894809375973,0.21966533409873668,0.29082583774734716,0.6546898711826452,0.5059339091489832,109079.99999999999,109079.99999999999,1.0,8.6,10.0,1538.01149187721,0.01
25,0.6793414950370789,0.7571331521739131,0.7152153548252208,0.21966533409873665,0.29082583774734716,0.6546898711826452,0.5198094207911029,109080.0,109080.0,1.0,8.6,10.0,1538.0114918772101,0.01
26,0.6026975512504578,0.794836956521739,0.785693651292762,0.21966533409873665,0.29082583774734716,0.6546898711826452,0.5149126600583568,109080.0,109080.0,1.0,8.6,10.0,1538.0635610420634,0.01
27,0.641485333442688,0.7469429347826086,0.7307711197179114,0.21966533409873665,0.29082583774734716,0.6546898711826452,0.5275147321823502,109079.99999999999,109079.99999999999,1.0,8.6,10.0,1538.0744849403225,0.01
28,0.7527121305465698,0.740149456521739,0.6757067657300798,0.21966533409873665,0.29082583774734716,0.6546898711826452,0.5086018710647495,109079.99999999999,109079.99999999999,1.0,8.6,10.0,1538.0780766500611,0.01
29,0.6692087650299072,0.7625679347826086,0.7477655760534013,0.21966533409873668,0.29082583774734716,0.6546898711826452,0.5109494263964975,109079.99999999999,109079.99999999999,1.0,8.6,10.0,1538.078076650061,0.01
30,0.7762846350669861,0.7116168478260869,0.6601568190021377,0.21966533409873665,0.29082583774734716,0.6546898711826452,0.520057165908087,109079.99999999999,109079.99999999999,1.0,8.6,10.0,1538.1106783230755,0.01
31,0.7731736302375793,0.7622282608695651,0.7087652759733833,0.21966533409873668,0.29082583774734716,0.6546898711826452,0.5195546504657338,109079.99999999999,109079.99999999999,1.0,8.6,10.0,1538.1313359672536,0.01
32,0.8823099136352539,0.7072010869565217,0.6473562395795508,0.21966533409873665,0.29082583774734716,0.6546898711826452,0.5112906442438299,109079.99999999999,109079.99999999999,1.0,8.6,10.0,1538.187634423456,0.01
33,0.6569783687591553,0.8074048913043478,0.798587926416409,0.21966533409873668,0.29082583774734716,0.6546898711826452,0.5191104721452259,109079.99999999999,109079.99999999999,1.0,8.6,10.0,1538.2263993853712,0.01
34,0.6657132506370544,0.7941576086956522,0.7813556710687883,0.21966533409873665,0.29082583774734716,0.6546898711826452,0.5305297600107431,109080.0,109080.0,1.0,8.6,10.0,1538.2677359264485,0.01
35,0.6535021662712097,0.8203125,0.8149071556711858,0.21966533409873665,0.29082583774734716,0.6546898711826452,0.5099010141292775,109079.99999999999,109079.99999999999,1.0,8.6,10.0,1538.2677359264487,0.01
36,0.8126344084739685,0.7730978260869565,0.7636883591209975,0.21966533409873668,0.29082583774734716,0.6546898711826452,0.519590606075895,109079.99999999999,109079.99999999999,1.0,8.6,10.0,1538.2713276361874,0.01
37,0.7348581552505493,0.7934782608695651,0.7758335409803755,0.21966533409873665,0.29082583774734716,0.6546898711826452,0.5110701202567954,109079.99999999999,109079.99999999999,1.0,8.6,10.0,1538.2822515344462,0.01
38,0.7405812740325928,0.7927989130434783,0.7801600438301709,0.21966533409873665,0.29082583774734716,0.6546898711826452,0.5185066646408854,109079.99999999999,109079.99999999999,1.0,8.6,10.0,1538.2822515344465,0.01
39,0.6701973080635071,0.8213315217391305,0.8149330562858895,0.21966533409873665,0.29082583774734716,0.6546898711826452,0.5236893699659487,109079.99999999999,109079.99999999999,1.0,8.6,10.0,1538.3508340630099,0.01
40,0.6510316133499146,0.8325407608695651,0.8276384044975786,0.21966533409873665,0.29082583774734716,0.6546898711826452,0.5240936382745633,109079.99999999999,109079.99999999999,1.0,8.6,10.0,1538.3508340630096,0.01
41,0.7079281210899353,0.8043478260869565,0.794835648242593,0.21966533409873665,0.29082583774734716,0.6546898711826452,0.5216496931845007,109079.99999999999,109079.99999999999,1.0,8.6,10.0,1538.3508340630099,0.01
42,0.7010778784751892,0.791100543478261,0.7815216292677895,0.21966533409873665,0.29082583774734716,0.6546898711826452,0.5155118016994298,109080.00000000001,109080.00000000001,1.0,8.6,10.0,1538.361757961269,0.01
43,0.7380844950675964,0.7764945652173914,0.767335819276168,0.21966533409873665,0.29082583774734716,0.6546898711826452,0.5212363726231426,109079.99999999999,109079.99999999999,1.0,8.6,10.0,1538.4356961753604,0.01
44,0.7944715023040771,0.7544157608695651,0.742709757886662,0.21966533409873665,0.29082583774734716,0.6546898711826452,0.5183764225251009,109079.99999999999,109079.99999999999,1.0,8.6,10.0,1538.4356961753604,0.01
45,0.7785513997077942,0.779211956521739,0.7618356831095787,0.21966533409873665,0.2908258377473472,0.6546898711826452,0.5184416099653151,109080.0,109080.0,1.0,8.6,10.0,1538.4356961753606,0.01
46,0.7676060795783997,0.7513586956521738,0.7391417779116507,0.21966533409873665,0.29082583774734716,0.6546898711826452,0.5107332242975038,109080.0,109080.0,1.0,8.6,10.0,1538.4496167071882,0.01
47,0.6031587719917297,0.8118206521739131,0.8071114925436426,0.21966533409873665,0.2908258377473472,0.6546898711826452,0.5265062500330517,109079.99999999999,109079.99999999999,1.0,8.6,10.0,1538.4909532482657,0.01
48,0.673570454120636,0.8138586956521738,0.8063163687037992,0.21966533409873665,0.29082583774734716,0.6546898711826452,0.5219582692194037,109080.0,109080.0,1.0,8.6,10.0,1538.5358814990818,0.01
49,0.7536572813987732,0.7700407608695651,0.7607182968661013,0.21966533409873665,0.29082583774734716,0.6546898711826452,0.5164684195383589,109079.99999999999,109079.99999999999,1.0,8.6,10.0,1538.558494393532,0.01
50,0.8657610416412354,0.7347146739130435,0.7145096640070349,0.21966533409873665,0.29082583774734716,0.6546898711826452,0.5087669809248554,109079.99999999999,109079.99999999999,1.0,8.6,10.0,1538.5584943935323,0.01
51,0.7793732285499573,0.7958559782608695,0.7901814628471829,0.21966533409873665,0.29082583774734716,0.6546898711826452,0.5157396926648988,109079.99999999999,109079.99999999999,1.0,8.6,10.0,1538.581107287983,0.01
52,0.8378151059150696,0.7938179347826086,0.7827023773455889,0.21966533409873665,0.29082583774734716,0.6546898711826452,0.523947430091532,109080.0,109080.0,1.0,8.6,10.0,1538.6137089609967,0.01
53,0.9005032777786255,0.7564538043478262,0.7477502444770558,0.21966533409873665,0.2908258377473472,0.6546898711826452,0.5229841873487528,109079.99999999999,109079.99999999999,1.0,8.6,10.0,1538.613708960997,0.01
54,0.6780166029930115,0.8454483695652174,0.8415454339997023,0.21966533409873665,0.2908258377473472,0.6546898711826452,0.5184792323327817,109080.0,109080.0,1.0,8.6,10.0,1538.6137089609967,0.01
55,0.6773916482925415,0.8305027173913043,0.8271933478588159,0.21966533409873665,0.29082583774734716,0.6546898711826452,0.5096106652142044,109079.99999999999,109079.99999999999,1.0,8.6,10.0,1538.6137089609967,0.01
56,0.7665792107582092,0.8009510869565217,0.7926264492894249,0.21966533409873665,0.29082583774734716,0.6546898711826452,0.5247846237982707,109079.99999999999,109079.99999999999,1.0,8.6,10.0,1538.613708960997,0.01
57,0.8163549900054932,0.8016304347826086,0.7942723314985723,0.21966533409873665,0.29082583774734716,0.6546898711826452,0.5277929533682398,109079.99999999999,109079.99999999999,1.0,8.6,10.0,1538.6586372118134,0.01
58,1.0209414958953857,0.7537364130434783,0.7125750370266348,0.21966533409873665,0.29082583774734716,0.6546898711826452,0.5222825541265382,109079.99999999999,109079.99999999999,1.0,8.6,10.0,1538.7413102939677,0.01
59,0.9020631909370422,0.7873641304347826,0.7793108591944922,0.21966533409873662,0.29082583774734716,0.6546898711826452,0.5218588809064216,109080.0,109080.0,1.0,8.6,10.0,1538.7413102939674,0.01
60,0.8839972019195557,0.8033288043478262,0.7931115117524612,0.21966533409873665,0.29082583774734716,0.6546898711826452,0.5160383105407732,109080.0,109080.0,1.0,8.6,10.0,1538.7413102939677,0.01
61,0.7778115272521973,0.8162364130434783,0.8117789521007825,0.21966533409873668,0.29082583774734716,0.6546898711826452,0.5220476428494749,109080.0,109080.0,1.0,8.6,10.0,1538.7413102939677,0.01
62,0.9333697557449341,0.796875,0.7938424242699627,0.21966533409873665,0.29082583774734716,0.6546898711826452,0.5152348353567009,109079.99999999999,109079.99999999999,1.0,8.6,10.0,1538.7413102939677,0.01
63,0.964336097240448,0.7853260869565217,0.7817520577619461,0.21966533409873665,0.2908258377473472,0.6546898711826452,0.5093172202626561,109080.0,109080.0,1.0,8.6,10.0,1538.7639231884182,0.01
64,1.0675472021102905,0.7612092391304349,0.7491883604390164,0.21966533409873665,0.29082583774734716,0.6546898711826452,0.5239112799069048,109079.99999999999,109079.99999999999,1.0,8.6,10.0,1538.763923188418,0.01
65,0.8716092109680176,0.7975543478260869,0.7909462090643546,0.21966533409873665,0.29082583774734716,0.6546898711826452,0.5236151180147995,109080.0,109080.0,1.0,8.6,10.0,1538.7736569343374,0.01
66,0.8558195233345032,0.7707201086956522,0.7628457339877573,0.21966533409873665,0.29082583774734716,0.6546898711826452,0.5106689079347451,109079.99999999999,109079.99999999999,1.0,8.6,10.0,1538.7736569343379,0.01
67,0.9164624810218811,0.7781929347826086,0.7587563362565636,0.21966533409873665,0.29082583774734716,0.6546898711826452,0.5074338062997742,109080.0,109080.0,1.0,8.6,10.0,1538.8209654898328,0.01
68,1.0982640981674194,0.759850543478261,0.7227697700287143,0.21966533409873665,0.29082583774734716,0.6546898711826452,0.5128982943666124,109079.99999999999,109079.99999999999,1.0,8.6,10.0,1538.8348860216606,0.01
69,0.7912855744361877,0.8033288043478262,0.7998894987201087,0.21966533409873665,0.29082583774734716,0.6546898711826452,0.5231597926852753,109079.99999999999,109079.99999999999,1.0,8.6,10.0,1538.8348860216609,0.01
70,0.9110208749771118,0.7622282608695651,0.7506577562429784,0.21966533409873665,0.29082583774734716,0.6546898711826452,0.5073474160799912,109079.99999999999,109079.99999999999,1.0,8.6,10.0,1538.8348860216609,0.01
71,1.0492416620254517,0.7632472826086957,0.7509923897212868,0.21966533409873665,0.29082583774734716,0.6546898711826452,0.5216479689304406,109080.0,109080.0,1.0,8.6,10.0,1538.8348860216606,0.01
72,1.1497807502746582,0.7615489130434783,0.7412376096532597,0.21966533409873665,0.29082583774734716,0.6546898711826452,0.5171601332570056,109080.0,109080.0,1.0,8.6,10.0,1538.856074983848,0.01
73,1.118531346321106,0.7853260869565217,0.7806648412361494,0.21966533409873668,0.29082583774734716,0.6546898711826452,0.5190315551415361,109079.99999999999,109079.99999999999,1.0,8.6,10.0,1538.856074983848,0.01
74,1.16082763671875,0.7530570652173914,0.747466897465265,0.21966533409873665,0.29082583774734716,0.6546898711826452,0.5210516850045509,109079.99999999999,109079.99999999999,1.0,8.6,10.0,1538.8560749838477,0.01
75,1.1107192039489746,0.7605298913043478,0.7535905977196258,0.21966533409873665,0.29082583774734716,0.6546898711826452,0.5179060904453058,109079.99999999999,109079.99999999999,1.0,8.6,10.0,1538.8560749838475,0.01
76,1.6031688451766968,0.7000679347826086,0.6833898149211527,0.21966533409873665,0.2908258377473472,0.6546898711826452,0.5161843408178842,109079.99999999999,109079.99999999999,1.0,8.6,10.0,1538.8886766568621,0.01
77,1.310815453529358,0.7537364130434783,0.747180507643921,0.21966533409873668,0.29082583774734716,0.6546898711826452,0.5178468934340368,109080.0,109080.0,1.0,8.6,10.0,1538.9300131979394,0.01
78,1.2779120206832886,0.7693614130434783,0.7589422004841454,0.21966533409873665,0.29082583774734716,0.6546898711826452,0.5247551975558968,109079.99999999999,109079.99999999999,1.0,8.6,10.0,1538.9300131979392,0.01
79,1.2006019353866577,0.7612092391304349,0.7524475207416277,0.21966533409873665,0.29082583774734716,0.6546898711826452,0.5174362455475447,109080.0,109080.0,1.0,8.6,10.0,1538.9409370961982,0.01
80,1.2040046453475952,0.7646059782608695,0.7554397389481692,0.21966533409873665,0.2908258377473472,0.6546898711826452,0.5111447137509908,109079.99999999999,109079.99999999999,1.0,8.6,10.0,1538.940937096198,0.01
81,1.2938374280929565,0.7533967391304349,0.738538653519189,0.21966533409873665,0.29082583774734716,0.6546898711826452,0.5200453494007622,109080.0,109080.0,1.0,8.6,10.0,1538.9409370961982,0.01
82,1.2256723642349243,0.7561141304347826,0.7448515113005794,0.21966533409873668,0.29082583774734716,0.6546898711826452,0.5155309156896759,109080.0,109080.0,1.0,8.6,10.0,1538.9409370961985,0.01
83,1.1121723651885986,0.7758152173913043,0.76512131956339,0.21966533409873665,0.29082583774734716,0.6546898711826452,0.5265046241363841,109079.99999999999,109079.99999999999,1.0,8.6,10.0,1538.940937096198,0.01
84,1.092423439025879,0.7866847826086957,0.7815310486036318,0.21966533409873668,0.29082583774734716,0.6546898711826452,0.5215163633989433,109079.99999999999,109079.99999999999,1.0,8.6,10.0,1538.940937096198,0.01
85,0.9513692855834961,0.7985733695652174,0.7940967172464606,0.21966533409873665,0.29082583774734716,0.6546898711826452,0.5212717890026001,109080.0,109080.0,1.0,8.6,10.0,1538.9542625518566,0.01
86,1.137671709060669,0.7744565217391305,0.7618994235562975,0.21966533409873668,0.29082583774734716,0.6546898711826452,0.5154305762967035,109079.99999999999,109079.99999999999,1.0,8.6,10.0,1538.9542625518566,0.01
87,1.064642310142517,0.7907608695652174,0.7823376455328873,0.21966533409873665,0.29082583774734716,0.6546898711826452,0.5222612114803575,109080.0,109080.0,1.0,8.6,10.0,1538.9578542615957,0.01
88,0.999243438243866,0.7897418478260869,0.7826869248198534,0.21966533409873665,0.29082583774734716,0.6546898711826452,0.525821109818167,109080.0,109080.0,1.0,8.6,10.0,1538.9578542615957,0.01
89,1.0422176122665405,0.7917798913043478,0.7788101361496582,0.21966533409873665,0.29082583774734716,0.6546898711826452,0.5176134547938199,109079.99999999999,109079.99999999999,1.0,8.6,10.0,1538.9578542615952,0.01
90,1.3212127685546875,0.7680027173913043,0.7559916403069594,0.21966533409873665,0.29082583774734716,0.6546898711826452,0.5188911861382319,109080.0,109080.0,1.0,8.6,10.0,1538.9578542615955,0.01
91,1.1739264726638794,0.7985733695652174,0.7861816817570344,0.21966533409873665,0.29082583774734716,0.6546898711826452,0.512736954419216,109080.0,109080.0,1.0,8.6,10.0,1538.9578542615955,0.01
92,1.1490501165390015,0.8006114130434783,0.7887964413697004,0.21966533409873665,0.29082583774734716,0.6546898711826452,0.5193732139918958,109079.99999999999,109079.99999999999,1.0,8.6,10.0,1538.9578542615957,0.01
93,1.0712162256240845,0.798913043478261,0.7938767435919742,0.21966533409873665,0.29082583774734716,0.6546898711826452,0.5260562990772841,109080.0,109080.0,1.0,8.6,10.0,1538.9578542615955,0.01
94,1.1455276012420654,0.7798913043478262,0.7691621641369003,0.21966533409873665,0.29082583774734716,0.6546898711826452,0.5201565165384808,109079.99999999999,109079.99999999999,1.0,8.6,10.0,1538.9790432237824,0.01
95,0.9750440120697021,0.8016304347826086,0.7974877378396732,0.21966533409873668,0.29082583774734716,0.6546898711826452,0.5212465136821693,109079.99999999999,109079.99999999999,1.0,8.6,10.0,1538.9899671220417,0.01
96,1.1616061925888062,0.7686820652173914,0.7569154924656689,0.21966533409873665,0.29082583774734716,0.6546898711826452,0.5243181640746414,109079.99999999999,109079.99999999999,1.0,8.6,10.0,1538.9899671220417,0.01
97,1.2806066274642944,0.7639266304347826,0.7520387472878874,0.21966533409873662,0.29082583774734716,0.6546898711826452,0.504917445101079,109079.99999999999,109079.99999999999,1.0,8.6,10.0,1538.9935588317803,0.01
98,1.4172266721725464,0.7683423913043478,0.7603617230633863,0.21966533409873665,0.29082583774734716,0.6546898711826452,0.5200200003690377,109080.0,109080.0,1.0,8.6,10.0,1538.9935588317803,0.01
99,1.1988779306411743,0.7829483695652174,0.7776239589208779,0.21966533409873668,0.29082583774734716,0.6546898711826452,0.5205260104336599,109079.99999999999,109079.99999999999,1.0,8.6,10.0,1538.9935588317803,0.01
100,1.2081841230392456,0.7690217391304349,0.7632809139264446,0.21966533409873665,0.29082583774734716,0.6546898711826452,0.516878022462681,109080.0,109080.0,1.0,8.6,10.0,1538.9935588317808,0.01
101,1.498255729675293,0.7533967391304349,0.74764104243877,0.21966533409873668,0.29082583774734716,0.6546898711826452,0.5182459107615354,109080.0,109080.0,1.0,8.6,10.0,1538.9935588317805,0.01
102,1.4393078088760376,0.7608695652173914,0.7581593455432667,0.21966533409873665,0.29082583774734716,0.6546898711826452,0.5170156981337966,109079.99999999999,109079.99999999999,1.0,8.6,10.0,1538.9971505415192,0.01
103,1.380208134651184,0.7615489130434783,0.7568968258719804,0.21966533409873665,0.29082583774734716,0.6546898711826452,0.5159471696881138,109079.99999999999,109079.99999999999,1.0,8.6,10.0,1538.9971505415192,0.01
104,1.4844045639038086,0.7734375,0.771728299736692,0.21966533409873665,0.29082583774734716,0.6546898711826452,0.5230213337222173,109079.99999999999,109079.99999999999,1.0,8.6,10.0,1538.9971505415192,0.01
105,1.6536996364593506,0.7815896739130435,0.7779867648481614,0.21966533409873665,0.29082583774734716,0.6546898711826452,0.5210036723930247,109079.99999999999,109079.99999999999,1.0,8.6,10.0,1538.9971505415194,0.01
106,2.0047109127044678,0.7262228260869565,0.7137724160617218,0.21966533409873668,0.29082583774734716,0.6546898711826452,0.5261960889945482,109080.0,109080.0,1.0,8.6,10.0,1538.9971505415192,0.01
107,1.923345923423767,0.7377717391304349,0.7301671059933648,0.21966533409873665,0.29082583774734716,0.6546898711826452,0.5200281198642199,109079.99999999999,109079.99999999999,1.0,8.6,10.0,1538.997150541519,0.01
108,1.6100050210952759,0.7652853260869565,0.7597716765101993,0.21966533409873668,0.29082583774734716,0.6546898711826452,0.5229633638921058,109079.99999999999,109079.99999999999,1.0,8.6,10.0,1538.9971505415194,0.01
109,1.7547675371170044,0.7710597826086957,0.7643109272348579,0.21966533409873665,0.29082583774734716,0.6546898711826452,0.5194791081615838,109080.0,109080.0,1.0,8.6,10.0,1538.9971505415192,0.01
110,1.5697057247161865,0.7894021739130435,0.7876454558562542,0.21966533409873665,0.29082583774734716,0.6546898711826452,0.5220403304167488,109080.0,109080.0,1.0,8.6,10.0,1538.9971505415192,0.01
111,1.9026662111282349,0.7411684782608695,0.736938660512136,0.21966533409873668,0.29082583774734716,0.6546898711826452,0.5122799127483264,109079.99999999999,109079.99999999999,1.0,8.6,10.0,1538.9971505415194,0.01
112,2.034794330596924,0.7476222826086957,0.7397701486117079,0.21966533409873668,0.29082583774734716,0.6546898711826452,0.5259978862659715,109079.99999999999,109079.99999999999,1.0,8.6,10.0,1538.997150541519,0.01
113,1.7397972345352173,0.7951766304347826,0.7932558085933316,0.21966533409873668,0.29082583774734716,0.6546898711826452,0.5210018829565183,109079.99999999999,109079.99999999999,1.0,8.6,10.0,1538.9971505415192,0.01
114,1.7434265613555908,0.7934782608695651,0.7924436316825823,0.21966533409873668,0.29082583774734716,0.6546898711826452,0.5160619563324796,109080.0,109080.0,1.0,8.6,10.0,1538.9971505415194,0.01
115,1.591238260269165,0.7866847826086957,0.7846192716791732,0.21966533409873668,0.29082583774734716,0.6546898711826452,0.5186387110781229,109079.99999999999,109079.99999999999,1.0,8.6,10.0,1538.9971505415192,0.01
116,1.5557061433792114,0.7887228260869565,0.7866109877225139,0.21966533409873668,0.29082583774734716,0.6546898711826452,0.5218918432154256,109079.99999999999,109079.99999999999,1.0,8.6,10.0,1538.9971505415192,0.01
117,1.4487687349319458,0.7890625,0.7847970554145001,0.21966533409873665,0.2908258377473472,0.6546898711826452,0.5179035023454742,109079.99999999999,109079.99999999999,1.0,8.6,10.0,1538.9971505415192,0.01
118,1.4171358346939087,0.8114809782608695,0.8092587066752783,0.21966533409873665,0.29082583774734716,0.6546898711826452,0.5143107827002905,109080.0,109080.0,1.0,8.6,10.0,1538.9971505415194,0.01
119,1.4207508563995361,0.8023097826086957,0.7999113240485198,0.21966533409873665,0.29082583774734716,0.6546898711826452,0.523758735925251,109079.99999999999,109079.99999999999,1.0,8.6,10.0,1538.9971505415192,0.01
120,1.3767790794372559,0.7965353260869565,0.7947230923049073,0.21966533409873665,0.29082583774734716,0.6546898711826452,0.5141635494665431,109079.99999999999,109079.99999999999,1.0,8.6,10.0,1538.9971505415192,0.01
121,1.4360988140106201,0.7965353260869565,0.7902564729925576,0.21966533409873665,0.2908258377473472,0.6546898711826452,0.523933303693433,109080.0,109080.0,1.0,8.6,10.0,1538.9971505415192,0.01
122,1.2851415872573853,0.7965353260869565,0.7948220727288965,0.21966533409873665,0.29082583774734716,0.6546898711826452,0.516372966818244,109080.0,109080.0,1.0,8.6,10.0,1538.9971505415197,0.01
123,1.3729925155639648,0.8114809782608695,0.8099686305647674,0.21966533409873665,0.29082583774734716,0.6546898711826452,0.5228145830454842,109080.0,109080.0,1.0,8.6,10.0,1538.997150541519,0.01
124,1.4836657047271729,0.8074048913043478,0.8049102419634881,0.21966533409873665,0.29082583774734716,0.6546898711826452,0.5174000290778826,109079.99999999999,109079.99999999999,1.0,8.6,10.0,1539.0423763304202,0.01
125,1.7817987203598022,0.7720788043478262,0.7641165827288391,0.21966533409873668,0.29082583774734716,0.6546898711826452,0.518848763132251,109080.0,109080.0,1.0,8.6,10.0,1539.0423763304202,0.01
126,1.3946284055709839,0.7917798913043478,0.7901036286105413,0.21966533409873665,0.29082583774734716,0.6546898711826452,0.5163024749213645,109080.0,109080.0,1.0,8.6,10.0,1539.0521100763397,0.01
127,1.357408046722412,0.7856657608695651,0.7829502388185664,0.21966533409873665,0.29082583774734716,0.6546898711826452,0.5201822724254139,109079.99999999999,109079.99999999999,1.0,8.6,10.0,1539.0521100763394,0.01
128,1.542749047279358,0.7741168478260869,0.7696822364487774,0.21966533409873668,0.29082583774734716,0.6546898711826452,0.5144805565103483,109080.0,109080.0,1.0,8.6,10.0,1539.0521100763399,0.01
129,1.2949178218841553,0.8169157608695651,0.8132551095757822,0.21966533409873665,0.29082583774734716,0.6546898711826452,0.5213903998135223,109080.0,109080.0,1.0,8.6,10.0,1539.0521100763399,0.01
130,1.329390525817871,0.8226902173913043,0.8182819731052534,0.21966533409873665,0.29082583774734716,0.6546898711826452,0.516402304658952,109080.0,109080.0,1.0,8.6,10.0,1539.0521100763397,0.01
131,1.2309257984161377,0.830163043478261,0.8258056998894822,0.21966533409873665,0.2908258377473472,0.6546898711826452,0.5273889589880445,109080.0,109080.0,1.0,8.6,10.0,1539.0521100763399,0.01
132,1.3010947704315186,0.8169157608695651,0.8140933531984658,0.21966533409873662,0.29082583774734716,0.6546898711826452,0.5198112438565629,109079.99999999999,109079.99999999999,1.0,8.6,10.0,1539.0521100763394,0.01
133,1.5987741947174072,0.7992527173913043,0.791401448741207,0.21966533409873665,0.2908258377473472,0.6546898711826452,0.5127681106880259,109080.0,109080.0,1.0,8.6,10.0,1539.0521100763394,0.01
134,1.606726050376892,0.8118206521739131,0.8079847582481984,0.21966533409873668,0.29082583774734716,0.6546898711826452,0.5122009672719066,109079.99999999999,109079.99999999999,1.0,8.6,10.0,1539.0521100763397,0.01
135,1.8064486980438232,0.7961956521739131,0.7873330773870206,0.21966533409873665,0.29082583774734716,0.6546898711826452,0.5092104881580299,109080.0,109080.0,1.0,8.6,10.0,1539.0521100763399,0.01
136,1.8366963863372803,0.7951766304347826,0.787167243200126,0.21966533409873665,0.29082583774734716,0.6546898711826452,0.5222599310506544,109079.99999999999,109079.99999999999,1.0,8.6,10.0,1539.0521100763397,0.01
137,1.60568106174469,0.8053668478260869,0.8002059715098376,0.21966533409873665,0.2908258377473472,0.6546898711826452,0.5254677262347722,109080.0,109080.0,1.0,8.6,10.0,1539.07472297079,0.01
138,1.5178025960922241,0.8158967391304349,0.8120642194097862,0.21966533409873665,0.29082583774734716,0.6546898711826452,0.5199190978127024,109080.0,109080.0,1.0,8.6,10.0,1539.0747229707902,0.01
139,1.4986610412597656,0.8091032608695651,0.8057745619871569,0.21966533409873668,0.29082583774734716,0.6546898711826452,0.5213764410413257,109080.0,109080.0,1.0,8.6,10.0,1539.0886435026182,0.01
140,1.5871084928512573,0.8175951086956522,0.8119920180815657,0.21966533409873668,0.2908258377473472,0.6546898711826452,0.5142183069370776,109080.0,109080.0,1.0,8.6,10.0,1539.0886435026184,0.01
141,1.6734325885772705,0.822350543478261,0.8181536830665634,0.21966533409873665,0.29082583774734716,0.6546898711826452,0.5204202085571269,109079.99999999999,109079.99999999999,1.0,8.6,10.0,1539.1112563970685,0.01
142,1.6431312561035156,0.8080842391304349,0.8039628422923619,0.21966533409873665,0.29082583774734716,0.6546898711826452,0.5121714985150118,109079.99999999999,109079.99999999999,1.0,8.6,10.0,1539.1112563970687,0.01
143,1.640352725982666,0.7951766304347826,0.7891584016555355,0.21966533409873665,0.29082583774734716,0.6546898711826452,0.5223444741101727,109079.99999999999,109079.99999999999,1.0,8.6,10.0,1539.1112563970687,0.01
144,1.8042048215866089,0.8036684782608695,0.7958789627362767,0.21966533409873665,0.29082583774734716,0.6546898711826452,0.514901944064212,109080.0,109080.0,1.0,8.6,10.0,1539.111256397069,0.01
145,1.7397339344024658,0.7965353260869565,0.789446491253744,0.21966533409873665,0.29082583774734716,0.6546898711826452,0.5216065276499282,109079.99999999999,109079.99999999999,1.0,8.6,10.0,1539.1112563970685,0.01
146,1.7261987924575806,0.7941576086956522,0.7875703424083347,0.21966533409873665,0.29082583774734716,0.6546898711826452,0.5138586088609645,109080.0,109080.0,1.0,8.6,10.0,1539.1112563970687,0.01
147,1.6382023096084595,0.8019701086956522,0.7953708927241464,0.21966533409873665,0.29082583774734716,0.6546898711826452,0.5220672395141133,109079.99999999999,109079.99999999999,1.0,8.6,10.0,1539.1112563970687,0.01
148,1.9800466299057007,0.7761548913043478,0.7639154561577507,0.21966533409873668,0.29082583774734716,0.6546898711826452,0.5219881403238651,109079.99999999999,109079.99999999999,1.0,8.6,10.0,1539.1112563970687,0.01
149,1.7338390350341797,0.7917798913043478,0.7871853053273403,0.21966533409873665,0.29082583774734716,0.6546898711826452,0.5208348199579221,109079.99999999999,109079.99999999999,1.0,8.6,10.0,1539.1112563970687,0.01
150,1.781130075454712,0.7866847826086957,0.7811581243518396,0.21966533409873665,0.29082583774734716,0.6546898711826452,0.5230726175520962,109079.99999999999,109079.99999999999,1.0,8.6,10.0,1539.1112563970685,0.01
151,1.8879921436309814,0.7921195652173914,0.7864482339609403,0.21966533409873665,0.29082583774734716,0.6546898711826452,0.5146738233711566,109079.99999999999,109079.99999999999,1.0,8.6,10.0,1539.1112563970687,0.01
152,1.8895944356918335,0.7741168478260869,0.7668904650330771,0.21966533409873665,0.29082583774734716,0.6546898711826452,0.5212967268011905,109079.99999999999,109079.99999999999,1.0,8.6,10.0,1539.1112563970687,0.01
153,2.080101251602173,0.7659646739130435,0.7563549030684212,0.21966533409873668,0.29082583774734716,0.6546898711826452,0.5186006264341539,109079.99999999999,109079.99999999999,1.0,8.6,10.0,1539.1112563970687,0.01
154,1.9850720167160034,0.7877038043478262,0.7821884748221051,0.21966533409873665,0.29082583774734716,0.6546898711826452,0.5199353450400526,109080.0,109080.0,1.0,8.6,10.0,1539.1112563970687,0.01
155,1.899051547050476,0.8009510869565217,0.7960049932320411,0.21966533409873665,0.29082583774734716,0.6546898711826452,0.5224891008243727,109080.0,109080.0,1.0,8.6,10.0,1539.1112563970685,0.01
156,1.9500058889389038,0.7883831521739131,0.7834223892414011,0.21966533409873665,0.29082583774734716,0.6546898711826452,0.5196809110690772,109080.0,109080.0,1.0,8.6,10.0,1539.1112563970687,0.01
157,1.797455906867981,0.7921195652173914,0.7878125100008835,0.21966533409873665,0.29082583774734716,0.6546898711826452,0.5172669250635639,109080.0,109080.0,1.0,8.6,10.0,1539.1112563970687,0.01
158,1.9904807806015015,0.783288043478261,0.7753287921471673,0.21966533409873665,0.29082583774734716,0.6546898711826452,0.5180834243165265,109079.99999999999,109079.99999999999,1.0,8.6,10.0,1539.1112563970687,0.01
159,2.0390098094940186,0.7897418478260869,0.7834605095827524,0.21966533409873662,0.29082583774734716,0.6546898711826452,0.5162968223061214,109079.99999999999,109079.99999999999,1.0,8.6,10.0,1539.1112563970687,0.01
160,2.30533766746521,0.7564538043478262,0.7471163061841934,0.21966533409873665,0.29082583774734716,0.6546898711826452,0.5174751142617537,109079.99999999999,109079.99999999999,1.0,8.6,10.0,1539.1112563970687,0.01
161,1.972007155418396,0.7747961956521738,0.7682151086993064,0.21966533409873668,0.29082583774734716,0.6546898711826452,0.5173814446869043,109079.99999999999,109079.99999999999,1.0,8.6,10.0,1539.111256397069,0.01
162,1.9650770425796509,0.7663043478260869,0.7594537504433737,0.21966533409873665,0.29082583774734716,0.6546898711826452,0.5096428705636772,109079.99999999999,109079.99999999999,1.0,8.6,10.0,1539.1338692915192,0.01
163,2.3751842975616455,0.7455842391304349,0.7308809266824302,0.21966533409873668,0.29082583774734716,0.6546898711826452,0.5232855225543332,109079.99999999999,109079.99999999999,1.0,8.6,10.0,1539.1338692915192,0.01
164,2.1774861812591553,0.7537364130434783,0.7409460393380072,0.21966533409873662,0.29082583774734716,0.6546898711826452,0.5138733850404927,109080.0,109080.0,1.0,8.6,10.0,1539.1338692915192,0.01
165,2.2085719108581543,0.7530570652173914,0.7416522161552472,0.21966533409873665,0.2908258377473472,0.6546898711826452,0.5268235422905952,109079.99999999999,109079.99999999999,1.0,8.6,10.0,1539.1338692915192,0.01
166,2.103318214416504,0.7506793478260869,0.7421034296743275,0.21966533409873665,0.29082583774734716,0.6546898711826452,0.5097104249698423,109080.0,109080.0,1.0,8.6,10.0,1539.133869291519,0.01
167,1.8778072595596313,0.7883831521739131,0.7805812217198641,0.21966533409873665,0.29082583774734716,0.6546898711826452,0.5158985904433133,109079.99999999999,109079.99999999999,1.0,8.6,10.0,1539.1338692915192,0.01
168,1.8140525817871094,0.8111413043478262,0.8055339359322964,0.21966533409873665,0.29082583774734716,0.6546898711826452,0.5208337496362132,109080.0,109080.0,1.0,8.6,10.0,1539.1338692915192,0.01
169,1.6362260580062866,0.8125,0.8073499330447658,0.21966533409873668,0.29082583774734716,0.6546898711826452,0.51945171418465,109079.99999999999,109079.99999999999,1.0,8.6,10.0,1539.1338692915192,0.01
170,1.858659267425537,0.7890625,0.7763356293529166,0.21966533409873665,0.29082583774734716,0.6546898711826452,0.5164325614748634,109080.0,109080.0,1.0,8.6,10.0,1539.1338692915197,0.01
171,1.939107060432434,0.7877038043478262,0.7784335674516374,0.21966533409873668,0.29082583774734716,0.6546898711826452,0.518185287130281,109079.99999999999,109079.99999999999,1.0,8.6,10.0,1539.1338692915192,0.01
172,1.4923228025436401,0.8267663043478262,0.8221354668597775,0.21966533409873668,0.29082583774734716,0.6546898711826452,0.5187046183465744,109080.0,109080.0,1.0,8.6,10.0,1539.1338692915194,0.01
173,1.490951657295227,0.8430706521739131,0.8388292942792307,0.21966533409873665,0.29082583774734716,0.6546898711826452,0.5161554850354158,109079.99999999999,109079.99999999999,1.0,8.6,10.0,1539.1550582537066,0.01
174,1.6838780641555786,0.8057065217391305,0.798968244623187,0.21966533409873665,0.29082583774734716,0.6546898711826452,0.5166345146911319,109079.99999999999,109079.99999999999,1.0,8.6,10.0,1539.1550582537063,0.01
175,1.9709038734436035,0.7982336956521738,0.7913161894134336,0.21966533409873665,0.29082583774734716,0.6546898711826452,0.5069044818686195,109080.0,109080.0,1.0,8.6,10.0,1539.1550582537066,0.01
176,1.7559704780578613,0.802649456521739,0.7963433489546597,0.21966533409873665,0.29082583774734716,0.6546898711826452,0.5225107235929263,109079.99999999999,109079.99999999999,1.0,8.6,10.0,1539.1550582537066,0.01
177,1.7378672361373901,0.7863451086956522,0.7763847724276247,0.21966533409873665,0.29082583774734716,0.6546898711826452,0.524038045982282,109079.99999999999,109079.99999999999,1.0,8.6,10.0,1539.1762472158937,0.01
178,1.8436930179595947,0.7724184782608695,0.7631951207365223,0.21966533409873665,0.29082583774734716,0.6546898711826452,0.5181076610308866,109080.0,109080.0,1.0,8.6,10.0,1539.1762472158935,0.01
179,1.8110787868499756,0.8006114130434783,0.7959983470168552,0.21966533409873665,0.29082583774734716,0.6546898711826452,0.5118116816187579,109080.0,109080.0,1.0,8.6,10.0,1539.1762472158935,0.01
180,1.8835136890411377,0.8012907608695651,0.7954538040770629,0.21966533409873668,0.29082583774734716,0.6546898711826452,0.5191565278564885,109080.0,109080.0,1.0,8.6,10.0,1539.176247215894,0.01
181,1.9300371408462524,0.8023097826086957,0.7968184657061372,0.21966533409873665,0.29082583774734716,0.6546898711826452,0.5175134226015006,109080.0,109080.0,1.0,8.6,10.0,1539.1762472158937,0.01
182,1.8794337511062622,0.8097826086956522,0.8047046103972171,0.21966533409873665,0.29082583774734716,0.6546898711826452,0.5224396559826308,109079.99999999999,109079.99999999999,1.0,8.6,10.0,1539.1762472158937,0.01
183,2.0977580547332764,0.8192934782608695,0.8136981322761675,0.21966533409873668,0.29082583774734716,0.6546898711826452,0.5241417311480567,109079.99999999999,109079.99999999999,1.0,8.6,10.0,1539.1762472158935,0.01
184,1.9511473178863525,0.8220108695652174,0.8167839733240275,0.21966533409873668,0.29082583774734716,0.6546898711826452,0.5166969423195482,109079.99999999999,109079.99999999999,1.0,8.6,10.0,1539.1762472158937,0.01
185,2.072923183441162,0.8152173913043478,0.8068961611022926,0.21966533409873665,0.29082583774734716,0.6546898711826452,0.5208405158335547,109079.99999999999,109079.99999999999,1.0,8.6,10.0,1539.1762472158935,0.01
186,2.358217477798462,0.7978940217391305,0.7899266937855405,0.21966533409873665,0.29082583774734716,0.6546898711826452,0.5189882128684902,109080.0,109080.0,1.0,8.6,10.0,1539.1762472158937,0.01
187,1.9859287738800049,0.8250679347826086,0.8189590333791685,0.21966533409873665,0.29082583774734716,0.6546898711826452,0.5184877336803536,109080.0,109080.0,1.0,8.6,10.0,1539.1762472158937,0.01
188,1.8271458148956299,0.8434103260869565,0.8363855086237248,0.21966533409873665,0.29082583774734716,0.6546898711826452,0.5257200672330743,109080.0,109080.0,1.0,8.6,10.0,1539.1762472158937,0.01
189,1.9310706853866577,0.8332201086956522,0.8269047705213324,0.21966533409873665,0.29082583774734716,0.6546898711826452,0.521055165941749,109080.0,109080.0,1.0,8.6,10.0,1539.1762472158937,0.01
190,2.1755530834198,0.8131793478260869,0.8048310552378523,0.21966533409873668,0.29082583774734716,0.6546898711826452,0.5202377069502323,109079.99999999999,109079.99999999999,1.0,8.6,10.0,1539.1762472158937,0.01
191,1.9154458045959473,0.833899456521739,0.8253480368845815,0.21966533409873668,0.29082583774734716,0.6546898711826452,0.5244999036954977,109079.99999999999,109079.99999999999,1.0,8.6,10.0,1539.1762472158935,0.01
192,1.9291555881500244,0.8091032608695651,0.8014177931391592,0.21966533409873665,0.29082583774734716,0.6546898711826452,0.5149518898379166,109080.0,109080.0,1.0,8.6,10.0,1539.1762472158935,0.01
193,1.849026083946228,0.8040081521739131,0.7978192806015848,0.21966533409873665,0.29082583774734716,0.6546898711826452,0.5156275730527394,109080.0,109080.0,1.0,8.6,10.0,1539.1762472158932,0.01
194,1.9371775388717651,0.8383152173913043,0.8340817692919615,0.21966533409873665,0.29082583774734716,0.6546898711826452,0.5170829081107275,109079.99999999999,109079.99999999999,1.0,8.6,10.0,1539.1762472158935,0.01
195,1.8614603281021118,0.8485054347826086,0.845301598838193,0.21966533409873665,0.29082583774734716,0.6546898711826452,0.5191144259632348,109079.99999999999,109079.99999999999,1.0,8.6,10.0,1539.1762472158935,0.01
196,2.0833704471588135,0.8440896739130435,0.8398265231718318,0.21966533409873665,0.2908258377473472,0.6546898711826452,0.5121991500112516,109080.0,109080.0,1.0,8.6,10.0,1539.1762472158937,0.01
197,1.887323021888733,0.8668478260869565,0.8630575275550018,0.21966533409873668,0.29082583774734716,0.6546898711826452,0.5225872127612865,109079.99999999999,109079.99999999999,1.0,8.6,10.0,1539.1762472158937,0.01
198,1.9778279066085815,0.8403532608695651,0.8349360921090558,0.21966533409873665,0.29082583774734716,0.6546898711826452,0.5266586636822423,109079.99999999999,109079.99999999999,1.0,8.6,10.0,1539.1762472158937,0.01
199,1.9372427463531494,0.8389945652173914,0.8351125222022887,0.21966533409873668,0.29082583774734716,0.6546898711826452,0.516320221798983,109080.0,109080.0,1.0,8.6,10.0,1539.176247215894,0.01
200,1.84397554397583,0.8406929347826086,0.8377727672316196,0.21966533409873665,0.29082583774734716,0.6546898711826452,0.5226153427161382,109079.99999999999,109079.99999999999,1.0,8.6,10.0,1539.2088488889078,0.01
201,1.9913339614868164,0.8267663043478262,0.8234922021844145,0.21966533409873668,0.29082583774734716,0.6546898711826452,0.5163241718552188,109080.0,109080.0,1.0,8.6,10.0,1539.2088488889078,0.01
202,2.4084794521331787,0.7927989130434783,0.7812643606216745,0.21966533409873665,0.29082583774734716,0.6546898711826452,0.5239799602182179,109079.99999999999,109079.99999999999,1.0,8.6,10.0,1539.2088488889076,0.01
203,2.142868995666504,0.8206521739130435,0.8148076008074048,0.21966533409873665,0.29082583774734716,0.6546898711826452,0.5154690042348888,109080.0,109080.0,1.0,8.6,10.0,1539.2088488889076,0.01
204,2.0573298931121826,0.8233695652173914,0.8182770767208262,0.21966533409873668,0.2908258377473472,0.6546898711826452,0.5192601212804024,109080.0,109080.0,1.0,8.6,10.0,1539.2088488889078,0.01
205,1.884287714958191,0.8284646739130435,0.8233106122701268,0.21966533409873665,0.29082583774734716,0.6546898711826452,0.519917863659293,109079.99999999999,109079.99999999999,1.0,8.6,10.0,1539.231461783358,0.01
206,2.165586471557617,0.8036684782608695,0.7937286980537873,0.21966533409873665,0.29082583774734716,0.6546898711826452,0.525346978347631,109080.0,109080.0,1.0,8.6,10.0,1538.7729917241907,0.01
207,1.8623820543289185,0.8152173913043478,0.8101572189920168,0.21966533409873665,0.29082583774734716,0.6546898711826452,0.5191483710678669,109079.99999999999,109079.99999999999,1.0,8.6,10.0,1538.8697341072154,0.01
208,1.9110655784606934,0.8175951086956522,0.8143667856551753,0.21966533409873665,0.29082583774734716,0.6546898711826452,0.5215056788934328,109079.99999999999,109079.99999999999,1.0,8.6,10.0,1538.8836546390437,0.01
209,1.9717825651168823,0.8135190217391305,0.8085309967965851,0.21966533409873665,0.29082583774734716,0.6546898711826452,0.521670560550119,109080.0,109080.0,1.0,8.6,10.0,1538.8836546390437,0.01
210,1.7182683944702148,0.8196331521739131,0.8166342633358527,0.21966533409873665,0.29082583774734716,0.6546898711826452,0.5197397331029209,109079.99999999999,109079.99999999999,1.0,8.6,10.0,1538.8836546390437,0.01
211,1.9224376678466797,0.8189538043478262,0.8135272470311841,0.21966533409873665,0.29082583774734716,0.6546898711826452,0.515317394502534,109080.0,109080.0,1.0,8.6,10.0,1538.883654639044,0.01
212,1.9901576042175293,0.8172554347826086,0.8097930546846979,0.21966533409873665,0.29082583774734716,0.6546898711826452,0.5221198738529321,109080.0,109080.0,1.0,8.6,10.0,1538.8836546390437,0.01
213,2.1715707778930664,0.8135190217391305,0.8068985975222095,0.21966533409873668,0.29082583774734716,0.6546898711826452,0.5181337673464329,109079.99999999999,109079.99999999999,1.0,8.6,10.0,1538.8836546390435,0.01
214,2.0662155151367188,0.8172554347826086,0.8126895718293903,0.21966533409873665,0.29082583774734716,0.6546898711826452,0.5161905540994512,109079.99999999999,109079.99999999999,1.0,8.6,10.0,1538.8832019561003,0.01
215,2.045506715774536,0.8216711956521738,0.8169950574299336,0.21966533409873665,0.29082583774734716,0.6546898711826452,0.5219185621811075,109079.99999999999,109079.99999999999,1.0,8.6,10.0,1538.8834144833038,0.01
216,1.9951722621917725,0.8186141304347826,0.8129264894350048,0.21966533409873665,0.29082583774734716,0.6546898711826452,0.5250031611475773,109079.99999999999,109079.99999999999,1.0,8.6,10.0,1538.8834144833036,0.01
217,2.514763593673706,0.7843070652173914,0.7734352669288285,0.21966533409873665,0.29082583774734716,0.6546898711826452,0.5255819463755802,109079.99999999999,109079.99999999999,1.0,8.6,10.0,1538.8834144833038,0.01
218,2.3896727561950684,0.7877038043478262,0.7797760885737108,0.21966533409873665,0.2908258377473472,0.6546898711826452,0.5234400304733605,109079.99999999999,109079.99999999999,1.0,8.6,10.0,1538.948617829332,0.01
219,2.2576286792755127,0.7955163043478262,0.7889596235568459,0.21966533409873665,0.29082583774734716,0.6546898711826452,0.5162645799875,109079.99999999999,109079.99999999999,1.0,8.6,10.0,1538.9486178293319,0.01
220,2.3477377891540527,0.7802309782608695,0.7732792553265821,0.21966533409873665,0.29082583774734716,0.6546898711826452,0.5203723483946949,109079.99999999999,109079.99999999999,1.0,8.6,10.0,1538.948617829332,0.01
221,2.073007583618164,0.8243885869565217,0.8182196561194345,0.21966533409873665,0.29082583774734716,0.6546898711826452,0.5226757061364731,109079.99999999999,109079.99999999999,1.0,8.6,10.0,1538.948617829332,0.01
222,1.9976266622543335,0.8284646739130435,0.8239715582239516,0.21966533409873665,0.29082583774734716,0.6546898711826452,0.5147599307120949,109080.0,109080.0,1.0,8.6,10.0,1538.948617829332,0.01
223,2.0561258792877197,0.822350543478261,0.8161308967398885,0.21966533409873665,0.29082583774734716,0.6546898711826452,0.5198472609198261,109079.99999999999,109079.99999999999,1.0,8.6,10.0,1538.9486178293319,0.01
224,2.017176628112793,0.8199728260869565,0.8140127788930399,0.21966533409873665,0.29082583774734716,0.6546898711826452,0.5237893744314067,109080.0,109080.0,1.0,8.6,10.0,1538.948617829332,0.01
225,1.982292652130127,0.8352581521739131,0.8307429708052321,0.21966533409873665,0.2908258377473472,0.6546898711826452,0.5174935358911914,109080.0,109080.0,1.0,8.6,10.0,1538.9486178293319,0.01
226,2.1417648792266846,0.8454483695652174,0.8402094850653327,0.21966533409873668,0.29082583774734716,0.6546898711826452,0.5246317173892447,109080.0,109080.0,1.0,8.6,10.0,1538.9486178293319,0.01
227,2.4096503257751465,0.828125,0.8223600381968735,0.21966533409873665,0.29082583774734716,0.6546898711826452,0.5253695436024692,109079.99999999999,109079.99999999999,1.0,8.6,10.0,1538.9486178293319,0.01
228,2.37872052192688,0.8220108695652174,0.8169150715093033,0.21966533409873665,0.29082583774734716,0.6546898711826452,0.5217816115593107,109079.99999999999,109079.99999999999,1.0,8.6,10.0,1538.948617829332,0.01
229,2.2485153675079346,0.8172554347826086,0.813249842992896,0.21966533409873668,0.29082583774734716,0.6546898711826452,0.5205442385912201,109079.99999999999,109079.99999999999,1.0,8.6,10.0,1538.9778190670904,0.01
230,2.0701687335968018,0.8165760869565217,0.8117258069629347,0.21966533409873665,0.29082583774734716,0.6546898711826452,0.5279378329643877,109080.0,109080.0,1.0,8.6,10.0,1538.9778190670906,0.01
231,2.6912708282470703,0.7955163043478262,0.7827375630364011,0.21966533409873665,0.29082583774734716,0.6546898711826452,0.5139235923871383,109079.99999999999,109079.99999999999,1.0,8.6,10.0,1538.9778190670904,0.01
232,2.359044313430786,0.7741168478260869,0.7672326948552203,0.21966533409873665,0.29082583774734716,0.6546898711826452,0.5229259171605241,109080.0,109080.0,1.0,8.6,10.0,1538.9778190670904,0.01
233,2.316955804824829,0.8128396739130435,0.804490353916235,0.21966533409873668,0.29082583774734716,0.6546898711826452,0.521964801149088,109080.0,109080.0,1.0,8.6,10.0,1538.9778190670904,0.01
234,2.448457956314087,0.8158967391304349,0.8080278993847584,0.21966533409873665,0.29082583774734716,0.6546898711826452,0.5170898952798044,109079.99999999999,109079.99999999999,1.0,8.6,10.0,1538.9778190670906,0.01
235,2.1984434127807617,0.826086956521739,0.8212592292884638,0.21966533409873668,0.29082583774734716,0.6546898711826452,0.5227624940664646,109079.99999999999,109079.99999999999,1.0,8.6,10.0,1538.9778190670904,0.01
236,2.1453652381896973,0.8233695652173914,0.8190447147496368,0.21966533409873668,0.29082583774734716,0.6546898711826452,0.5244939294162331,109080.0,109080.0,1.0,8.6,10.0,1538.9778190670904,0.01
237,2.1323015689849854,0.818274456521739,0.812574128816907,0.21966533409873665,0.29082583774734716,0.6546898711826452,0.5257535307659028,109079.99999999999,109079.99999999999,1.0,8.6,10.0,1538.9778190670906,0.01
238,2.189922571182251,0.8074048913043478,0.8018675319686989,0.21966533409873668,0.29082583774734716,0.6546898711826452,0.5236276844121167,109079.99999999999,109079.99999999999,1.0,8.6,10.0,1538.9778190670904,0.01
239,2.0120794773101807,0.8277853260869565,0.8235248444346097,0.21966533409873668,0.29082583774734716,0.6546898711826452,0.5099523777346876,109079.99999999999,109079.99999999999,1.0,8.6,10.0,1538.9778190670906,0.01
240,2.0091750621795654,0.8376358695652174,0.834184702937281,0.21966533409873665,0.29082583774734716,0.6546898711826452,0.5097533915195942,109080.0,109080.0,1.0,8.6,10.0,1538.9778190670904,0.01
241,2.0725836753845215,0.8359375,0.832368418689594,0.21966533409873665,0.29082583774734716,0.6546898711826452,0.5086279838012533,109080.0,109080.0,1.0,8.6,10.0,1538.9778190670904,0.01
242,2.2247214317321777,0.8318614130434783,0.8291294244549845,0.21966533409873665,0.29082583774734716,0.6546898711826452,0.5123893901689527,109079.99999999999,109079.99999999999,1.0,8.6,10.0,1538.9778190670904,0.01
243,2.117797374725342,0.8464673913043478,0.8412904326759821,0.21966533409873665,0.29082583774734716,0.6546898711826452,0.5149781576826991,109079.99999999999,109079.99999999999,1.0,8.6,10.0,1538.9778190670904,0.01
244,2.2339959144592285,0.8406929347826086,0.8360805570528843,0.21966533409873665,0.29082583774734716,0.6546898711826452,0.5179036622532563,109079.99999999999,109079.99999999999,1.0,8.6,10.0,1538.9778190670904,0.01
245,2.1807682514190674,0.8451086956521738,0.8405466194893922,0.21966533409873665,0.29082583774734716,0.6546898711826452,0.5173379861880438,109079.99999999999,109079.99999999999,1.0,8.6,10.0,1539.0191556081677,0.01
246,2.136704206466675,0.8491847826086957,0.8453888949273669,0.21966533409873668,0.29082583774734716,0.6546898711826452,0.5212863846818823,109079.99999999999,109079.99999999999,1.0,8.6,10.0,1539.0191556081677,0.01
247,2.036933660507202,0.8508831521739131,0.8476108622325088,0.21966533409873665,0.29082583774734716,0.6546898711826452,0.5175540976153363,109079.99999999997,109079.99999999997,1.0,8.6,10.0,1539.0191556081677,0.01
248,2.1998965740203857,0.8366168478260869,0.8318581710452388,0.21966533409873665,0.29082583774734716,0.6546898711826452,0.5064809043467109,109080.0,109080.0,1.0,8.6,10.0,1539.0191556081677,0.01
249,2.22452712059021,0.841711956521739,0.8358760996653144,0.21966533409873665,0.29082583774734716,0.6546898711826452,0.5216771571433841,109079.99999999999,109079.99999999999,1.0,8.6,10.0,1539.019155608168,0.01
250,2.002455472946167,0.8549592391304349,0.8514981795908655,0.21966533409873665,0.2908258377473472,0.6546898711826452,0.5205237723732927,109079.99999999999,109079.99999999999,1.0,8.6,10.0,1539.019155608168,0.01
251,1.9713985919952393,0.853600543478261,0.8500090910150152,0.21966533409873665,0.29082583774734716,0.6546898711826452,0.5197117723629965,109079.99999999999,109079.99999999999,1.0,8.6,10.0,1539.0191556081677,0.01
252,1.9154402017593384,0.8498641304347826,0.8466759369576679,0.21966533409873665,0.29082583774734716,0.6546898711826452,0.5233505420119251,109079.99999999999,109079.99999999999,1.0,8.6,10.0,1539.0191556081677,0.01
253,2.3758370876312256,0.8254076086956522,0.8164226322326804,0.21966533409873668,0.29082583774734716,0.6546898711826452,0.5203056586450281,109079.99999999999,109079.99999999999,1.0,8.6,10.0,1539.0288893540871,0.01
254,2.4080300331115723,0.8342391304347826,0.8254272228277673,0.21966533409873665,0.29082583774734716,0.6546898711826452,0.5174727656506609,109080.0,109080.0,1.0,8.6,10.0,1539.0386231000066,0.01
255,2.5839157104492188,0.8203125,0.8124166038798305,0.21966533409873668,0.29082583774734716,0.6546898711826452,0.5115890084594585,109080.0,109080.0,1.0,8.6,10.0,1539.038623100007,0.01
256,2.296279191970825,0.8464673913043478,0.8407625205679838,0.21966533409873665,0.29082583774734716,0.6546898711826452,0.5210902465829652,109079.99999999999,109079.99999999999,1.0,8.6,10.0,1539.0838488889078,0.01
257,2.480415105819702,0.8257472826086957,0.8203609763234484,0.21966533409873668,0.29082583774734716,0.6546898711826452,0.5257150465956969,109079.99999999999,109079.99999999999,1.0,8.6,10.0,1539.0838488889076,0.01
258,2.5693774223327637,0.8128396739130435,0.8034307838121263,0.21966533409873668,0.29082583774734716,0.6546898711826452,0.516366862595665,109079.99999999999,109079.99999999999,1.0,8.6,10.0,1539.0838488889076,0.01
259,2.6941444873809814,0.8271059782608695,0.8180004003100079,0.21966533409873668,0.29082583774734716,0.6546898711826452,0.5233656338236666,109080.0,109080.0,1.0,8.6,10.0,1539.0838488889076,0.01
260,2.778211832046509,0.8355978260869565,0.8287956783325819,0.21966533409873665,0.29082583774734716,0.6546898711826452,0.5215589490691777,109079.99999999999,109079.99999999999,1.0,8.6,10.0,1539.0838488889078,0.01
261,3.0186522006988525,0.8135190217391305,0.8017141822222235,0.21966533409873665,0.29082583774734716,0.6546898711826452,0.5152600049907675,109079.99999999999,109079.99999999999,1.0,8.6,10.0,1539.0838488889078,0.01
262,2.658064126968384,0.8393342391304349,0.8337868968885753,0.21966533409873665,0.2908258377473472,0.6546898711826452,0.5193350391302327,109079.99999999999,109079.99999999999,1.0,8.6,10.0,1539.0838488889078,0.01
263,3.3578531742095947,0.802649456521739,0.7861530492141053,0.21966533409873665,0.29082583774734716,0.6546898711826452,0.5216101187162742,109080.0,109080.0,1.0,8.6,10.0,1539.0838488889076,0.01
264,2.959498643875122,0.8080842391304349,0.8028133647726271,0.21966533409873668,0.2908258377473472,0.6546898711826452,0.5126613723570168,109080.0,109080.0,1.0,8.6,10.0,1539.0838488889074,0.01
265,2.893223524093628,0.8114809782608695,0.8071378339873954,0.21966533409873665,0.29082583774734716,0.6546898711826452,0.5225315155933679,109080.0,109080.0,1.0,8.6,10.0,1539.0838488889076,0.01
266,3.304640054702759,0.8029891304347826,0.7967859446004395,0.21966533409873668,0.29082583774734716,0.6546898711826452,0.5193788029164303,109079.99999999999,109079.99999999999,1.0,8.6,10.0,1539.0838488889076,0.01
267,3.039548635482788,0.8121603260869565,0.8050702088528244,0.21966533409873665,0.29082583774734716,0.6546898711826452,0.5071991289985063,109080.0,109080.0,1.0,8.6,10.0,1539.0838488889078,0.01
268,3.045711040496826,0.8226902173913043,0.8188260334894206,0.21966533409873668,0.29082583774734716,0.6546898711826452,0.5098375385552159,109079.99999999997,109079.99999999997,1.0,8.6,10.0,1539.0838488889074,0.01
269,3.078726053237915,0.8158967391304349,0.8117487241607355,0.21966533409873665,0.29082583774734716,0.6546898711826452,0.5220321899075244,109080.0,109080.0,1.0,8.6,10.0,1539.0838488889076,0.01
270,2.9750006198883057,0.8254076086956522,0.820369672923916,0.21966533409873665,0.2908258377473472,0.6546898711826452,0.5263746199851715,109080.0,109080.0,1.0,8.6,10.0,1539.0838488889076,0.01
271,3.030217170715332,0.8216711956521738,0.8182488194589468,0.21966533409873665,0.29082583774734716,0.6546898711826452,0.5096895505346852,109079.99999999999,109079.99999999999,1.0,8.6,10.0,1539.0838488889076,0.01
272,2.918865919113159,0.8413722826086957,0.8368446357940242,0.21966533409873665,0.29082583774734716,0.6546898711826452,0.5192858222000486,109080.0,109080.0,1.0,8.6,10.0,1539.0838488889076,0.01
273,2.8242597579956055,0.841711956521739,0.8390040594648434,0.21966533409873665,0.29082583774734716,0.6546898711826452,0.5217694670642941,109079.99999999999,109079.99999999999,1.0,8.6,10.0,1539.0838488889076,0.01
274,2.6794016361236572,0.8396739130434783,0.83623976788097,0.21966533409873665,0.2908258377473472,0.6546898711826452,0.5213887401257558,109079.99999999999,109079.99999999999,1.0,8.6,10.0,1539.0838488889078,0.01
275,2.7533676624298096,0.826086956521739,0.8216701461099837,0.21966533409873665,0.29082583774734716,0.6546898711826452,0.5124966914363214,109079.99999999999,109079.99999999999,1.0,8.6,10.0,1539.0838488889078,0.01
276,2.9314634799957275,0.826086956521739,0.8225558600950708,0.21966533409873668,0.29082583774734716,0.6546898711826452,0.5115249035342863,109079.99999999999,109079.99999999999,1.0,8.6,10.0,1539.0838488889076,0.01
277,3.0212345123291016,0.8192934782608695,0.8150419709040916,0.21966533409873668,0.29082583774734716,0.6546898711826452,0.5154822233322526,109079.99999999999,109079.99999999999,1.0,8.6,10.0,1539.0874405986465,0.01
278,2.9202871322631836,0.8186141304347826,0.8152724830302219,0.21966533409873668,0.29082583774734716,0.6546898711826452,0.5270852568489424,109079.99999999999,109079.99999999999,1.0,8.6,10.0,1539.0874405986465,0.01
279,3.214378595352173,0.8077445652173914,0.8027003560622146,0.21966533409873665,0.29082583774734716,0.6546898711826452,0.5068092087083076,109079.99999999999,109079.99999999999,1.0,8.6,10.0,1539.1200422716606,0.01
280,3.1172609329223633,0.8074048913043478,0.8032962385095526,0.21966533409873668,0.29082583774734716,0.6546898711826452,0.5242077911250349,109079.99999999999,109079.99999999999,1.0,8.6,10.0,1539.1200422716606,0.01
281,3.1708953380584717,0.8091032608695651,0.8032816908759822,0.21966533409873665,0.29082583774734716,0.6546898711826452,0.5142131142310141,109079.99999999999,109079.99999999999,1.0,8.6,10.0,1539.1200422716606,0.01
282,3.0521719455718994,0.8094429347826086,0.8031963276846045,0.21966533409873665,0.29082583774734716,0.6546898711826452,0.5208504983143916,109079.99999999999,109079.99999999999,1.0,8.6,10.0,1539.1200422716604,0.01
283,2.9225010871887207,0.8220108695652174,0.8176071554117144,0.21966533409873665,0.29082583774734716,0.6546898711826452,0.519755015532781,109079.99999999999,109079.99999999999,1.0,8.6,10.0,1539.1200422716606,0.01
284,2.859386682510376,0.8274456521739131,0.8211711170447789,0.21966533409873665,0.29082583774734716,0.6546898711826452,0.5325775222044127,109080.0,109080.0,1.0,8.6,10.0,1539.1200422716604,0.01
285,2.9413626194000244,0.8091032608695651,0.8011056936319836,0.21966533409873665,0.29082583774734716,0.6546898711826452,0.52023783958516,109080.0,109080.0,1.0,8.6,10.0,1539.1200422716606,0.01
286,3.039268970489502,0.8114809782608695,0.8049564677504272,0.21966533409873665,0.29082583774734716,0.6546898711826452,0.5218484558335327,109080.0,109080.0,1.0,8.6,10.0,1539.1200422716604,0.01
287,3.166419744491577,0.8060461956521738,0.8013896173833136,0.21966533409873668,0.29082583774734716,0.6546898711826452,0.518962556668542,109080.0,109080.0,1.0,8.6,10.0,1539.1200422716604,0.01
288,3.0292751789093018,0.8169157608695651,0.8098445386568409,0.21966533409873668,0.29082583774734716,0.6546898711826452,0.5221794163635947,109079.99999999999,109079.99999999999,1.0,8.6,10.0,1539.1200422716606,0.01
289,3.3633456230163574,0.8087635869565217,0.7980031971292488,0.21966533409873665,0.2908258377473472,0.6546898711826452,0.5235609342795073,109080.0,109080.0,1.0,8.6,10.0,1539.1200422716606,0.01
290,3.2717106342315674,0.8074048913043478,0.7975129577874543,0.21966533409873665,0.2908258377473472,0.6546898711826452,0.5355870332629689,109080.0,109080.0,1.0,8.6,10.0,1539.1200422716609,0.01
291,3.162879705429077,0.8040081521739131,0.7979577816171353,0.21966533409873665,0.29082583774734716,0.6546898711826452,0.5189008659260577,109079.99999999997,109079.99999999997,1.0,8.6,10.0,1539.1200422716604,0.01
292,3.116454839706421,0.8074048913043478,0.7966788503197947,0.21966533409873665,0.29082583774734716,0.6546898711826452,0.5173683590351951,109079.99999999999,109079.99999999999,1.0,8.6,10.0,1539.1200422716606,0.01
293,3.020369291305542,0.8101222826086957,0.8040034061749712,0.21966533409873665,0.29082583774734716,0.6546898711826452,0.5111040895210904,109079.99999999999,109079.99999999999,1.0,8.6,10.0,1539.1200422716606,0.01
294,3.2325754165649414,0.7944972826086957,0.7878633824728536,0.21966533409873665,0.29082583774734716,0.6546898711826452,0.5154926226240247,109080.0,109080.0,1.0,8.6,10.0,1539.1200422716606,0.01
295,3.433352470397949,0.8070652173913043,0.7987365784348164,0.21966533409873665,0.29082583774734716,0.6546898711826452,0.5178552830310069,109079.99999999999,109079.99999999999,1.0,8.6,10.0,1539.1200422716606,0.01
296,3.3618009090423584,0.8118206521739131,0.8055505865424433,0.21966533409873665,0.29082583774734716,0.6546898711826452,0.5178494808852867,109079.99999999999,109079.99999999999,1.0,8.6,10.0,1539.1200422716609,0.01
297,3.664933681488037,0.8033288043478262,0.7942993475325245,0.21966533409873668,0.29082583774734716,0.6546898711826452,0.5137507563641334,109079.99999999999,109079.99999999999,1.0,8.6,10.0,1539.1200422716609,0.01
298,3.146369695663452,0.8298233695652174,0.8253776041326395,0.21966533409873665,0.29082583774734716,0.6546898711826452,0.5279103185134302,109080.0,109080.0,1.0,8.6,10.0,1539.1526439446748,0.01
299,3.6482176780700684,0.7907608695652174,0.779146198019018,0.21966533409873668,0.29082583774734716,0.6546898711826452,0.49706496257776794,109079.99999999999,109079.99999999999,1.0,8.6,10.0,1539.152643944675,0.01
300,3.3837294578552246,0.8084239130434783,0.8017863464028716,0.21966533409873665,0.29082583774734716,0.6546898711826452,0.5161302541103924,109080.0,109080.0,1.0,8.6,10.0,1539.152643944675,0.01
301,3.6673343181610107,0.8023097826086957,0.7973927559989563,0.21966533409873665,0.29082583774734716,0.6546898711826452,0.5209813466593541,109079.99999999997,109079.99999999997,1.0,8.6,10.0,1539.152643944675,0.01
302,3.4816935062408447,0.8084239130434783,0.801110321421192,0.21966533409873665,0.29082583774734716,0.6546898711826452,0.5158213498932234,109079.99999999999,109079.99999999999,1.0,8.6,10.0,1539.1526439446745,0.01
303,3.3879659175872803,0.8138586956521738,0.808731382463482,0.21966533409873665,0.29082583774734716,0.6546898711826452,0.5217271432264325,109079.99999999999,109079.99999999999,1.0,8.6,10.0,1539.1526439446748,0.01
304,3.872629404067993,0.7849864130434783,0.7794893278339128,0.21966533409873668,0.29082583774734716,0.6546898711826452,0.5200028653956861,109079.99999999999,109079.99999999999,1.0,8.6,10.0,1539.1526439446745,0.01
305,3.639913320541382,0.8040081521739131,0.7984625160676453,0.21966533409873665,0.29082583774734716,0.6546898711826452,0.5123040581748327,109079.99999999999,109079.99999999999,1.0,8.6,10.0,1539.1526439446748,0.01
306,3.867563486099243,0.7904211956521738,0.7844731501610576,0.21966533409873665,0.29082583774734716,0.6546898711826452,0.5206681888173531,109079.99999999999,109079.99999999999,1.0,8.6,10.0,1539.1562356544136,0.01
307,3.2885332107543945,0.8175951086956522,0.8129926804802706,0.21966533409873665,0.29082583774734716,0.6546898711826452,0.514037393349688,109079.99999999999,109079.99999999999,1.0,8.6,10.0,1539.1562356544134,0.01
308,3.5692710876464844,0.7931385869565217,0.7862055249525325,0.21966533409873665,0.29082583774734716,0.6546898711826452,0.5159711096439838,109079.99999999999,109079.99999999999,1.0,8.6,10.0,1539.1562356544136,0.01
309,3.5873489379882812,0.8267663043478262,0.8174910645074416,0.21966533409873665,0.29082583774734716,0.6546898711826452,0.5224273185021728,109079.99999999999,109079.99999999999,1.0,8.6,10.0,1539.1562781598545,0.01
310,3.8687920570373535,0.7975543478260869,0.7902089754839761,0.21966533409873668,0.29082583774734716,0.6546898711826452,0.5124773916598893,109079.99999999999,109079.99999999999,1.0,8.6,10.0,1539.1562781598545,0.01
311,4.1238813400268555,0.810461956521739,0.8057741033131731,0.21966533409873668,0.29082583774734716,0.6546898711826452,0.5272342695958986,109079.99999999999,109079.99999999999,1.0,8.6,10.0,1539.1562781598545,0.01
312,4.05866813659668,0.8186141304347826,0.8149637734015623,0.21966533409873665,0.29082583774734716,0.6546898711826452,0.5173753936480125,109080.0,109080.0,1.0,8.6,10.0,1539.1562781598543,0.01
313,4.299839973449707,0.8006114130434783,0.7940351888195979,0.21966533409873668,0.29082583774734716,0.6546898711826452,0.5112274815130804,109079.99999999999,109079.99999999999,1.0,8.6,10.0,1539.1562781598545,0.01
314,5.034666061401367,0.78125,0.7759598684978433,0.21966533409873665,0.29082583774734716,0.6546898711826452,0.5143964953793535,109080.0,109080.0,1.0,8.6,10.0,1539.1562781598545,0.01
315,5.208896636962891,0.798913043478261,0.7946441004352128,0.21966533409873668,0.29082583774734716,0.6546898711826452,0.5124817550247199,109079.99999999999,109079.99999999999,1.0,8.6,10.0,1539.1562781598543,0.01
316,5.097955226898193,0.7921195652173914,0.7879444302501828,0.21966533409873668,0.2908258377473472,0.6546898711826452,0.5128316675617852,109080.0,109080.0,1.0,8.6,10.0,1539.1562781598543,0.01
317,5.056241512298584,0.7951766304347826,0.7905894507940071,0.21966533409873665,0.29082583774734716,0.6546898711826452,0.5221785326063698,109079.99999999999,109079.99999999999,1.0,8.6,10.0,1539.1562781598545,0.01
318,4.879864692687988,0.7951766304347826,0.7907616252287459,0.21966533409873665,0.29082583774734716,0.6546898711826452,0.5259308667125847,109079.99999999999,109079.99999999999,1.0,8.6,10.0,1539.1562781598543,0.01
319,5.141932487487793,0.7897418478260869,0.7854614104130806,0.21966533409873665,0.29082583774734716,0.6546898711826452,0.5135192966759531,109080.0,109080.0,1.0,8.6,10.0,1539.1562781598543,0.01
320,5.6949381828308105,0.7717391304347826,0.7640648142372105,0.21966533409873665,0.2908258377473472,0.6546898711826452,0.5133775646136557,109079.99999999999,109079.99999999999,1.0,8.6,10.0,1539.1562781598543,0.01
321,5.590548992156982,0.7758152173913043,0.7701604935630683,0.21966533409873665,0.29082583774734716,0.6546898711826452,0.5202793058360622,109079.99999999999,109079.99999999999,1.0,8.6,10.0,1539.1562781598543,0.01
322,5.362546920776367,0.8138586956521738,0.8097368945432444,0.21966533409873665,0.29082583774734716,0.6546898711826452,0.5018025121050639,109079.99999999999,109079.99999999999,1.0,8.6,10.0,1539.1562781598543,0.01
323,5.878968715667725,0.7927989130434783,0.7889548194610848,0.21966533409873665,0.29082583774734716,0.6546898711826452,0.5155395325820517,109079.99999999997,109079.99999999997,1.0,8.6,10.0,1539.1562781598543,0.01
324,6.052128314971924,0.7965353260869565,0.7925155077176234,0.21966533409873665,0.2908258377473472,0.6546898711826452,0.5125375559656871,109079.99999999999,109079.99999999999,1.0,8.6,10.0,1539.1562781598545,0.01
325,6.279064655303955,0.7982336956521738,0.7948960448603459,0.21966533409873668,0.2908258377473472,0.6546898711826452,0.512461371500941,109080.0,109080.0,1.0,8.6,10.0,1539.1562781598543,0.01
326,6.461799621582031,0.7873641304347826,0.7803296158108847,0.21966533409873665,0.29082583774734716,0.6546898711826452,0.5227775630157064,109079.99999999999,109079.99999999999,1.0,8.6,10.0,1539.1562781598543,0.01
327,6.320252418518066,0.7815896739130435,0.773981676356026,0.21966533409873668,0.29082583774734716,0.6546898711826452,0.5063265996607135,109079.99999999999,109079.99999999999,1.0,8.6,10.0,1539.1562781598545,0.01
328,5.594793796539307,0.8009510869565217,0.7973871027734234,0.21966533409873665,0.29082583774734716,0.6546898711826452,0.5176737232618156,109080.0,109080.0,1.0,8.6,10.0,1539.1562781598543,0.01
329,5.577857971191406,0.8023097826086957,0.7987219535629961,0.21966533409873668,0.29082583774734716,0.6546898711826452,0.5215290011078022,109080.0,109080.0,1.0,8.6,10.0,1539.1562781598543,0.01
330,4.753197193145752,0.8305027173913043,0.8276195131049534,0.21966533409873665,0.29082583774734716,0.6546898711826452,0.5127782131240209,109079.99999999997,109079.99999999997,1.0,8.6,10.0,1539.1562781598545,0.01
331,4.820563793182373,0.8023097826086957,0.7989390470819916,0.21966533409873665,0.29082583774734716,0.6546898711826452,0.5178223451735275,109079.99999999999,109079.99999999999,1.0,8.6,10.0,1539.1562781598543,0.01
332,4.823030948638916,0.7873641304347826,0.780850574785527,0.21966533409873665,0.29082583774734716,0.6546898711826452,0.527469876898256,109079.99999999999,109079.99999999999,1.0,8.6,10.0,1539.1562781598543,0.01
333,5.011948585510254,0.7904211956521738,0.7880194632678944,0.21966533409873665,0.29082583774734716,0.6546898711826452,0.5165096881340325,109080.0,109080.0,1.0,8.6,10.0,1539.1562781598543,0.01
334,4.280882835388184,0.8189538043478262,0.8165330255386625,0.21966533409873665,0.2908258377473472,0.6546898711826452,0.5216106357006306,109079.99999999999,109079.99999999999,1.0,8.6,10.0,1539.1562781598545,0.01
335,4.06037712097168,0.8257472826086957,0.824347515574511,0.21966533409873665,0.29082583774734716,0.6546898711826452,0.5192365889580388,109080.0,109080.0,1.0,8.6,10.0,1539.1562781598545,0.01
336,4.0192179679870605,0.8335597826086957,0.8325273561265822,0.21966533409873668,0.29082583774734716,0.6546898711826452,0.5267803927111289,109079.99999999999,109079.99999999999,1.0,8.6,10.0,1539.1562781598543,0.01
337,4.119243144989014,0.8213315217391305,0.8191112412537688,0.21966533409873665,0.29082583774734716,0.6546898711826452,0.5245731430162672,109079.99999999999,109079.99999999999,1.0,8.6,10.0,1539.1562781598545,0.01
338,3.7501440048217773,0.8230298913043478,0.8206391047395074,0.21966533409873665,0.29082583774734716,0.6546898711826452,0.519504277568647,109080.0,109080.0,1.0,8.6,10.0,1539.1562781598545,0.01
339,4.454073905944824,0.7944972826086957,0.7916087064287153,0.21966533409873665,0.29082583774734716,0.6546898711826452,0.516059758516598,109080.0,109080.0,1.0,8.6,10.0,1539.1562781598543,0.01
340,4.470731258392334,0.806725543478261,0.803582840342222,0.21966533409873668,0.29082583774734716,0.6546898711826452,0.5283645003936756,109080.0,109080.0,1.0,8.6,10.0,1539.1562781598543,0.01
341,4.720022201538086,0.818274456521739,0.8143020595336163,0.21966533409873665,0.29082583774734716,0.6546898711826452,0.5211344085658076,109080.0,109080.0,1.0,8.6,10.0,1539.1562781598543,0.01
342,4.409578800201416,0.8335597826086957,0.8298784407576789,0.21966533409873668,0.29082583774734716,0.6546898711826452,0.512709836348875,109080.0,109080.0,1.0,8.6,10.0,1539.1562781598543,0.01
343,4.155331611633301,0.8372961956521738,0.8336379899829837,0.21966533409873665,0.2908258377473472,0.6546898711826452,0.5143696139115633,109080.0,109080.0,1.0,8.6,10.0,1539.1562781598543,0.01
344,4.073750019073486,0.8396739130434783,0.8366514168006188,0.21966533409873665,0.29082583774734716,0.6546898711826452,0.5138110514239725,109079.99999999999,109079.99999999999,1.0,8.6,10.0,1539.1562781598545,0.01
345,4.2875261306762695,0.8220108695652174,0.8182823311575667,0.21966533409873665,0.29082583774734716,0.6546898711826452,0.5225911508511926,109079.99999999999,109079.99999999999,1.0,8.6,10.0,1539.1562781598543,0.01
346,4.5600457191467285,0.828125,0.823995448800901,0.21966533409873668,0.29082583774734716,0.6546898711826452,0.5169976354618196,109079.99999999999,109079.99999999999,1.0,8.6,10.0,1539.1562781598543,0.01
347,4.301997184753418,0.8345788043478262,0.8310065546921125,0.21966533409873668,0.29082583774734716,0.6546898711826452,0.5223184901171072,109079.99999999999,109079.99999999999,1.0,8.6,10.0,1539.1562781598545,0.01
348,4.203589916229248,0.8172554347826086,0.8144029214061443,0.21966533409873665,0.29082583774734716,0.6546898711826452,0.5233346904193226,109080.0,109080.0,1.0,8.6,10.0,1539.1562781598543,0.01
349,3.940558433532715,0.8288043478260869,0.8256896573523901,0.21966533409873665,0.29082583774734716,0.6546898711826452,0.5294297493515906,109079.99999999999,109079.99999999999,1.0,8.6,10.0,1539.1562781598543,0.01
350,4.549406051635742,0.8002717391304349,0.795983920613987,0.21966533409873665,0.29082583774734716,0.6546898711826452,0.5204454924712634,109079.99999999999,109079.99999999999,1.0,8.6,10.0,1539.1562781598543,0.01
351,4.08251953125,0.8237092391304349,0.8217750578730333,0.21966533409873665,0.29082583774734716,0.6546898711826452,0.5200560027419289,109079.99999999999,109079.99999999999,1.0,8.6,10.0,1539.1562781598543,0.01
352,4.111349582672119,0.8152173913043478,0.8140724023654782,0.21966533409873668,0.29082583774734716,0.6546898711826452,0.5149077107325212,109079.99999999999,109079.99999999999,1.0,8.6,10.0,1539.1562781598545,0.01
353,3.9026989936828613,0.8274456521739131,0.8249747313307458,0.21966533409873665,0.29082583774734716,0.6546898711826452,0.5162568614778633,109080.0,109080.0,1.0,8.6,10.0,1539.1562781598543,0.01
354,4.499720096588135,0.8019701086956522,0.7959384942414733,0.21966533409873665,0.29082583774734716,0.6546898711826452,0.5194763944639345,109080.0,109080.0,1.0,8.6,10.0,1539.1562781598543,0.01
355,3.968925952911377,0.8308423913043478,0.8277379621231812,0.21966533409873668,0.29082583774734716,0.6546898711826452,0.511964218563302,109080.0,109080.0,1.0,8.6,10.0,1539.1562781598545,0.01
356,3.8434858322143555,0.8264266304347826,0.8226025425682337,0.21966533409873665,0.29082583774734716,0.6546898711826452,0.5206686603685717,109079.99999999999,109079.99999999999,1.0,8.6,10.0,1539.1562781598543,0.01
357,3.4038476943969727,0.8427309782608695,0.8403551708432263,0.21966533409873665,0.29082583774734716,0.6546898711826452,0.5171071563374101,109079.99999999999,109079.99999999999,1.0,8.6,10.0,1539.1562781598545,0.01
358,3.618558168411255,0.8546195652173914,0.851910364225762,0.21966533409873665,0.29082583774734716,0.6546898711826452,0.5189004900730473,109080.0,109080.0,1.0,8.6,10.0,1539.1562781598545,0.01
359,3.5193850994110107,0.8627717391304349,0.8608781130698737,0.21966533409873665,0.29082583774734716,0.6546898711826452,0.5221550162715414,109079.99999999999,109079.99999999999,1.0,8.6,10.0,1539.1562781598545,0.01
360,3.3828485012054443,0.8502038043478262,0.8483795316893041,0.21966533409873668,0.29082583774734716,0.6546898711826452,0.5218094493281725,109079.99999999999,109079.99999999999,1.0,8.6,10.0,1539.1562781598545,0.01
361,3.121567726135254,0.8502038043478262,0.8484705940873264,0.21966533409873665,0.29082583774734716,0.6546898711826452,0.5213639008467035,109079.99999999999,109079.99999999999,1.0,8.6,10.0,1539.1562781598545,0.01
362,3.468337297439575,0.8342391304347826,0.8325022342150659,0.21966533409873665,0.29082583774734716,0.6546898711826452,0.5202501852377455,109079.99999999999,109079.99999999999,1.0,8.6,10.0,1539.1562781598545,0.01
363,3.6112608909606934,0.830163043478261,0.8290237563960916,0.21966533409873665,0.29082583774734716,0.6546898711826452,0.5194268973789484,109079.99999999999,109079.99999999999,1.0,8.6,10.0,1539.1562781598545,0.01
364,3.6262242794036865,0.8233695652173914,0.8196748624567536,0.21966533409873665,0.29082583774734716,0.6546898711826452,0.5211197868459763,109080.0,109080.0,1.0,8.6,10.0,1539.1562781598545,0.01
365,3.247572183609009,0.8498641304347826,0.8473087775312681,0.21966533409873665,0.29082583774734716,0.6546898711826452,0.5208156071562762,109079.99999999999,109079.99999999999,1.0,8.6,10.0,1539.1562781598545,0.01
366,3.291851043701172,0.8318614130434783,0.8294812925455922,0.21966533409873665,0.2908258377473472,0.6546898711826452,0.5148205310917005,109079.99999999999,109079.99999999999,1.0,8.6,10.0,1539.1562781598543,0.01
367,4.140440940856934,0.8165760869565217,0.8137455653502315,0.21966533409873665,0.29082583774734716,0.6546898711826452,0.5208640541228687,109080.0,109080.0,1.0,8.6,10.0,1539.1562781598543,0.01
368,3.442185401916504,0.8355978260869565,0.8349312763713398,0.21966533409873665,0.29082583774734716,0.6546898711826452,0.5220575453277769,109080.0,109080.0,1.0,8.6,10.0,1539.1562781598543,0.01
369,3.7961580753326416,0.8315217391304349,0.8306296964650729,0.21966533409873668,0.29082583774734716,0.6546898711826452,0.5201219189283767,109079.99999999999,109079.99999999999,1.0,8.6,10.0,1539.1562781598545,0.01
370,3.615260601043701,0.8383152173913043,0.8362569702042643,0.21966533409873665,0.29082583774734716,0.6546898711826452,0.5223609769435131,109080.0,109080.0,1.0,8.6,10.0,1539.1562781598545,0.01
371,3.5694875717163086,0.8481657608695651,0.8451898295943177,0.21966533409873668,0.29082583774734716,0.6546898711826452,0.50144074732383,109080.0,109080.0,1.0,8.6,10.0,1539.1562781598543,0.01
372,3.8012053966522217,0.830163043478261,0.8273152249054667,0.21966533409873668,0.29082583774734716,0.6546898711826452,0.5095249790621271,109080.0,109080.0,1.0,8.6,10.0,1539.1562781598543,0.01
373,4.000098705291748,0.826086956521739,0.8229101241685856,0.21966533409873668,0.29082583774734716,0.6546898711826452,0.5233234549113535,109079.99999999999,109079.99999999999,1.0,8.6,10.0,1539.1562781598543,0.01
374,4.230493068695068,0.8189538043478262,0.8166581997622798,0.21966533409873668,0.29082583774734716,0.6546898711826452,0.5139243979578569,109079.99999999999,109079.99999999999,1.0,8.6,10.0,1539.1562781598545,0.01
375,4.151848793029785,0.8383152173913043,0.8371072117518934,0.21966533409873668,0.29082583774734716,0.6546898711826452,0.5193756874549376,109080.0,109080.0,1.0,8.6,10.0,1539.1888798328687,0.01
376,4.89963960647583,0.8111413043478262,0.8076494758305502,0.21966533409873665,0.2908258377473472,0.6546898711826452,0.5235183294436877,109079.99999999999,109079.99999999999,1.0,8.6,10.0,1539.1888798328685,0.01
377,4.598073959350586,0.8186141304347826,0.8162497748412778,0.21966533409873665,0.29082583774734716,0.6546898711826452,0.5249334573421436,109079.99999999997,109079.99999999997,1.0,8.6,10.0,1539.1888798328685,0.01
378,4.276597023010254,0.8328804347826086,0.8268257818850487,0.21966533409873665,0.29082583774734716,0.6546898711826452,0.5108330193684072,109080.0,109080.0,1.0,8.6,10.0,1539.1888798328685,0.01
379,4.715115070343018,0.8131793478260869,0.8055858401268795,0.21966533409873668,0.29082583774734716,0.6546898711826452,0.5237123800828745,109079.99999999999,109079.99999999999,1.0,8.6,10.0,1539.1888798328687,0.01
380,4.448435306549072,0.8440896739130435,0.8393418205327469,0.21966533409873668,0.29082583774734716,0.6546898711826452,0.5195611059925112,109079.99999999999,109079.99999999999,1.0,8.6,10.0,1539.1888798328687,0.01
381,4.559733867645264,0.8294836956521738,0.8262572290633154,0.21966533409873665,0.29082583774734716,0.6546898711826452,0.5048308975029823,109079.99999999999,109079.99999999999,1.0,8.6,10.0,1539.1888798328685,0.01
382,4.881784915924072,0.8250679347826086,0.820595469278226,0.21966533409873665,0.29082583774734716,0.6546898711826452,0.5183878289343093,109079.99999999999,109079.99999999999,1.0,8.6,10.0,1539.1888798328685,0.01
383,5.07696008682251,0.8226902173913043,0.8167172932475139,0.21966533409873665,0.29082583774734716,0.6546898711826452,0.5085105952098398,109079.99999999999,109079.99999999999,1.0,8.6,10.0,1539.2341056217695,0.01
384,5.284336566925049,0.8152173913043478,0.8078646242784704,0.21966533409873668,0.29082583774734716,0.6546898711826452,0.5123619252047679,109079.99999999999,109079.99999999999,1.0,8.6,10.0,1539.2341056217695,0.01
385,4.880720138549805,0.8213315217391305,0.8168042341078706,0.21966533409873665,0.29082583774734716,0.6546898711826452,0.5156315304379469,109079.99999999999,109079.99999999999,1.0,8.6,10.0,1539.2341056217695,0.01
386,5.310983180999756,0.7938179347826086,0.7908277457796111,0.21966533409873668,0.29082583774734716,0.6546898711826452,0.5173446906404215,109079.99999999999,109079.99999999999,1.0,8.6,10.0,1539.2341056217695,0.01
387,5.341325759887695,0.7924592391304349,0.7845103360080526,0.21966533409873665,0.29082583774734716,0.6546898711826452,0.5242199298476757,109079.99999999999,109079.99999999999,1.0,8.6,10.0,1539.2341056217695,0.01
388,5.678107261657715,0.7836277173913043,0.7787803895331895,0.21966533409873662,0.29082583774734716,0.6546898711826452,0.5166294368488614,109080.0,109080.0,1.0,8.6,10.0,1539.2341056217695,0.01
389,5.717873573303223,0.7761548913043478,0.7723733589475179,0.21966533409873668,0.29082583774734716,0.6546898711826452,0.5135686250000187,109079.99999999999,109079.99999999999,1.0,8.6,10.0,1539.2341056217695,0.01
390,6.333752632141113,0.7472826086956522,0.7396959081640806,0.21966533409873665,0.29082583774734716,0.6546898711826452,0.5204779537185881,109080.0,109080.0,1.0,8.6,10.0,1539.2341056217697,0.01
391,5.550080299377441,0.7978940217391305,0.7915501714946991,0.21966533409873668,0.29082583774734716,0.6546898711826452,0.5137370064027681,109080.0,109080.0,1.0,8.6,10.0,1539.2341056217695,0.01
392,5.642477035522461,0.8046875,0.7987313063920378,0.21966533409873665,0.29082583774734716,0.6546898711826452,0.5245876858361528,109080.0,109080.0,1.0,8.6,10.0,1539.2341056217695,0.01
393,5.545876979827881,0.8046875,0.7972666543096083,0.21966533409873665,0.29082583774734716,0.6546898711826452,0.5257185769872386,109080.0,109080.0,1.0,8.6,10.0,1539.2341056217695,0.01
394,4.996945381164551,0.8206521739130435,0.8153833839847091,0.21966533409873668,0.29082583774734716,0.6546898711826452,0.5220197105822807,109079.99999999999,109079.99999999999,1.0,8.6,10.0,1539.2341056217697,0.01
395,4.820761680603027,0.8315217391304349,0.8280813295216942,0.21966533409873665,0.29082583774734716,0.6546898711826452,0.5194190914729475,109079.99999999999,109079.99999999999,1.0,8.6,10.0,1539.2341056217695,0.01
396,5.396767616271973,0.8138586956521738,0.8096646432234064,0.21966533409873668,0.29082583774734716,0.6546898711826452,0.5232187194001817,109079.99999999999,109079.99999999999,1.0,8.6,10.0,1539.2341056217695,0.01
397,5.242768287658691,0.8111413043478262,0.806085347438529,0.21966533409873668,0.29082583774734716,0.6546898711826452,0.5164883933531706,109079.99999999999,109079.99999999999,1.0,8.6,10.0,1539.2341056217695,0.01
398,5.4331374168396,0.7931385869565217,0.7882160672825697,0.21966533409873665,0.29082583774734716,0.6546898711826452,0.5227306872379274,109079.99999999999,109079.99999999999,1.0,8.6,10.0,1539.2341056217697,0.01
399,5.341872692108154,0.8057065217391305,0.8035419839637777,0.21966533409873665,0.29082583774734716,0.6546898711826452,0.5203787578397528,109079.99999999999,109079.99999999999,1.0,8.6,10.0,1539.2341056217695,0.01
400,5.207530498504639,0.8175951086956522,0.8146799859835281,0.21966533409873665,0.29082583774734716,0.6546898711826452,0.5193924958026189,109080.0,109080.0,1.0,8.6,10.0,1539.2341056217695,0.01
401,4.64512300491333,0.8349184782608695,0.8308509704727006,0.21966533409873668,0.29082583774734716,0.6546898711826452,0.5207568681733004,109079.99999999999,109079.99999999999,1.0,8.6,10.0,1539.2438393676891,0.01
402,4.979921340942383,0.8155570652173914,0.8108524095282077,0.21966533409873665,0.29082583774734716,0.6546898711826452,0.5281456656048684,109080.0,109080.0,1.0,8.6,10.0,1539.2438393676891,0.01
403,4.880315780639648,0.8243885869565217,0.8195656540612201,0.21966533409873665,0.29082583774734716,0.6546898711826452,0.5052346305048115,109080.0,109080.0,1.0,8.6,10.0,1539.243839367689,0.01
404,5.146728992462158,0.8220108695652174,0.8168120228824455,0.21966533409873668,0.29082583774734716,0.6546898711826452,0.5212938347111848,109080.0,109080.0,1.0,8.6,10.0,1539.243839367689,0.01
405,4.7139692306518555,0.8277853260869565,0.8240159934985143,0.21966533409873665,0.29082583774734716,0.6546898711826452,0.5139943739729685,109079.99999999999,109079.99999999999,1.0,8.6,10.0,1539.243839367689,0.01
406,4.907369613647461,0.8284646739130435,0.8249937481429734,0.21966533409873665,0.29082583774734716,0.6546898711826452,0.516876863998739,109080.0,109080.0,1.0,8.6,10.0,1539.2438393676891,0.01
407,5.078906536102295,0.814538043478261,0.8118780943390934,0.21966533409873665,0.29082583774734716,0.6546898711826452,0.5135701840279281,109079.99999999997,109079.99999999997,1.0,8.6,10.0,1539.2438393676891,0.01
408,5.149359703063965,0.8084239130434783,0.8057432777199304,0.21966533409873665,0.29082583774734716,0.6546898711826452,0.5235664158637946,109079.99999999999,109079.99999999999,1.0,8.6,10.0,1539.2438393676891,0.01
409,5.188326358795166,0.8206521739130435,0.8172939768534514,0.21966533409873665,0.29082583774734716,0.6546898711826452,0.521786962486844,109080.0,109080.0,1.0,8.6,10.0,1539.2438393676891,0.01
410,5.279294490814209,0.8135190217391305,0.8086738755963944,0.21966533409873665,0.29082583774734716,0.6546898711826452,0.524683214699742,109079.99999999999,109079.99999999999,1.0,8.6,10.0,1539.1077528861197,0.01
411,4.646552562713623,0.8158967391304349,0.8139320398186646,0.21966533409873665,0.2908258377473472,0.6546898711826452,0.5143559158691513,109079.99999999999,109079.99999999999,1.0,8.6,10.0,1539.1924449767073,0.01
412,4.91165828704834,0.828125,0.8246117781089273,0.21966533409873668,0.29082583774734716,0.6546898711826452,0.5187615506083454,109079.99999999999,109079.99999999999,1.0,8.6,10.0,1539.2202860403634,0.01
413,4.83611536026001,0.8165760869565217,0.8122956323504799,0.21966533409873665,0.29082583774734716,0.6546898711826452,0.5149355550520568,109080.0,109080.0,1.0,8.6,10.0,1539.2202860403631,0.01
414,5.335275650024414,0.7972146739130435,0.7900301021263557,0.21966533409873668,0.29082583774734716,0.6546898711826452,0.5202582971445237,109079.99999999999,109079.99999999999,1.0,8.6,10.0,1539.2202860403634,0.01
415,5.248312950134277,0.8009510869565217,0.795885539165872,0.21966533409873665,0.29082583774734716,0.6546898711826452,0.5187155187000257,109080.0,109080.0,1.0,8.6,10.0,1539.2202860403634,0.01
416,5.2617058753967285,0.8050271739130435,0.8004178098362739,0.21966533409873668,0.29082583774734716,0.6546898711826452,0.5212118926907,109079.99999999999,109079.99999999999,1.0,8.6,10.0,1539.2202860403634,0.01
417,5.831530570983887,0.775475543478261,0.7716794919471764,0.21966533409873665,0.29082583774734716,0.6546898711826452,0.5279988414639357,109079.99999999999,109079.99999999999,1.0,8.6,10.0,1539.2655118292641,0.01
418,6.292810440063477,0.7778532608695651,0.7734489106475214,0.21966533409873665,0.2908258377473472,0.6546898711826452,0.5266839833007932,109079.99999999999,109079.99999999999,1.0,8.6,10.0,1539.2800274372619,0.01
419,5.4851908683776855,0.7887228260869565,0.7865151818846856,0.21966533409873665,0.29082583774734716,0.6546898711826452,0.5149965846305055,109079.99999999999,109079.99999999999,1.0,8.6,10.0,1539.280027437262,0.01
420,5.333944320678711,0.7975543478260869,0.7946397933807394,0.21966533409873668,0.29082583774734716,0.6546898711826452,0.5202409248876104,109079.99999999999,109079.99999999999,1.0,8.6,10.0,1539.2800274372619,0.01
421,5.073172092437744,0.8111413043478262,0.8089993186789035,0.21966533409873665,0.29082583774734716,0.6546898711826452,0.5110421060088928,109079.99999999999,109079.99999999999,1.0,8.6,10.0,1539.280027437262,0.01
422,5.294360160827637,0.8012907608695651,0.7994234159819943,0.21966533409873665,0.29082583774734716,0.6546898711826452,0.5071392001926704,109079.99999999999,109079.99999999999,1.0,8.6,10.0,1539.280027437262,0.01
423,5.182069301605225,0.8158967391304349,0.813168840315979,0.21966533409873665,0.29082583774734716,0.6546898711826452,0.5214478084584444,109079.99999999999,109079.99999999999,1.0,8.6,10.0,1539.2800274372619,0.01
424,4.955026149749756,0.8128396739130435,0.8110464429789848,0.21966533409873665,0.29082583774734716,0.6546898711826452,0.5099841188294844,109080.0,109080.0,1.0,8.6,10.0,1539.2800274372619,0.01
425,4.80019474029541,0.8192934782608695,0.8170368473324934,0.21966533409873662,0.29082583774734716,0.6546898711826452,0.5098008526746545,109080.0,109080.0,1.0,8.6,10.0,1539.2800274372619,0.01
426,5.111151695251465,0.8189538043478262,0.8171342895495458,0.21966533409873665,0.29082583774734716,0.6546898711826452,0.5089455520302478,109079.99999999999,109079.99999999999,1.0,8.6,10.0,1539.278190139588,0.01
427,5.289560317993164,0.8016304347826086,0.7987895702792477,0.21966533409873665,0.29082583774734716,0.6546898711826452,0.5211542865851239,109079.99999999999,109079.99999999999,1.0,8.6,10.0,1539.2792846546859,0.01
428,5.010443210601807,0.8084239130434783,0.8067776753978871,0.21966533409873665,0.2908258377473472,0.6546898711826452,0.5176879575514559,109079.99999999999,109079.99999999999,1.0,8.6,10.0,1539.279454676449,0.01
429,5.542287826538086,0.8053668478260869,0.802100361107853,0.21966533409873665,0.29082583774734716,0.6546898711826452,0.5148851643838355,109080.0,109080.0,1.0,8.6,10.0,1539.2794546764487,0.01
430,5.120888710021973,0.8196331521739131,0.8175815976156009,0.21966533409873668,0.29082583774734716,0.6546898711826452,0.5210859149013432,109079.99999999999,109079.99999999999,1.0,8.6,10.0,1539.2794546764485,0.01
431,5.166378974914551,0.8199728260869565,0.8182670683962572,0.21966533409873662,0.29082583774734716,0.6546898711826452,0.5198642277808391,109080.0,109080.0,1.0,8.6,10.0,1539.2794546764485,0.01
432,5.154660224914551,0.8220108695652174,0.8193288207182099,0.21966533409873668,0.29082583774734716,0.6546898711826452,0.5218200618087013,109079.99999999999,109079.99999999999,1.0,8.6,10.0,1539.2794546764485,0.01
433,5.2356953620910645,0.8206521739130435,0.8184202916818667,0.21966533409873665,0.29082583774734716,0.6546898711826452,0.5184881572689662,109079.99999999999,109079.99999999999,1.0,8.6,10.0,1539.2794546764487,0.01
434,5.371440410614014,0.8128396739130435,0.8098531641646705,0.21966533409873668,0.29082583774734716,0.6546898711826452,0.5106835052030521,109079.99999999999,109079.99999999999,1.0,8.6,10.0,1539.2794546764487,0.01
435,5.588390827178955,0.8186141304347826,0.8150353883334233,0.21966533409873665,0.29082583774734716,0.6546898711826452,0.5191562069059067,109079.99999999999,109079.99999999999,1.0,8.6,10.0,1539.2794546764487,0.01
436,5.551962375640869,0.8050271739130435,0.8021150579365766,0.21966533409873665,0.29082583774734716,0.6546898711826452,0.512883284827441,109079.99999999999,109079.99999999999,1.0,8.6,10.0,1539.279454676449,0.01
437,5.646936416625977,0.8138586956521738,0.8116361393339009,0.21966533409873665,0.29082583774734716,0.6546898711826452,0.5199534665708054,109079.99999999999,109079.99999999999,1.0,8.6,10.0,1539.2794546764487,0.01
438,5.6745452880859375,0.8179347826086957,0.8156729915433122,0.21966533409873665,0.2908258377473472,0.6546898711826452,0.5169788880822968,109079.99999999999,109079.99999999999,1.0,8.6,10.0,1539.2794546764487,0.01
439,5.9880194664001465,0.8057065217391305,0.8026571138500993,0.21966533409873668,0.29082583774734716,0.6546898711826452,0.5294417364034353,109080.0,109080.0,1.0,8.6,10.0,1539.2794546764485,0.01
440,6.10441780090332,0.7846467391304349,0.78011279913009,0.21966533409873665,0.2908258377473472,0.6546898711826452,0.5267002113625586,109079.99999999999,109079.99999999999,1.0,8.6,10.0,1539.2830463861872,0.01
441,5.973581790924072,0.7961956521739131,0.7908868821758107,0.21966533409873665,0.29082583774734716,0.6546898711826452,0.5132722837426847,109080.0,109080.0,1.0,8.6,10.0,1539.2830463861874,0.01
442,5.817178249359131,0.798913043478261,0.7953905244093838,0.21966533409873665,0.29082583774734716,0.6546898711826452,0.513759146188107,109079.99999999999,109079.99999999999,1.0,8.6,10.0,1539.2830463861874,0.01
443,5.880663871765137,0.8125,0.8108223573128209,0.21966533409873668,0.29082583774734716,0.6546898711826452,0.5124964227614128,109080.0,109080.0,1.0,8.6,10.0,1539.2830463861874,0.01
444,5.788248062133789,0.7999320652173914,0.7985622333210385,0.21966533409873665,0.29082583774734716,0.6546898711826452,0.5250428422750406,109079.99999999999,109079.99999999999,1.0,8.6,10.0,1539.2830463861876,0.01
445,5.924635887145996,0.8094429347826086,0.8067592462494102,0.21966533409873665,0.29082583774734716,0.6546898711826452,0.5229749214532455,109080.0,109080.0,1.0,8.6,10.0,1539.2866380959263,0.01
446,5.863160133361816,0.8023097826086957,0.7991641884787833,0.21966533409873665,0.29082583774734716,0.6546898711826452,0.5213151874428086,109080.0,109080.0,1.0,8.6,10.0,1539.2866380959263,0.01
447,5.708673000335693,0.8148777173913043,0.8123033630610189,0.21966533409873668,0.29082583774734716,0.6546898711826452,0.518314032773847,109080.0,109080.0,1.0,8.6,10.0,1539.2866380959263,0.01
448,6.011323928833008,0.8114809782608695,0.8089917185954203,0.21966533409873668,0.29082583774734716,0.6546898711826452,0.5159397658053887,109079.99999999999,109079.99999999999,1.0,8.6,10.0,1539.286638095926,0.01
449,6.3625874519348145,0.7995923913043478,0.7986285330390234,0.21966533409873665,0.29082583774734716,0.6546898711826452,0.5272721228908274,109079.99999999999,109079.99999999999,1.0,8.6,10.0,1539.2866380959263,0.01
450,5.601162910461426,0.798913043478261,0.7952521246513976,0.21966533409873665,0.29082583774734716,0.6546898711826452,0.5207926979586401,109079.99999999999,109079.99999999999,1.0,8.6,10.0,1539.2866380959265,0.01
451,6.026247978210449,0.8247282608695651,0.8216627128841474,0.21966533409873668,0.29082583774734716,0.6546898711826452,0.5214722085180687,109079.99999999999,109079.99999999999,1.0,8.6,10.0,1539.2866380959265,0.01
452,5.234827518463135,0.8192934782608695,0.8179802102696252,0.21966533409873665,0.29082583774734716,0.6546898711826452,0.5132435942240975,109079.99999999999,109079.99999999999,1.0,8.6,10.0,1539.286638095926,0.01
453,5.519722938537598,0.798913043478261,0.7946577810199275,0.21966533409873665,0.29082583774734716,0.6546898711826452,0.5109951306089873,109080.0,109080.0,1.0,8.6,10.0,1539.2866380959263,0.01
454,5.732437610626221,0.8121603260869565,0.8095145710394157,0.21966533409873665,0.29082583774734716,0.6546898711826452,0.5188542655684355,109080.0,109080.0,1.0,8.6,10.0,1539.2866380959263,0.01
455,5.374936580657959,0.8233695652173914,0.8210081701081853,0.21966533409873665,0.29082583774734716,0.6546898711826452,0.5260544817841999,109079.99999999999,109079.99999999999,1.0,8.6,10.0,1539.2866380959263,0.01
456,5.489870548248291,0.8237092391304349,0.8212542258252609,0.21966533409873665,0.29082583774734716,0.6546898711826452,0.5208385697646032,109080.0,109080.0,1.0,8.6,10.0,1539.2866380959263,0.01
457,5.775826454162598,0.8230298913043478,0.8203190656897753,0.21966533409873668,0.29082583774734716,0.6546898711826452,0.5209038171661822,109079.99999999999,109079.99999999999,1.0,8.6,10.0,1539.2866380959265,0.01
458,5.8321404457092285,0.8233695652173914,0.8211891644886754,0.21966533409873668,0.29082583774734716,0.6546898711826452,0.5181716830673363,109079.99999999999,109079.99999999999,1.0,8.6,10.0,1539.286638095926,0.01
459,5.640091419219971,0.8087635869565217,0.8058593272554422,0.21966533409873665,0.29082583774734716,0.6546898711826452,0.5173316722466196,109080.0,109080.0,1.0,8.6,10.0,1539.2866380959263,0.01
460,5.890217304229736,0.8087635869565217,0.8069281123354322,0.21966533409873665,0.29082583774734716,0.6546898711826452,0.5143860167011992,109080.0,109080.0,1.0,8.6,10.0,1539.2866380959263,0.01
461,5.909525394439697,0.8114809782608695,0.8101647200330803,0.21966533409873668,0.29082583774734716,0.6546898711826452,0.5264291137424465,109080.0,109080.0,1.0,8.6,10.0,1539.2869356340111,0.01
462,5.662543773651123,0.8155570652173914,0.8129813108788206,0.21966533409873665,0.29082583774734716,0.6546898711826452,0.515283558521748,109080.0,109080.0,1.0,8.6,10.0,1539.2869356340111,0.01
463,5.721260070800781,0.7978940217391305,0.7959096567170008,0.21966533409873665,0.29082583774734716,0.6546898711826452,0.5172319029568329,109080.0,109080.0,1.0,8.6,10.0,1539.2869356340111,0.01
464,5.9863409996032715,0.7904211956521738,0.7820122583091879,0.21966533409873665,0.29082583774734716,0.6546898711826452,0.5196448746456545,109080.0,109080.0,1.0,8.6,10.0,1539.2869356340113,0.01
465,5.329699516296387,0.8108016304347826,0.8053991825656758,0.21966533409873668,0.29082583774734716,0.6546898711826452,0.5210138181218384,109079.99999999999,109079.99999999999,1.0,8.6,10.0,1539.2869356340111,0.01
466,5.333589553833008,0.8141983695652174,0.8117007908310129,0.21966533409873668,0.29082583774734716,0.6546898711826452,0.5149083259445539,109079.99999999999,109079.99999999999,1.0,8.6,10.0,1539.2869356340113,0.01
467,5.304739952087402,0.8155570652173914,0.8121145355658134,0.21966533409873665,0.29082583774734716,0.6546898711826452,0.5094160030598999,109079.99999999999,109079.99999999999,1.0,8.6,10.0,1539.286935634011,0.01
468,5.343001842498779,0.830163043478261,0.8272741626848295,0.21966533409873665,0.29082583774734716,0.6546898711826452,0.5174658734339236,109079.99999999999,109079.99999999999,1.0,8.6,10.0,1539.286935634011,0.01
469,5.199868202209473,0.8175951086956522,0.8157316003304902,0.21966533409873668,0.29082583774734716,0.6546898711826452,0.5284588380399544,109079.99999999999,109079.99999999999,1.0,8.6,10.0,1539.2869356340111,0.01
470,5.987342357635498,0.8203125,0.8163777388895809,0.21966533409873668,0.29082583774734716,0.6546898711826452,0.5265455196355191,109079.99999999999,109079.99999999999,1.0,8.6,10.0,1539.29052734375,0.01
471,5.466914653778076,0.8247282608695651,0.8222859722603462,0.21966533409873665,0.29082583774734716,0.6546898711826452,0.5267044017506891,109079.99999999997,109079.99999999997,1.0,8.6,10.0,1539.29052734375,0.01
472,5.489315509796143,0.8189538043478262,0.8170121343542754,0.21966533409873665,0.29082583774734716,0.6546898711826452,0.5207801947007371,109080.0,109080.0,1.0,8.6,10.0,1539.29052734375,0.01
473,5.718613624572754,0.822350543478261,0.8205045630721975,0.21966533409873668,0.29082583774734716,0.6546898711826452,0.5171986628279204,109080.0,109080.0,1.0,8.6,10.0,1539.2905273437498,0.01
474,5.843666076660156,0.8165760869565217,0.8144853493990625,0.21966533409873668,0.29082583774734716,0.6546898711826452,0.5162129315899298,109080.0,109080.0,1.0,8.6,10.0,1539.29052734375,0.01
475,5.720808029174805,0.8220108695652174,0.8192526445126275,0.21966533409873665,0.29082583774734716,0.6546898711826452,0.520428154848605,109079.99999999999,109079.99999999999,1.0,8.6,10.0,1539.2905273437502,0.01
476,5.453454971313477,0.8525815217391305,0.8502147097304861,0.21966533409873668,0.29082583774734716,0.6546898711826452,0.520324260742283,109079.99999999999,109079.99999999999,1.0,8.6,10.0,1539.29052734375,0.01
477,5.352395534515381,0.841711956521739,0.8388861688416135,0.21966533409873668,0.29082583774734716,0.6546898711826452,0.5244880098448226,109079.99999999999,109079.99999999999,1.0,8.6,10.0,1539.29052734375,0.01
478,5.803459167480469,0.8274456521739131,0.8240975328733434,0.21966533409873665,0.29082583774734716,0.6546898711826452,0.5222386583864234,109079.99999999999,109079.99999999999,1.0,8.6,10.0,1539.29052734375,0.01
479,6.139902114868164,0.8138586956521738,0.8095118943733121,0.21966533409873665,0.29082583774734716,0.6546898711826452,0.5197103760641988,109079.99999999999,109079.99999999999,1.0,8.6,10.0,1539.29052734375,0.01
480,6.369940280914307,0.8125,0.8106083436316386,0.21966533409873668,0.29082583774734716,0.6546898711826452,0.5284527501616306,109079.99999999999,109079.99999999999,1.0,8.6,10.0,1539.29052734375,0.01
481,6.443647384643555,0.8128396739130435,0.8093797398395081,0.21966533409873665,0.29082583774734716,0.6546898711826452,0.5239426948948965,109079.99999999999,109079.99999999999,1.0,8.6,10.0,1539.29052734375,0.01
482,6.223039150238037,0.8063858695652174,0.8026460216804526,0.21966533409873668,0.29082583774734716,0.6546898711826452,0.5185934150180048,109080.0,109080.0,1.0,8.6,10.0,1539.29052734375,0.01
483,6.218189239501953,0.8046875,0.8029364145191447,0.21966533409873668,0.29082583774734716,0.6546898711826452,0.5225645397770521,109080.0,109080.0,1.0,8.6,10.0,1539.29052734375,0.01
484,5.925239086151123,0.8243885869565217,0.8213188075698868,0.21966533409873665,0.29082583774734716,0.6546898711826452,0.5153535566859199,109080.0,109080.0,1.0,8.6,10.0,1539.29052734375,0.01
485,6.207639217376709,0.8070652173913043,0.8037273691158853,0.21966533409873665,0.29082583774734716,0.6546898711826452,0.5225705770011565,109079.99999999999,109079.99999999999,1.0,8.6,10.0,1539.29052734375,0.01
486,6.421263694763184,0.8196331521739131,0.8156491806310894,0.21966533409873665,0.29082583774734716,0.6546898711826452,0.5259258784069979,109079.99999999999,109079.99999999999,1.0,8.6,10.0,1539.29052734375,0.01
487,6.639275074005127,0.8152173913043478,0.8124080596957293,0.21966533409873665,0.29082583774734716,0.6546898711826452,0.5236857495512874,109080.0,109080.0,1.0,8.6,10.0,1539.29052734375,0.01
488,6.960837364196777,0.8036684782608695,0.8005772700283545,0.21966533409873665,0.29082583774734716,0.6546898711826452,0.5106914524998317,109080.0,109080.0,1.0,8.6,10.0,1539.2905273437498,0.01
489,6.644376277923584,0.8053668478260869,0.8023549912648333,0.21966533409873665,0.29082583774734716,0.6546898711826452,0.5178906915626277,109079.99999999999,109079.99999999999,1.0,8.6,10.0,1539.29052734375,0.01
490,6.87714147567749,0.8097826086956522,0.8067647470833279,0.21966533409873665,0.29082583774734716,0.6546898711826452,0.5178462002949304,109080.0,109080.0,1.0,8.6,10.0,1539.29052734375,0.01
491,7.6826252937316895,0.8080842391304349,0.8037337855650857,0.21966533409873665,0.29082583774734716,0.6546898711826452,0.5231767451802068,109080.0,109080.0,1.0,8.6,10.0,1539.29052734375,0.01
492,7.445388317108154,0.796875,0.7939447025608812,0.21966533409873665,0.2908258377473472,0.6546898711826452,0.5161769417346626,109080.0,109080.0,1.0,8.6,10.0,1539.29052734375,0.01
493,6.70041561126709,0.8158967391304349,0.812801934749999,0.21966533409873665,0.29082583774734716,0.6546898711826452,0.5191337456186914,109079.99999999999,109079.99999999999,1.0,8.6,10.0,1539.29052734375,0.01
494,7.020899772644043,0.8121603260869565,0.8084677793288045,0.21966533409873665,0.29082583774734716,0.6546898711826452,0.5104929409815775,109079.99999999999,109079.99999999999,1.0,8.6,10.0,1539.29052734375,0.01
495,7.284229755401611,0.8152173913043478,0.8108217123801686,0.21966533409873665,0.29082583774734716,0.6546898711826452,0.5210509162408354,109080.0,109080.0,1.0,8.6,10.0,1539.2905273437498,0.01
496,7.080950736999512,0.8230298913043478,0.8196419072182722,0.21966533409873665,0.29082583774734716,0.6546898711826452,0.5227564538588851,109079.99999999999,109079.99999999999,1.0,8.6,10.0,1539.3131402382003,0.01
497,6.655069828033447,0.8359375,0.8326277316053545,0.21966533409873668,0.29082583774734716,0.6546898711826452,0.5112345135964299,109080.0,109080.0,1.0,8.6,10.0,1539.3131402382005,0.01
498,6.533246040344238,0.8359375,0.8329803442480416,0.21966533409873668,0.29082583774734716,0.6546898711826452,0.5187288760425476,109079.99999999999,109079.99999999999,1.0,8.6,10.0,1539.3544767792773,0.01
499,6.206760883331299,0.8254076086956522,0.8225044345745824,0.21966533409873665,0.29082583774734716,0.6546898711826452,0.5188986588354598,109079.99999999999,109079.99999999999,1.0,8.6,10.0,1539.3544767792778,0.01
500,6.02730131149292,0.8403532608695651,0.837566700081443,0.21966533409873665,0.29082583774734716,0.6546898711826452,0.5125476585638277,109080.0,109080.0,1.0,8.6,10.0,1539.3544767792778,0.01
